model,availability,price,barcode
"A23BP1","3296","39.2000","8888021300116"
"A23BP2","1302","60.6000","8888021300574"
"A27BP1","1373","40.8000","8888021300369"
"A544BP1","84","125.0000","8888021700633"
"AB03170","146","56.4000","6009515816834"
"AB03300","43","73.8000","6009515816995"
"AB04170","226","57.8000","6009515816841"
"AB04300","109","75.2000","6009515817008"
"AB04400","43","91.2000","6009515817169"
"AB05170","291","60.6000","6009515816858"
"AB05300","89","76.6000","6009515817015"
"AB06170","908","61.8000","6009515816865"
"AB06300","582","87.4000","6009515817022"
"AB06400","441","94.0000","6009515817183"
"AB06460","180","96.6000","6009515817244"
"AB08170","689","65.8000","6009515816872"
"AB08300","2411","87.4000","6009515817039"
"AB08400","276","105.0000","6009515817190"
"AB08460","380","114.0000","6009515817251"
"AB10170","827","73.8000","6009515816889"
"AB10300","1855","94.0000","6009515817046"
"AB10400","481","114.0000","6009515817206"
"AB10460","629","121.0000","6009515817268"
"AB12170","1008","80.6000","6009515816896"
"AB12300","1757","107.5000","6009515817053"
"AB12400","1361","134.5000","6009515817213"
"AB12460","628","146.5000","6009515817275"
"AB13170","441","87.4000","6009515816902"
"AB13300","724","118.5000","6009515817060"
"AB13400","417","145.5000","6009515817220"
"AB13460","884","160.0000","6009515817282"
"AB14170","315","91.2000","6009515816919"
"AB14300","1488","121.0000","6009515817077"
"AB14400","333","148.0000","6009515817237"
"AB14460","296","164.0000","6009515817299"
"AB16170","653","114.0000","6009515816926"
"AB16300","712","154.5000","6009515817084"
"AB16460","1637","213.5000","6009515817305"
"AB18170","200","127.5000","6009515816933"
"AB18300","995","169.5000","6009515817091"
"AB18460","319","240.5000","6009515817312"
"AB19170","51","141.0000","6009515816940"
"AB19300","556","173.5000","6009515817107"
"AB19300B","149","163.0000","6009515892210"
"AB19460","123","254.0000","6009515817329"
"AB20170","161","141.0000","6009515816957"
"AB20300","242","173.5000","6009515817114"
"AB20460","115","262.0000","6009515817336"
"AB22170","270","154.5000","6009515816964"
"AB22300","167","213.5000","6009515817121"
"AB22300B","512","200.0000","6009515809454"
"AB22300SP","160","195.0000","6009515852757"
"AB22460","1043","302.0000","6009515817343"
"AB24170","135","181.5000","6009515816971"
"AB24300","39","248.5000","6009515817138"
"AB24460","184","347.5000","6009515817350"
"AB25170","87","195.0000","6009515816988"
"AB25300","-7","262.0000","6009515817145"
"AB25460","33","396.0000","6009515817367"
"ABR01040","37","351.5000","6009515823993"
"ABR01040-10","219","80.0000","6009515826741"
"ABR01060","206","351.5000","6009515824006"
"ABR01060-10","35","80.0000","6009515826758"
"ABR01080","111","351.5000","6009515824013"
"ABR01080-10","83","80.0000","6009515826765"
"ABR01100","234","351.5000","6009515824020"
"ABR01100-10","137","80.0000","6009515826772"
"ABR01120","144","351.5000","6009515824037"
"ABR01120-10","184","80.0000","6009515826789"
"ABR01180-10","-8","80.0000","6009515826796"
"ABR01240","262","351.5000","6009515824051"
"ABR01240-10","96","80.0000","6009515826802"
"ABR01400","13","351.5000","6009515824068"
"ABR01400-10","88","80.0000","6009515826819"
"ABR02040","143","637.0000","6009515824075"
"ABR02040-10","334","133.0000","6009515826826"
"ABR02060","289","637.0000","6009515824082"
"ABR02060-10","289","133.0000","6009515826833"
"ABR02080","372","637.0000","6009515824099"
"ABR02080-10","459","133.0000","6009515826840"
"ABR02100","76","637.0000","6009515824105"
"ABR02100-10","133","133.0000","6009515826857"
"ABR02120","327","637.0000","6009515824112"
"ABR02120-10","320","133.0000","6009515826864"
"ABR02150","145","637.0000","6009515836580"
"ABR02180","251","637.0000","6009515824129"
"ABR02180-10","83","133.0000","6009515826871"
"ABR02240","149","637.0000","6009515824136"
"ABR02240-10","292","133.0000","6009515826888"
"ABR02400","187","637.0000","6009515824143"
"ABR02400-10","95","133.0000","6009515826895"
"ABR03040","244","33.8000","6009515804510"
"ABR03040-10","12","150.5000","6009515807757"
"ABR03060","87","31.4000","6009515804503"
"ABR03060-10","90","150.5000","6009515807764"
"ABR03080","281","31.4000","6009515804497"
"ABR03080-10","38","150.5000","6009515807771"
"ABR03100","33","31.4000","6009515811761"
"ABR03100-10","46","150.5000","6009515850005"
"ABR03120","107","31.4000","6009515804480"
"ABR03120-10","72","150.5000","6009515807788"
"ABR03150","1043","31.4000","6009515833565"
"ABR03180","1193","31.4000","6009515833572"
"ABR03240","1186","31.4000","6009515833589"
"ABR03320","1334","31.4000","6009515833596"
"ABR04040","135","69.4000","6009515807146"
"ABR04040-10","41","158.5000","6009515808075"
"ABR04060","216","69.6000","6009515807153"
"ABR04060-10","29","158.5000","6009515808082"
"ABR04080","120","65.2000","6009515807160"
"ABR04080-10","63","158.5000","6009515808099"
"ABR04100","223","65.2000","6009515811853"
"ABR04120","248","65.2000","6009515807177"
"ABR04150","794","69.6000","6009515844745"
"ABR04180","780","69.6000","6009515844752"
"ABR04240","796","69.6000","6009515844769"
"ABR04320","820","69.6000","6009515844776"
"ABR06040","2254","51.6000","6009515804558"
"ABR06040-10","44","166.0000","6009515807795"
"ABR06060","2256","55.0000","6009515804541"
"ABR06060-10","70","166.0000","6009515807801"
"ABR06080","2948","49.4000","6009515804534"
"ABR06080-10","146","166.0000","6009515807818"
"ABR06100","2282","53.6000","6009515811778"
"ABR06100-10","47","166.0000","6009515842390"
"ABR06120","2928","49.4000","6009515804527"
"ABR06120-10","29","166.0000","6009515807825"
"ABR06180","589","49.4000","6009515836139"
"ABR06240","460","49.4000","6009515860370"
"ABR06400","179","53.6000","6009515836153"
"ABR07040","176","70.4000","6009515805241"
"ABR07040-10","93","190.0000","6009515807832"
"ABR07060","189","70.4000","6009515805234"
"ABR07060-10","66","190.0000","6009515807849"
"ABR07080","116","70.4000","6009515805227"
"ABR07080-10","14","190.0000","6009515807856"
"ABR07100","123","70.4000","6009515811785"
"ABR07120","226","70.4000","6009515805210"
"ABR07120-10","131","190.0000","6009515807863"
"ABR07600","3017","18.8000","6009515811723"
"ABR09040","5270","52.2000","6009515804596"
"ABR09040-10","374","186.5000","6009515807870"
"ABR09060","5911","52.2000","6009515804589"
"ABR09060-10","251","186.5000","6009515807887"
"ABR09080","5364","52.2000","6009515804572"
"ABR09080-10","190","186.5000","6009515807894"
"ABR09100","2007","52.2000","6009515811792"
"ABR09100-10","138","186.5000","6009515821647"
"ABR09120","2193","52.2000","6009515804565"
"ABR09120-10","180","186.5000","6009515807900"
"ABR09180","771","52.2000","6009515836177"
"ABR09240","147","52.2000","6009515851675"
"ABR09400","513","52.2000","6009515836191"
"ABR09600","175","52.2000","6009515836207"
"ABR100060","115","312.0000","6009515812898"
"ABR100080","453","312.0000","6009515812904"
"ABR100100","359","312.0000","6009515812911"
"ABR100120","384","312.0000","6009515812928"
"ABR100150","373","312.0000","6009515812935"
"ABR100180","187","312.0000","6009515812942"
"ABR100220","378","312.0000","6009515812959"
"ABR102040","3412","31.0000","6009515813031"
"ABR102040-50","14","1744.5000","6009515895662"
"ABR102060","5236","31.0000","6009515813048"
"ABR102060-50","4","1462.5000","6009515895679"
"ABR102080","4834","31.0000","6009515813055"
"ABR102080-50","3","1428.5000","6009515895686"
"ABR102100","5649","31.0000","6009515813062"
"ABR102100-50","5","1319.0000","6009515895693"
"ABR103060","217","360.0000","6009515813079"
"ABR103060-10","1111","68.0000","6009515865870"
"ABR103080","384","360.0000","6009515813086"
"ABR103080-10","656","68.0000","6009515865887"
"ABR103100","396","360.0000","6009515813093"
"ABR103100-10","886","72.0000","6009515865894"
"ABR103120","439","360.0000","6009515813109"
"ABR103120-10","732","68.0000","6009515865900"
"ABR1031200","120","360.0000","6009515813192"
"ABR1031200-10","2008","68.0000","6009515865917"
"ABR103150","326","360.0000","6009515813116"
"ABR103180","251","360.0000","6009515813123"
"ABR103180-10","1960","68.0000","6009515865924"
"ABR103220","229","360.0000","6009515813130"
"ABR103220-10","1377","68.0000","6009515865931"
"ABR103320","497","360.0000","6009515813147"
"ABR103320-10","773","68.0000","6009515865948"
"ABR103360","212","360.0000","6009515813154"
"ABR103400","154","360.0000","6009515813161"
"ABR103400-10","2075","68.0000","6009515865955"
"ABR103600","403","360.0000","6009515813178"
"ABR103600-10","1131","68.0000","6009515865962"
"ABR103800","35","360.0000","6009515813185"
"ABR103800-10","736","68.0000","6009515865979"
"ABR115GC","-21","32.6000","6009515830106"
"ABR115M-1","1958","14.3000","6009515807351"
"ABR115M-2","9125","14.3000","6009515807368"
"ABR115M-3","3083","18.3000","6009515816353"
"ABR115M-4","982","16.7000","6009515818517"
"ABR115M-5","3482","16.7000","6009675089529"
"ABR115S-1","-3731","14.6000","6009515807320"
"ABR115S-10","159130","9.4000","6009515860448"
"ABR115S-11","3444","13.6000","6009515863418"
"ABR115S-12","6778","14.6000","6009515863425"
"ABR115S-2","70027","12.5000","6009515807337"
"ABR115S-2-10P","67","122.5000","6009515840839"
"ABR115S-2-25P","3479","270.0000","6009515840846"
"ABR115S-3","3228","12.5000","6009515807719"
"ABR115S-4","6940","17.2000","6009515816346"
"ABR115S-5","713","15.0000","6009515817534"
"ABR115S-6","3116","14.5000","6009515817541"
"ABR115S-7","2273","14.5000","6009515817558"
"ABR115S-8","4026","17.2000","6009515817565"
"ABR115S-9","7566","16.7000","6009515818470"
"ABR115SE","81394","10.4000","6009515850098"
"ABR115SM","-3338","22.8000","6009515826987"
"ABR115SP","490499","9.4000","6009515902926"
"ABR115SS-1","8337","14.6000","6009515816384"
"ABR115SS-2","4736","15.4000","6009515816391"
"ABR115SS-3","578","17.7000","6009515818425"
"ABR115SS-4","1856","16.7000","6009515818487"
"ABR12040","205","64.4000","6009515804633"
"ABR12040-10","13","203.5000","6009515807917"
"ABR12060","185","64.4000","6009515804626"
"ABR12060-10","26","203.5000","6009515807924"
"ABR12080","180","64.4000","6009515804619"
"ABR12080-10","76","203.5000","6009515807931"
"ABR12100","113","64.4000","6009515811808"
"ABR12120","143","64.4000","6009515804602"
"ABR12120-10","96","203.5000","6009515807948"
"ABR125M-1","363","26.2000","6009515813628"
"ABR125S-1","4616","26.2000","6009515813604"
"ABR125S-2","1491","26.2000","6009515813611"
"ABR13040","0","101.5000","6009515850159"
"ABR13060","16","88.4000","6009515850166"
"ABR13080","22","79.4000","6009515850173"
"ABR13100","48","79.4000","6009515850180"
"ABR13120","174","79.4000","6009515850197"
"ABR14040","136","89.4000","6009515807108"
"ABR14040-10","54","321.5000","6009515808037"
"ABR14060","211","88.6000","6009515807115"
"ABR14060-10","100","321.5000","6009515808044"
"ABR14080","240","89.4000","6009515807122"
"ABR14080-10","98","306.0000","6009515808051"
"ABR14100","122","70.4000","6009515811860"
"ABR14120","143","70.4000","6009515807139"
"ABR14120-10","14","306.0000","6009515808068"
"ABR15040","585","87.8000","6009515804671"
"ABR15040-10","100","287.5000","6009515807955"
"ABR15060","378","87.8000","6009515804664"
"ABR15060-10","110","287.5000","6009515807962"
"ABR15080","706","87.8000","6009515804657"
"ABR15080-10","71","287.5000","6009515807979"
"ABR15100","436","87.8000","6009515811815"
"ABR15100-10","61","287.5000","6009515821654"
"ABR15120","321","87.8000","6009515804640"
"ABR15120-10","62","287.5000","6009515807986"
"ABR17040","98","146.5000","6009515850104"
"ABR17060","-9","127.5000","6009515850111"
"ABR17080","-12","113.5000","6009515850128"
"ABR17100","17","113.5000","6009515850135"
"ABR17120","70","113.5000","6009515850142"
"ABR18040","7482","72.2000","6009515804718"
"ABR18040-10","1117","322.5000","6009515807993"
"ABR18060","2695","72.2000","6009515804701"
"ABR18060-10","574","322.5000","6009515808006"
"ABR18080","5088","72.2000","6009515804695"
"ABR18080-10","842","322.5000","6009515808013"
"ABR180S","956","34.2000","6009515860486"
"ABR18100","1549","72.2000","6009515811822"
"ABR18100-10","448","322.5000","6009515821661"
"ABR18120","1900","72.2000","6009515804688"
"ABR18120-10","313","322.5000","6009515808020"
"ABR18180","404","74.2000","6009515836214"
"ABR18240","221","74.2000","6009515836221"
"ABR18400","83","74.2000","6009515836238"
"ABR18600","7","74.2000","6009515836245"
"ABR19040","191","108.0000","6009515816209"
"ABR19060","374","108.0000","6009515816216"
"ABR19080","700","108.0000","6009515816223"
"ABR19100","453","108.0000","6009515816230"
"ABR19120","613","108.0000","6009515816247"
"ABR20040","729","62.6000","6009515813390"
"ABR20060","721","62.6000","6009515813406"
"ABR20080","1115","62.6000","6009515813413"
"ABR20100","552","62.6000","6009515813420"
"ABR20120","966","62.6000","6009515813437"
"ABR21060","842","18.8000","6009515804756"
"ABR21080","2380","18.8000","6009515804749"
"ABR21120","914","18.8000","6009515804732"
"ABR21240","1067","18.8000","6009515804725"
"ABR22060","651","21.2000","6009515812300"
"ABR22080","161","21.2000","6009515812317"
"ABR22120","283","21.2000","6009515812324"
"ABR22240","54","21.2000","6009515812331"
"ABR230M-1","581","43.8000","6009515807344"
"ABR230M-2","2756","51.8000","6009515816377"
"ABR230M-3","2062","43.8000","6009515818524"
"ABR230S-1","8106","43.8000","6009515807313"
"ABR230S-10","7578","34.4000","6009515860479"
"ABR230S-2","15608","45.4000","6009515807726"
"ABR230S-3","-1034","46.0000","6009515816360"
"ABR230S-5","-125","43.8000","6009515817589"
"ABR230S-6","4779","48.0000","6009515817596"
"ABR230S-7","2014","44.8000","6009515818494"
"ABR230S-8","15459","47.4000","6009515860455"
"ABR230S-9","8346","47.2000","6009515860462"
"ABR230SM","2222","50.6000","6009515829919"
"ABR230SS-3","716","49.4000","6009515818500"
"ABR24040","453","47.6000","6009515814229"
"ABR24060","1049","47.6000","6009515804794"
"ABR24080","476","47.6000","6009515814236"
"ABR24120","1021","47.6000","6009515804787"
"ABR24180","253","47.6000","6009515804770"
"ABR24240","199","47.6000","6009515804763"
"ABR25040","2868","24.0000","6009515856199"
"ABR25060","5333","24.0000","6009515856205"
"ABR25080","5804","24.0000","6009515835750"
"ABR25120","3381","24.0000","6009515835767"
"ABR25180","2268","24.0000","6009515835774"
"ABR25220","1283","24.0000","6009515835781"
"ABR25400","529","24.0000","6009515835798"
"ABR25600","1145","24.0000","6009515835804"
"ABR26040","422","50.8000","6009515845674"
"ABR26060","259","50.8000","6009515845681"
"ABR26080","239","50.8000","6009515845698"
"ABR26100","188","50.8000","6009515845704"
"ABR26120","53","50.8000","6009515845711"
"ABR27040","383","50.8000","6009515814267"
"ABR27060","474","50.8000","6009515804831"
"ABR27060-1","11882","6.5000","6009515892227"
"ABR27080","1498","50.8000","6009515814274"
"ABR27120","1062","50.8000","6009515804824"
"ABR27180","595","50.8000","6009515804817"
"ABR27240","1232","50.8000","6009515804800"
"ABR28040","378","33.6000","6009515857493"
"ABR28060","167","33.6000","6009515857509"
"ABR28080","255","33.6000","6009515857516"
"ABR28120","14","33.6000","6009515857523"
"ABR28180","292","33.6000","6009515857530"
"ABR30040","1141","59.8000","6009515814243"
"ABR30060","518","59.8000","6009515804879"
"ABR30080","756","59.8000","6009515814250"
"ABR300S","1224","103.0000","6009515808716"
"ABR30120","2438","59.8000","6009515804862"
"ABR30180","600","59.8000","6009515804855"
"ABR30240","1057","59.8000","6009515804848"
"ABR33040","3109","61.8000","6009515814281"
"ABR33060","2352","61.8000","6009515804916"
"ABR33080","585","61.8000","6009515814298"
"ABR33120","2749","61.8000","6009515804909"
"ABR33180","1979","61.8000","6009515804893"
"ABR33240","2449","61.8000","6009515804886"
"ABR35040","676","70.0000","6009515814328"
"ABR35060","-182","70.0000","6009515814335"
"ABR35080","587","70.0000","6009515814342"
"ABR350S","2049","128.5000","6009515808723"
"ABR35120","375","70.0000","6009515814359"
"ABR35180","264","70.0000","6009515814366"
"ABR35240","147","70.0000","6009515814373"
"ABR36040","49","76.6000","6009515814304"
"ABR36060","1446","76.6000","6009515804954"
"ABR36080","1148","76.6000","6009515814311"
"ABR36120","2163","76.6000","6009515804947"
"ABR36180","633","76.6000","6009515804930"
"ABR36240","685","76.6000","6009515804923"
"ABR36320","785","76.6000","6009515850944"
"ABR36400","113","76.6000","6009515850951"
"ABR36600","176","76.6000","6009515850968"
"ABR37060","971","24.8000","6009515865740"
"ABR37080","1576","25.0000","6009515865757"
"ABR37120","477","24.8000","6009515865764"
"ABR37180","865","30.4000","6009515865771"
"ABR39040","140","54.2000","6009515814380"
"ABR39060","68","54.2000","6009515804992"
"ABR39080","248","54.2000","6009515814397"
"ABR39120","4","54.2000","6009515804985"
"ABR39180","156","54.2000","6009515804978"
"ABR39240","178","54.2000","6009515804961"
"ABR40040","494","52.6000","6009515856250"
"ABR40060","533","52.6000","6009515856267"
"ABR40080","360","52.6000","6009515856274"
"ABR400S","-458","212.5000","6009515860363"
"ABR40100","259","49.0000","6009515856281"
"ABR40120","131","49.0000","6009515856298"
"ABR40180","265","49.0000","6009515856304"
"ABR42040","12","63.6000","6009515814403"
"ABR42060","47","64.0000","6009515805036"
"ABR42080","35","63.6000","6009515814410"
"ABR42120","118","63.6000","6009515805029"
"ABR42180","95","63.6000","6009515805012"
"ABR42240","51","63.6000","6009515805005"
"ABR43040","-4","57.4000","6009515850203"
"ABR43060","3","57.4000","6009515850210"
"ABR43080","109","57.4000","6009515850227"
"ABR43100","212","57.4000","6009515850234"
"ABR43120","216","57.4000","6009515850241"
"ABR43180","141","57.4000","6009515850258"
"ABR43220","51","57.4000","6009515850265"
"ABR43240","64","57.4000","6009515850272"
"ABR43320","183","57.4000","6009515850289"
"ABR43400","128","57.4000","6009515850296"
"ABR43600","85","57.4000","6009515850302"
"ABR45080","417","37.6000","6009515805067"
"ABR45120","396","37.6000","6009515805050"
"ABR45180","1199","37.6000","6009515805043"
"ABR46050","836","23.8000","6009515807207"
"ABR46080","1242","23.8000","6009515807191"
"ABR46120","1221","23.8000","6009515827960"
"ABR46150","904","23.8000","6009515807184"
"ABR46180","1402","23.8000","6009515827977"
"ABR48080","147","31.2000","6009515805098"
"ABR48120","413","31.2000","6009515805081"
"ABR48180","279","31.2000","6009515805074"
"ABR49050","460","52.8000","6009515807238"
"ABR49080","821","52.8000","6009515807221"
"ABR49120","215","52.8000","6009515839307"
"ABR49150","363","52.8000","6009515807214"
"ABR51016","643","51.2000","6009515825904"
"ABR51024","330","51.2000","6009515823795"
"ABR51036","814","51.2000","6009515805333"
"ABR51060","1548","51.2000","6009515805340"
"ABR51080","595","51.2000","6009515840778"
"ABR51100","1586","51.2000","6009515805357"
"ABR54016","119","120.0000","6009515825911"
"ABR54024","62","120.0000","6009515823801"
"ABR54036","617","120.0000","6009515805364"
"ABR54060","204","120.0000","6009515805371"
"ABR54080","204","120.0000","6009515840785"
"ABR54100","71","120.0000","6009515805388"
"ABR55016","1628","10.4000","6009515831974"
"ABR55024","1683","10.4000","6009515817886"
"ABR55036","17603","10.4000","6009515817893"
"ABR55060","31791","10.4000","6009515817909"
"ABR55080","9092","10.4000","6009515817916"
"ABR55100","10024","10.4000","6009515829896"
"ABR56016","211","25.0000","6009515831981"
"ABR56024","-76","25.0000","6009515817923"
"ABR56036","1272","25.0000","6009515817930"
"ABR56060","2854","25.0000","6009515817947"
"ABR56080","2899","25.0000","6009515817954"
"ABR56100","738","25.0000","6009515833411"
"ABR57080","2463","4.3000","6009515805517"
"ABR57120","723","4.3000","6009515805524"
"ABR57180","1520","4.3000","6009515805531"
"ABR58080","571","18.5000","6009515850616"
"ABR58080-03","679","63.8000","6009515866068"
"ABR58120","556","18.5000","6009515850623"
"ABR58120-03","475","63.8000","6009515866075"
"ABR58150","246","18.5000","6009515850630"
"ABR58150-03","312","63.8000","6009515866082"
"ABR58180","458","18.5000","6009515850647"
"ABR58180-03","364","63.8000","6009515866099"
"ABR58240","459","18.5000","6009515850654"
"ABR58240-03","503","63.8000","6009515866105"
"ABR58320","355","18.5000","6009515850661"
"ABR58320-03","415","63.8000","6009515866112"
"ABR58400","241","18.5000","6009515850678"
"ABR58400-03","496","63.8000","6009515866129"
"ABR58500","295","18.5000","6009515850685"
"ABR58500-03","540","63.8000","6009515866136"
"ABR60040","369","40.8000","6009515805579"
"ABR60080","339","40.8000","6009515805562"
"ABR60120","219","40.8000","6009515805555"
"ABR63040","165","36.6000","6009515805616"
"ABR63080","177","36.6000","6009515805609"
"ABR63120","223","36.6000","6009515805593"
"ABR63240","535","36.6000","6009515805586"
"ABR70000","1822","77.4000","6009515818432"
"ABR70001","1220","80.4000","6009515818449"
"ABR70007","2595","52.2000","6009515817978"
"ABR70010","-6","185.5000","6009515825003"
"ABR70011","-1","224.5000","6009515825010"
"ABR70012","19","292.0000","6009515825027"
"ABR70013","1732","194.5000","6009515826321"
"ABR70014","1376","130.5000","6009515826338"
"ABR72016","1684","44.2000","6009515806804"
"ABR72024","994","46.2000","6009515821975"
"ABR72036","1345","46.2000","6009515806811"
"ABR72060","595","45.0000","6009515806828"
"ABR75016","3378","101.5000","6009515806835"
"ABR75024","1398","101.5000","6009515821982"
"ABR75036","468","101.5000","6009515806842"
"ABR75060","276","101.5000","6009515806859"
"ABR89040","308","52.6000","6009515823863"
"ABR89060","255","52.6000","6009515823870"
"ABR89100","133","52.6000","6009515823894"
"ABR90040","146","30.6000","6009515807245"
"ABR90080","-1","30.6000","6009515807252"
"ABR90100","421","30.6000","6009515811839"
"ABR91040","461","34.2000","6009515856533"
"ABR91080","405","34.2000","6009515856540"
"ABR91100","420","34.2000","6009515856557"
"ABR91120","-12","34.2000","6009515856564"
"ABR93040","232","34.2000","6009515807276"
"ABR93080","384","34.2000","6009515807283"
"ABR93100","338","34.2000","6009515811846"
"ABR93120","329","34.2000","6009515807290"
"ABR94040","-31","400.5000","6009515821258"
"ABR94060","447","400.5000","6009515824471"
"ABR94080","395","392.5000","6009515821265"
"ABR94100","279","376.0000","6009515824488"
"ABR94120","424","376.0000","6009515821272"
"ABR94150","390","376.0000","6009515821289"
"ABR94180","27","376.0000","6009515821296"
"ABR94220","220","376.0000","6009515824495"
"ABR94240","183","376.0000","6009515821302"
"ABR94320","409","376.0000","6009515821319"
"ABR94400","72","376.0000","6009515821326"
"ABR94500","107","376.0000","6009515821333"
"ABR94600","15","376.0000","6009515824501"
"ABR95040","-3","400.5000","6009515821340"
"ABR95080","592","400.5000","6009515821357"
"ABR95120","15","380.0000","6009515821364"
"ABR95150","47","380.0000","6009515821371"
"ABR95180","67","380.0000","6009515821388"
"ABR95240","46","380.0000","6009515821395"
"ABR95320","65","380.0000","6009515821401"
"ABR95400","350","380.0000","6009515821418"
"ABR95500","83","380.0000","6009515821425"
"ABR960060","9","458.0000","6009515821432"
"ABR960080","331","458.0000","6009515821449"
"ABR960100","343","458.0000","6009515821456"
"ABR960150","394","458.0000","6009515821470"
"ABR960180","7","458.0000","6009515821487"
"ABR960220","231","458.0000","6009515827847"
"ABR960240","361","458.0000","6009515821494"
"ABR960320","137","458.0000","6009515821500"
"ABR960360","338","458.0000","6009515827854"
"ABR960400","422","458.0000","6009515821517"
"ABR960600","112","458.0000","6009515821524"
"ABR960800","280","458.0000","6009515821531"
"ABR961000","142","499.5000","6009515821548"
"ABR961200","179","499.5000","6009515821555"
"ABR961500","60","499.5000","6009515821562"
"ABR962000","354","499.5000","6009515821579"
"ABR962500","309","499.5000","6009515821586"
"ABR97040","231","245.0000","6009515903763"
"ABR97060","219","245.0000","6009515903770"
"ABR97080","160","245.0000","6009515903787"
"ABR97100","251","245.0000","6009515903794"
"ABR97120","244","245.0000","6009515903800"
"ABR97150","194","245.0000","6009515903817"
"ABR97180","197","245.0000","6009515903824"
"ABR97220","196","245.0000","6009515903831"
"ABR97320","188","245.0000","6009515903848"
"ABR98040","231","245.0000","6009515903855"
"ABR98060","213","245.0000","6009515903862"
"ABR98080","190","245.0000","6009515903879"
"ABR98100","199","245.0000","6009515903886"
"ABR98120","199","245.0000","6009515903893"
"ABR98150","194","245.0000","6009515903909"
"ABR98180","224","245.0000","6009515903916"
"ABR98220","215","245.0000","6009515903923"
"ABR98320","199","245.0000","6009515903930"
"ABRF205080","611","463.5000","6009515832025"
"ABRF301060","491","28.2000","6009515832032"
"ABRF301080","814","29.8000","6009515832049"
"ABRF301580","1039","29.8000","6009515832056"
"ABRF302060","2056","32.2000","6009515832063"
"ABRF302080","-25","29.0000","6009515832070"
"ABRF401060","518","25.6000","6009515832087"
"ABRF401080","319","27.6000","6009515832094"
"ABRF4020120","1609","34.6000","6009515898946"
"ABRF402060","2138","30.4000","6009515832100"
"ABRF402080","1607","32.2000","6009515832117"
"ABRF403060","931","50.0000","6009515832124"
"ABRF403080","751","54.6000","6009515832131"
"ABRF502060","531","51.8000","6009515832148"
"ABRF502080","930","52.4000","6009515832155"
"ABRF503060","244","57.2000","6009515832162"
"ABRF503080","661","56.2000","6009515832179"
"ABRF602060","101","54.4000","6009515832186"
"ABRF602080","7","54.4000","6009515832193"
"ABRF603060","1215","64.6000","6009515832209"
"ABRF603080","590","58.8000","6009515832216"
"ABRF604060","176","71.6000","6009515832223"
"ABRF604080","268","71.6000","6009515832230"
"ABRF605060","399","72.0000","6009515832247"
"ABRF605080","612","72.0000","6009515832254"
"ABRF802060","215","77.0000","6009515832261"
"ABRF802080","255","77.0000","6009515832278"
"ABRF802580","266","77.0000","6009515832285"
"ABRF8030120","-23","83.2000","6009515836603"
"ABRF803060","125","83.2000","6009515832292"
"ABRF803080","-26","83.2000","6009515832308"
"ABRF804060","-13","105.0000","6009515832315"
"ABRF804080","-24","83.2000","6009515832322"
"ABRF805060","245","103.5000","6009515832339"
"ABRF805080","522","103.5000","6009515832346"
"ABRG07601","483","20.5000","6009515811730"
"ABRG115-1","7636","30.2000","6009515810122"
"ABRG115-2","4952","42.0000","6009515865610"
"ABRG125-1","1503","40.0000","6009515801465"
"ABRG180","-154","83.6000","6009515865627"
"ABRG230","2358","81.2000","6009515810139"
"ABRN001","115","447.5000","6009515835859"
"ABRN001-5","188","112.5000","6009515862022"
"ABRN002","185","472.5000","6009515835866"
"ABRN002-5","161","119.0000","6009515862039"
"ABRN003","376","497.5000","6009515835873"
"ABRN003-5","373","131.0000","6009515862046"
"ABRN004","124","519.5000","6009515835880"
"ABRN004-5","67","130.0000","6009515862053"
"ABRN005","28","519.5000","6009515835897"
"ABRN005-5","52","130.0000","6009515862060"
"AC CN1500","2","20576.0000","6009515906979"
"AC COMBO001","4","2083.5000",""
"AC COMBO002","2","6933.0000",""
"AC COMBO003","1","6427.5000",""
"AC COMBO004","-2","2778.5000",""
"AC DF200","6","11460.5000","6009515907457"
"AC DF500","0","13662.0000","6009515907464"
"AC DF500E","0","11460.5000","6009515907471"
"AC FS1000","1","14187.5000","6009515907488"
"AC HTC-1","-2","413.0000","6009515880835"
"AC PR100","0","7301.0000",""
"AC SR110","0","23112.5000","6009515907495"
"AC SR210","0","54757.0000",""
"AC ST100A","-1","7099.5000","6009515888237"
"AC ST200","1","15961.0000","6009515888244"
"AC VT63","0","12207.0000","6009515888220"
"AC100-01","0","2171.0000","6009515843816"
"AC100-11","18","1488.0000","6009515892234"
"AC101-006-11","3","1455.5000","6009515859305"
"AC101-006-21","13","1132.5000","6009515892241"
"AC101-008-11","14","1683.0000","6009515845315"
"AC101-008-21","2","1753.5000","6009515813574"
"AC101-012-11","6","2477.0000","6009515845322"
"AC101-012-21","1","2487.5000","6009515892258"
"AC107-006-11","1","4555.0000",""
"AC107-008-11","1","5591.0000",""
"AC111-006-11","11","1560.0000","6009515823481"
"AC111-006-12","103","820.5000","6009515862596"
"AC111-006-16","24","1307.5000","6009515865993"
"AC111-006-17","4","2398.0000","6009515910655"
"AC111-008-11","1","2081.0000","6009515845476"
"AC111-008-12","43","1056.5000","6009515815387"
"AC111-008-16","4","2132.0000","6009515866006"
"AC111-012-11","4","3130.0000","6009515865986"
"AC111-012-12","17","1927.0000","6009515816278"
"AC111-012-16","9","2618.0000","6009515866013"
"AC112-006-12","4","2860.0000","6009515869519"
"AC112-008-12","4","3686.5000","6009515866242"
"AC112-008-12Q","2","4524.5000","6009600404892"
"AC112-008-15","0","2897.0000",""
"AC112-012-12Q","6","6008.0000","6009600405332"
"AC115-006-11","2","2553.5000","6009515892265"
"AC115-008-11","2","3130.0000","6009515892272"
"AC115-012-11","2","4297.5000","6009515892289"
"AC116-006-11","1","3531.0000","6009515892296"
"AC116-008-11","11","3487.5000","6009515887247"
"AC116-012-11","1","6942.5000","6009515887254"
"AC117-006-11","392","288.0000","6009515902704"
"AC118-020-11","0","4757.0000","6009515892302"
"AC118-020-13","8","14570.0000","6009515858872"
"AC118-024-11","13","5435.0000","6009515865849"
"AC119-012-12","4","8046.5000","6009515849221"
"AC119-024-14","2","28144.5000","6009515910662"
"AC119-040-11","2","18542.0000",""
"AC120-006-12","98","698.5000","6009515863838"
"AC120-006-14","15","727.0000","6009515855826"
"AC120-008-12","10","1087.5000","6009515817428"
"AC120-008-14","8","1172.0000","6009515864286"
"AC120-012-12","14","1959.0000","6009515858902"
"AC120-012-14","23","1955.0000","6009515863913"
"AC121-008-14","0","910.5000","6009515817572"
"AC122-012-11","8","2689.0000","6009515860691"
"AC1225","46","652.0000","044295122504"
"AC123-006-13","0","5106.5000","6009515902711"
"AC124-006-14","1","746.5000","6009515859701"
"AC124-008-14","6","1076.0000","6009515859718"
"AC125-005-11","6","893.5000","6009515892319"
"AC126-012-11","3","2891.0000","6009515856922"
"AC126-012-12","3","4284.0000","6009515892326"
"AC126-020-11","6","5398.5000","6009515863920"
"AC126-020-12","2","8186.0000","6009515892333"
"AC126-024-11","1","6376.0000","6009515892340"
"AC126-024-12","3","14662.0000","6009515892357"
"AC126-040-11","1","16986.5000","6009515892364"
"AC126-040-12","1","28312.5000","6009515892371"
"AC127-012-11","1","3221.5000","6009515892388"
"AC127-020-11","8","3262.0000","6009515846992"
"AC127-024-11","9","3673.0000","6009515851644"
"AC127-032-11","2","12046.5000","6009515882273"
"AC127-040-11","5","11487.5000","6009515842772"
"AC127-060-11","2","34249.5000","6009515887261"
"AC127-080-11","1","47303.5000","6009515892395"
"AC128-020-11","0","5868.5000","6009515892401"
"AC128-020-12","2","8171.5000","6009515858148"
"AC128-020-21","1","5416.0000",""
"AC128-040-11","1","15724.5000","6009515892418"
"AC129-020-11","2","10035.5000","6009515876128"
"AC129-020-12","1","10414.0000","6009515892425"
"AC129-040-11","1","20594.0000","6009515892432"
"AC13025","173","745.5000","044295130257"
"AC133-006-11","10","3345.5000","6009515851651"
"AC134-006-11","4","3482.0000","6009515887483"
"AC135-006-11","0","2604.5000","6009515851668"
"AC135-008-11","1","4988.5000","6009515863944"
"AC135-012-11","4","5284.5000","6009515892449"
"AC136-006-11","2","4487.0000","6009515846961"
"AC136-008-11","2","5881.0000","6009515892456"
"AC136-012-11","3","7630.5000","6009515845483"
"AC137-006-11","16","1696.5000","6009515818626"
"AC143-006-11","1","2826.5000","6009515882280"
"AC144-006-11","1","2849.5000","6009515892463"
"AC145-006-11","0","3638.5000","6009515892470"
"AC146-006-11","1","3655.5000","6009515892487"
"AC146-012-11","1","6536.5000","6009515892494"
"AC151-006-11","1","5968.5000","6009515892500"
"AC151-012-11","0","5157.5000","6009515892517"
"AC156-001-11","0","7595.0000","6009515892524"
"AC158-012-11","0","5702.5000",""
"AC1623","419","725.0000","044295162302"
"AC170-320-01","0","1696.5000",""
"AC171-006-11","13","1218.0000","6009515845339"
"AC171-008-11","10","1520.0000","6009515859732"
"AC171-012-11","10","3420.5000","6009515863661"
"AC171-020-11","7","6742.0000","6009515882297"
"AC172-008-11","2","3650.0000","6009515863951"
"AC173-006-11","1","3027.5000","6009515863968"
"AC173-008-11","6","3162.0000","6009515862794"
"AC173-012-11","1","6569.0000","6009515862800"
"AC174-006-11","5","2311.5000","6009515862817"
"AC174-008-11","1","3068.5000","6009515862824"
"AC174-012-11","-1","6711.0000","6009515862831"
"AC177-006-11","15","791.5000","6009515845346"
"AC177-008-11","2","1050.0000","6009515823559"
"AC177-012-11","4","1597.5000","6009515858155"
"AC177-020-11","6","2691.0000","6009515863791"
"AC179-000-00","8","326.5000","6009515860301"
"AC180-000-SC4","1","603.0000","6009515892531"
"AC180-001-CP1","1","441.0000","6009515892548"
"AC181-012-11","11","5430.5000","6009515858803"
"AC181-024-11","2","13714.5000","6009515860707"
"AC181-040-11","0","26397.5000","6009515892555"
"AC182-012-11","2","13510.0000","6009515892562"
"AC182-024-11","3","15026.0000","6009515860745"
"AC185-012-11","7","6919.5000","6009515859749"
"AC185-024-11","1","16688.5000","6009515862848"
"AC186-012-11","9","4913.5000","6009515865603"
"AC186-024-11","1","7973.5000","6009515862855"
"AC190101","34","1228.0000","044295901017"
"AC191-012-11","0","7528.0000",""
"AC192-012-11","0","2837.0000",""
"AC197-006-11","0","4759.0000","6009515916138"
"AC2","289","881.0000","044295002004"
"AC200-01","12","2119.5000","6009515845469"
"AC200-03","0","3437.5000","6009515916121"
"AC200-04","0","3484.5000","6009515911423"
"AC210-010-03","1","4570.5000","6009515898229"
"AC211-010-02","1","5705.0000","6009515845353"
"AC211-010-03","3","6032.0000","6009515892579"
"AC211-010-13","6","2534.5000","6009515892593"
"AC211-025-03","3","5609.0000","6009515884147"
"AC211-025-13","1","4273.5000",""
"AC211-050-01","0","10158.5000","6009515845360"
"AC211-050-03","3","10502.5000","6009515901264"
"AC212-010-02","0","2880.5000","6009515892654"
"AC212-010-03","4","3896.0000","6009515901172"
"AC212-010-11","0","1331.5000","6009515892661"
"AC212-010-12","0","1296.0000","6009515892678"
"AC212-025-03","2","4618.5000","6009515892685"
"AC212-025-13","1","2362.5000","6009515892692"
"AC221-003-01","1","3961.5000","6009515892708"
"AC221-003-02","1","3890.0000","6009515892715"
"AC221-003-11","0","670.5000","6009515892722"
"AC221-003-12","0","634.0000","6009515892739"
"AC221-005-01","1","4503.0000","6009515892746"
"AC221-005-02","1","4425.5000","6009515892753"
"AC221-005-11","0","670.5000","6009515892760"
"AC221-005-12","0","634.0000","6009515892777"
"AC221-010-11","0","670.5000","6009515892784"
"AC221-010-12","0","634.0000","6009515892791"
"AC222-001-01","1","1779.0000","6009515892807"
"AC222-001-02","1","1727.5000","6009515892814"
"AC222-003-11","6","975.0000","6009515850470"
"AC222-005-11","6","968.5000","6009515884154"
"AC222-010-11","38","720.5000","6009515842789"
"AC222-010-12Q","1","627.0000","6009515818654"
"AC226-005-11","3","1624.5000","6009515871864"
"AC226-005-12","1","1433.5000","6009515859763"
"AC226-010-11","2","1317.0000","6009515859770"
"AC226-010-12","0","952.0000","6009515859797"
"AC228-003-11","5","1006.5000","6009515849238"
"AC228-005-12","3","1151.0000","6009515850494"
"AC229-020-11","0","1229.5000","6009515859794"
"AC229-020-12","7","1131.5000","6009515859800"
"AC229-030-11","0","1508.5000","6009515859817"
"AC229-030-12","11","1508.5000","6009515859824"
"AC229-050-21","11","2792.0000","6009515863807"
"AC23530","18","891.5000","044295235303"
"AC241-010-01","4","10520.0000","6009515892845"
"AC241-010-11","3","4966.5000","6009515892852"
"AC241-018-01","2","8496.5000","6009515860776"
"AC241-018-11","1","4884.5000","6009515892869"
"AC241-035-01","1","9354.5000","6009515863937"
"AC241-035-11","4","7210.0000","6009515860783"
"AC241-060-01","2","8038.0000","6009515859831"
"AC241-060-11","2","5626.5000","6009515860790"
"AC241-100-01","2","12307.0000","6009515865559"
"AC241-100-11","3","6628.5000","6009515859848"
"AC241-160-01","0","7631.5000","6009515892876"
"AC241-160-02","0","7631.5000","6009515892883"
"AC241-160-11","0","8214.0000","6009515892890"
"AC241-160-12","0","4116.0000","6009515892906"
"AC241-250-01","0","8661.5000","6009515892913"
"AC241-250-11","0","5231.5000","6009515892920"
"AC241-450-01","0","8828.0000","60095158929237"
"AC241-450-11","0","9327.5000","6009515892944"
"AC251-010-01","5","5724.5000","6009515892951"
"AC251-010-11","3","3140.5000","6009515860806"
"AC251-018-01","3","5705.0000","6009515892968"
"AC251-018-11","2","3762.5000","6009515860813"
"AC251-035-01","2","5319.0000","6009515859312"
"AC251-035-11","1","2791.0000","6009515860820"
"AC251-060-01","2","4332.0000","6009515878627"
"AC251-060-11","1","2147.0000","6009515860837"
"AC251-100-01","1","4308.0000","6009515892975"
"AC251-100-11","1","2388.5000","6009515860844"
"AC251-160-01","4","4519.5000","6009515845377"
"AC251-160-02","1","4168.0000","6009515845384"
"AC251-160-11","7","2139.5000","6009515892982"
"AC251-160-12","2","2196.0000","6009515892999"
"AC251-250-01","0","7397.0000","6009515864088"
"AC251-250-11","-3","5279.5000","6009515858810"
"AC251-346-13","0","5112.0000",""
"AC251-450-01","3","7287.5000","6009515893002"
"AC251-450-11","-1","3894.0000","6009515859329"
"AC260-001-01","0","165.0000","6009515909154"
"AC260-001-02","2","119.0000","6009515860066"
"AC260-002-02","3","161.0000","6009515859367"
"AC261-008-11","13","1444.0000","6009515823498"
"AC261-008-12","7","1379.5000","6009515860851"
"AC261-014-01","2","5462.0000","6009515909161"
"AC2610","69","61.8000","044295261036"
"AC2620","-15","77.4000","044295262033"
"AC2630","26","129.0000","044295263030"
"AC2640","107","185.5000","044295264037"
"AC2650","16","234.5000","044295265034"
"AC26545","87","860.5000","044295265454"
"AC2660","80","309.0000","044295266031"
"AC267-115-02","6","357.0000","6009515877057"
"AC268-055-01","18","357.0000","6009515877064"
"AC2680","85","331.5000","044295268035"
"AC270-000-03","1","117.0000","6009515910679"
"AC270-000-07","1","123.5000","6009515910686"
"AC270-000-09","3","92.8000","6009515897314"
"AC270-000-17","5","139.0000","6009515897321"
"AC270-005-01","1","310.0000","6009515850500"
"AC270-005-11","5","497.5000","6009515845452"
"AC27091","26","1246.0000","044295270915"
"AC280-000-12","9","6301.0000","6009515850807"
"AC280-000-56","0","2353.0000",""
"AC280-001-02","0","1353.5000","6009515903145"
"AC280-001-12","8","10484.5000","6009515903138"
"AC280-123-02","0","3256.0000","6009515902810"
"AC280-201-03","0","2627.5000","6009515903121"
"AC281-060-01","25","518.5000","6009515845490"
"AC281-060-02","28","493.5000","6009515819446"
"AC281-080-01","20","665.5000","6009515845506"
"AC281-100-01","8","1320.0000","6009515859855"
"AC282-080-01","10","1961.0000","6009515893019"
"AC282-080-02","13","2561.5000","6009515859862"
"AC282-100-01","15","2866.0000","6009515893026"
"AC283-080-01","6","1082.5000","6009515859879"
"AC286-040-01","4","1881.0000","6009515859886"
"AC29040","32","1788.0000","044295290401"
"AC29050","59","2460.5000","044295290500"
"AC29055","33","3530.5000","044295290555"
"AC29058","79","829.0000","044295290586"
"AC29060","35","2797.0000","044295290609"
"AC291-010-11","2","2214.5000","6009515893033"
"AC29140","12","2236.0000","044295291408"
"AC29160","8","4315.5000","044295291606"
"AC292-300-11","0","1973.5000","6009515893040"
"AC292-300-12","0","1973.5000","6009515893057"
"AC294-060-11","0","10821.5000","6009515915841"
"AC296-700-11","8","7594.0000","6009515859893"
"AC297-003-11","5","3069.5000","6009515877019"
"AC298-020-11","0","12131.0000","6009515915858"
"AC3-0","30","443.5000","044295000307"
"AC300-01","10","2233.5000","6009515893064"
"AC30105","19","4373.5000","044295301053"
"AC311-002-03","0","3321.5000","6009515882679"
"AC311-004-03","2","3126.5000","6009515893071"
"AC313-001-01","4","2317.5000","6009515899677"
"AC313-002-01","10","2558.5000","6009515866259"
"AC313-002-02","7","2891.0000","6009515820343"
"AC313-003-01","7","3732.5000","6009515821159"
"AC313-003-02","5","4064.0000","6009515860868"
"AC313-004-01","4","3684.5000","6009515823122"
"AC313-004-02","4","4778.0000","6009515860875"
"AC316-001-03","0","10671.5000",""
"AC3201T","20","54.4000","044295320160"
"AC3202T","-77","88.8000","044295320269"
"AC3203T","75","120.0000","044295320368"
"AC3204T","91","193.0000","044295320467"
"AC321-001-01","62","640.5000","6009515823139"
"AC321-002-01","40","723.5000","6009515825515"
"AC321-003-01","22","1033.5000","6009515825539"
"AC321-004-01","11","1015.5000","6009515825546"
"AC321-005-01","21","1234.5000","6009515825553"
"AC321-006-01","17","1380.5000","6009515827748"
"AC321-006-06","0","6812.0000","6009515915865"
"AC321-007-01","9","1616.0000","6009515832766"
"AC321-008-01","5","2212.5000","6009600402324"
"AC321-009-01","3","2824.5000","6009515823566"
"AC321-010-01","3","1139.5000","6009515823573"
"AC321-011-01","2","1234.5000","6009515823580"
"AC321-012-01","5","2424.0000","6009515843830"
"AC321-012-12","0","18834.0000",""
"AC32150","1","130.5000","044295321501"
"AC32225","2","203.5000","044295322256"
"AC32400","24","255.5000","044295324007"
"AC325-002-01","3","2427.0000","6009515860318"
"AC325-004-01","3","5394.0000","6009515860325"
"AC325-006-01","6","5389.0000","6009515823597"
"AC325-008-01","5","6362.5000","6009515860332"
"AC325-012-01","0","6857.0000","6009515865856"
"AC325-016-02","5","10090.5000","6009515860349"
"AC326-005-01","4","2834.0000","6009600402331"
"AC327-001-01","0","2228.0000","6009515893088"
"AC327-001-03","4","1881.0000","6009515878832"
"AC327-001-04","4","1891.5000","6009515862886"
"AC327-002-02","1","1366.0000","6009515862893"
"AC327-003-01","2","1235.5000","6009515859909"
"AC327-003-02","0","1184.5000","6009515893101"
"AC327-004-01","2","1882.0000","6009515860011"
"AC327-004-02","0","1801.5000","6009515893118"
"AC329-016-01","2","9029.5000","6009515893125"
"AC329-020-01","2","9314.0000","6009515893132"
"AC329-024-01","7","8764.5000","6009515893149"
"AC329-028-01","0","17714.5000","6009515893156"
"AC329-032-01","0","20882.5000","6009515893163"
"AC329-036-01","0","24316.5000","6009515893170"
"AC329-040-01","0","27221.0000","6009515893187"
"AC3325","82","196.5000","044295332507"
"AC33406","63","516.5000","044295334068"
"AC33412","55","558.0000","044295334129"
"AC33418","87","652.0000","044295334181"
"AC33424","85","678.0000","044295334242"
"AC33436","68","725.0000","044295334365"
"AC33706","6","886.5000","044295337069"
"AC33712","-6","798.0000","044295337120"
"AC33718","8","933.5000","044295337182"
"AC33724","25","975.0000","044295337243"
"AC33736","15","1027.0000","044295337366"
"AC33804","308","134.5000","044295338042"
"AC33808","96","151.5000","044295338080"
"AC33906","22","829.0000","044295339063"
"AC33912","3","881.0000","044295339124"
"AC33924","0","964.5000","044295339247"
"AC33936","6","1142.0000","044295339360"
"AC340-001-01","0","1732.0000","6009515899134"
"AC341-001-01","8","1555.5000","6009515860028"
"AC341-001-02","5","1530.5000","6009515860035"
"AC341-001-03","3","1528.5000","6009515860042"
"AC341-001-04","3","1569.0000","6009515860059"
"AC341-002-01","6","1390.0000","6009515893194"
"AC341-002-02","2","1404.5000","6009515871871"
"AC342-001-01","5","3532.0000","6009515845391"
"AC342-002-01","1","2436.5000","6009515893200"
"AC342-002-02","3","2763.0000","6009515893217"
"AC342-003-01","1","1569.0000","6009515893224"
"AC342-004-01","0","1761.0000","6009515893231"
"AC342-005-01","0","1900.5000","6009515893248"
"AC342-006-01","0","2054.0000","6009515893255"
"AC342-007-01","0","3610.5000","6009515893262"
"AC342-008-01","0","4453.0000","6009515893279"
"AC343-001-01","0","1549.5000","6009515893286"
"AC348-001-01","5","2576.5000","6009515893293"
"AC351-001-01","11","2455.5000","6009515850432"
"AC351-002-01","7","2342.5000","6009515893309"
"AC351-003-01","1","2772.5000","6009515862909"
"AC351-004-01","4","3229.0000","6009515893316"
"AC351-005-01","2","4121.5000","6009515893323"
"AC351-006-01","2","4479.0000","6009515893330"
"AC351-007-01","3","4761.5000","6009515893347"
"AC351-008-01","3","5156.5000","6009515893354"
"AC352-012-01","3","3950.5000","6009515893361"
"AC352-020-01","4","5259.5000","6009515823603"
"AC352-040-01","6","14194.0000","6009515912475"
"AC355-002-01","0","3362.0000",""
"AC355-008-01","1","4569.5000","6009515904319"
"AC355-012-01","0","4827.0000",""
"AC361-001-01","1","9194.0000","6009515893378"
"AC361-002-01","0","9194.0000","6009515893385"
"AC361-003-01","2","8595.5000","6009515860882"
"AC361-004-01","1","9153.5000","6009515860899"
"AC361-005-01","4","10083.5000","6009515860905"
"AC361-006-01","7","9659.0000","6009515858216"
"AC361-007-01","1","9525.5000","6009515860912"
"AC361-008-01","0","10723.5000","6009515860929"
"AC361-009-01","2","10723.5000","6009515860936"
"AC361-010-01","6","11557.5000","6009515860943"
"AC361-011-01","1","12207.0000","6009515860950"
"AC361-012-01","1","13563.0000","6009515860967"
"AC361-013-01","2","14007.5000","6009515860974"
"AC361-305-03","0","16314.5000","6009515893392"
"AC361-509-05","0","34582.0000","6009515893408"
"AC361-913-05","0","41872.5000","6009515893415"
"AC362-001-01","0","5268.0000","6009515893422"
"AC362-002-01","0","5268.0000","6009515893439"
"AC362-003-01","0","5268.0000","6009515893446"
"AC362-004-01","0","3963.0000","6009515893453"
"AC362-005-01","0","3963.0000","6009515893460"
"AC362-006-01","4","5494.0000","6009515893477"
"AC362-007-01","-1","5494.0000","6009515893484"
"AC362-008-01","0","6103.0000","6009515893491"
"AC362-009-01","0","7025.5000","6009515893507"
"AC362-010-01","0","7572.0000","6009515893514"
"AC362-011-01","0","8094.0000","6009515893521"
"AC362-012-01","0","8841.5000","6009515893538"
"AC362-013-01","0","9331.5000","6009515893545"
"AC362-103-03","0","14473.5000","6009515893552"
"AC362-305-03","0","7274.0000","6009515893569"
"AC362-509-05","0","21394.5000","6009515893576"
"AC3706","-22","309.0000","044295370608"
"AC3706HD","40","443.0000","044295370622"
"AC3712","20","331.5000","044295371209"
"AC3712HD","19","499.0000","044295371223"
"AC3718","-16","364.5000","044295371803"
"AC3718HD","39","577.5000","044295371827"
"AC3724","14","387.0000","044295372404"
"AC3724HD","23","600.0000","044295372428"
"AC3730","48","420.5000","044295373005"
"AC3730HD","46","656.0000","044295373029"
"AC3736","54","443.0000","044295373609"
"AC3736HD","415","690.0000","044295373623"
"AC38004","24","477.0000","044295380041"
"AC38008","21","521.5000","044295380089"
"AC38012","1","555.5000","044295380126"
"AC381-000-00","22","526.5000","6009515845407"
"AC38101","22","829.0000","044295381017"
"AC389-001-02WF","0","13608.0000","6009515902728"
"AC389-002-02WF","0","14945.5000","6009515902735"
"AC391-001-01","0","3257.0000","6009515915872"
"AC392-003-01","0","2897.0000","6009515916114"
"AC40709","29","4165.0000","044295407090"
"AC41012","10","5207.5000","044295410120"
"AC411-035-11","4","4304.5000","6009515862916"
"AC411-055-11","2","3069.5000","6009515851620"
"AC411-095-11","5","2316.5000","6009515851637"
"AC411-115-11","2","5389.0000","6009515888206"
"AC411-135-11","2","5389.0000","6009515888190"
"AC419-006-11","0","2600.0000",""
"AC419-008-11","-1","3001.5000",""
"AC421-020-11","0","3780.5000","6009515843847"
"AC421-040-11","2","2684.5000","6009515893583"
"AC422-020-11","0","7595.0000",""
"AC429-006-11","-1","2600.0000","6009515916091"
"AC429-008-11","0","3001.5000","6009515916107"
"AC434-001-11","6","3323.5000","6009515845414"
"AC441-010-01","3","5717.5000","6009515850371"
"AC441-010-11","9","1842.5000","6009515850388"
"AC443-010-11","4","1454.5000","6009515850395"
"AC443-010-12","6","1296.0000","6009515862923"
"AC443-030-11","28","3680.5000","6009515893590"
"AC444-010-11","3","2528.5000","6009515862930"
"AC444-010-12","9","2497.0000","6009515862947"
"AC444-020-11","2","2924.5000","6009515862954"
"AC444-020-12","1","2741.0000","6009515865566"
"AC448-010-11","5","3162.0000","6009515893606"
"AC489-001-01","0","5282.5000","6009515915889"
"AC49610","6","1093.5000","012373496106"
"AC50","233","620.5000","044295050005"
"AC511-112-01","0","60412.0000","6009515893613"
"AC512-056-01","1","9300.5000","6009515860981"
"AC512-112-01","0","15340.5000","6009515860998"
"AC517-012-01","1","20597.0000","6009515871307"
"AC52","52","495.5000","044295052009"
"AC531-003-01","2","847.0000","6009515870133"
"AC531-004-01","2","847.0000","6009515870140"
"AC531-005-01","2","847.0000","6009515870157"
"AC531-006-01","2","911.5000","6009515870164"
"AC531-007-01","2","911.5000","6009515870171"
"AC531-008-01","2","911.5000","6009515870188"
"AC531-009-01","2","911.5000","6009515870195"
"AC531-010-01","1","911.5000","6009515870201"
"AC531-011-01","2","976.0000","6009515870218"
"AC531-012-01","1","976.0000","6009515870225"
"AC531-013-01","2","976.0000","6009515870232"
"AC531-014-01","2","976.0000","6009515870249"
"AC531-015-01","2","976.0000","6009515870256"
"AC531-016-01","2","1060.5000","6009515870263"
"AC531-017-01","2","1060.5000","6009515870270"
"AC531-018-01","2","1060.5000","6009515870287"
"AC531-019-01","1","1060.5000","6009515870294"
"AC531-020-01","2","1060.5000","6009515870300"
"AC531-021-01","2","1113.5000","6009515870317"
"AC531-022-01","3","1332.5000","6009515870324"
"AC531-023-01","1","1113.5000","6009515870331"
"AC531-024-01","1","1113.5000","6009515870348"
"AC531-025-01","0","1157.5000","6009515870355"
"AC531-026-01","2","1349.0000","6009515870362"
"AC534-015-03","-3","1167.0000","6009515915964"
"AC542-001-41","-1","1153.0000","6009515916060"
"AC542-001-61","-1","1153.0000","6009515916053"
"AC542-002-01","-1","863.0000","6009515916046"
"AC542-002-21","0","1083.2600","6009515916176"
"AC542-002-51","-1","847.0000","6009515916039"
"AC542-003-01","-1","835.0000","6009515916022"
"AC542-003-02","0","942.1400","6009515916183"
"AC542-004-01","-1","552.0000","6009515916015"
"AC542-005-01","-1","520.0000","6009515916008"
"AC542-006-01","-1","552.0000","6009515915995"
"AC542-008-01","-1","552.0000","6009515915988"
"AC542-010-01","-1","643.0000","6009515915957"
"AC543-010-01","0","1114.1800","6009515916169"
"AC543-015-03","-1","1052.0000","6009515915971"
"AC544-014-01","0","2811.0000",""
"AC544-014-32","0","3045.0000",""
"AC544-018-02","0","2250.0000",""
"AC544-018-33","0","2250.0000",""
"AC547-00440-UNC","0","1613.0000",""
"AC55","43","725.0000","044295055000"
"AC56","69","516.5000","044295056007"
"AC560-012-01","0","72396.5000",""
"AC560-024-01","0","120377.5000",""
"AC560-040-01","0","219099.5000",""
"AC561-012-01","2","69451.5000","6009515871888"
"AC571-007-01","2","13192.0000","6009515882303"
"AC60","-11","3126.5000","44295060004"
"AC60-PRO","23","4535.0000","44295060011"
"AC60002","28","391.0000","044295600026"
"AC60003","0","391.0000","044295600033"
"AC60301","52","412.0000","044295603010"
"AC60400","50","3748.0000","044295604000"
"AC611-064-00","-1","7626.0000","6009515842796"
"AC611-121-00","0","68091.0000",""
"AC611-161-00","0","81310.0000","6009515880774"
"AC621-064-01","0","14088.5000","6009515842802"
"AC621-121-01","0","27981.0000",""
"AC621-161-01","0","27467.0000","6009515880781"
"AC625-000-00","4","27352.5000","6009515842819"
"AC633-044-01","2","1990.5000","6009515850401"
"AC634-067-01","4","2386.5000","6009515893620"
"AC634-067-02","7","2647.0000","6009515850456"
"AC634-067-03","5","3414.5000","6009515893637"
"AC641-014-01","0","6247.5800","6009515916190"
"AC643-024-01","0","39410.0000",""
"AC6709","3","412.0000","044295670906"
"AC6712","33","443.5000","044295671200"
"AC6718","34","464.0000","044295671804"
"AC695-050-01","1","4646.5000","6009515862961"
"AC70440","28","1871.5000","44295704403"
"AC70460","29","1037.5000","044295704601"
"AC70580","28","555.5000","044295705806"
"AC70600","54","276.5000","044295706001"
"AC70620","35","1173.0000","044295706209"
"AC70621","14","610.0000","044295706216"
"AC70622","17","923.0000","044295706223"
"AC70623","10","458.0000","044295706230"
"AC70626","50","923.0000","044295706261"
"AC70627","11","537.0000","044295706278"
"AC70628","44","458.0000","044295706285"
"AC70629","32","245.0000","044295706292"
"AC70650","45","245.0000","044295706506"
"AC70680","30","923.0000","044295706803"
"AC70683","0","759.5000","044295706834"
"AC70690","23","520.5000","044295706902"
"AC70691","16","416.0000","044295706919"
"AC70700","36","391.0000","44295707008"
"AC70701","29","235.0000","044295707015"
"AC70710","25","1037.5000","44295707107"
"AC70711","30","453.5000","044295707114"
"AC70730","10","2288.5000","44295707305"
"AC70731","27","725.0000","044295707312"
"AC70735","-2","2601.5000","044295707350"
"AC70740","-2","1037.5000","44295707404"
"AC70748","20","1246.0000","044295707480"
"AC70755","46","464.0000","044295707558"
"AC70758","24","145.0000","044295707589"
"AC70760","52","224.5000","044295707602"
"AC70764","41","193.0000","044295707640"
"AC70765","57","99.2000","044295707657"
"AC70768","24","182.5000","044295707688"
"AC711-006-02","2","3850.0000","6009515865535"
"AC711-008-02","4","4680.0000","6009515865542"
"AC711-012-02","4","7375.0000","6009515893644"
"AC713-006-02","10","2982.0000","6009515855703"
"AC713-008-02","12","3188.0000","6009515855710"
"AC713-012-02","3","4333.0000","6009515855727"
"AC721-180-01","16","886.5000","6009515860714"
"AC722-360-01","28","1978.0000","6009515845513"
"AC723-360-01","0","1286.0000","6009515916084"
"AC7236","2","1344.0000","044295723602"
"AC7248","5","2073.0000","044295724807"
"AC725-360-01","-20","1517.0000","6009515859640"
"AC7260","0","2074.0000","044295726009"
"AC7272","9","2567.0000","044295727204"
"AC741-036-11","7","577.0000","6009515902773"
"AC741-036-12","0","633.0000","6009515902766"
"AC742-003-11","4","181.5000","6009515902780"
"AC7437","43","107.0000","044295743709"
"AC7455","4","107.0000","044295745505"
"AC7456","17","95.6000","044295745604"
"AC7460","14","95.6000","044295074605"
"AC7462","59","178.5000","044295074629"
"AC7464","16","114.0000","044295074643"
"AC7465","16","155.5000","044295074650"
"AC7466","8","178.5000","044295074667"
"AC7467","8","190.0000","044295074674"
"AC7468","25","134.0000","044295074681"
"AC75306","43","309.0000","044295753067"
"AC75312","1","331.5000","044295753128"
"AC75318","3","398.5000","044295753180"
"AC75418","19","634.0000","044295754187"
"AC8012","11","1228.0000","044295801201"
"AC8018","1","1289.0000","044295801805"
"AC8024","29","1373.5000","044295802406"
"AC8030","6","1452.0000","044295803007"
"AC8036","38","1541.5000","044295803601"
"AC8048","40","1597.5000","044295804806"
"AC8060","47","1676.0000","044295806008"
"AC8072","0","1850.0000","044295807203"
"AC811-180-01","15","630.0000","6009600402348"
"AC811-180-11","17","185.0000","6009515897338"
"AC812-003-01","4","580.0000","6009515855741"
"AC812-005-01","40","717.5000","6009515855758"
"AC812-006-01","11","982.5000","6009515865825"
"AC812-008-01","2","1217.0000","6009515862978"
"AC812-012-01","4","2293.5000","6009515864248"
"AC815-360-01","8","2150.0000","6009515893651"
"AC816-360-01","5","3437.5000","6009515888510"
"AC817-180-02","42","2258.5000","6009515842826"
"AC8172","30","1900.5000","044295817219"
"AC8201","32","223.5000","044295820103"
"AC8202","34","291.0000","044295820202"
"AC8203","14","677.0000","044295820301"
"AC8204","23","1120.0000","044295820400"
"AC8205","34","600.0000","044295820509"
"AC821-008-01","15","704.0000","6009515850418"
"AC821-012-01","42","877.0000","6009515850425"
"AC822-360-01","3","8066.0000","6009515845421"
"AC8301","0","2251.5000","044295830102"
"AC8302","0","3377.5000","044295830201"
"AC8303","0","250.5000",""
"AC8304","0","549.5000",""
"AC8311","0","1125.5000","044295831109"
"AC8312","0","1688.5000","044295831208"
"AC832-002-00","7","864.5000","6009515858827"
"AC832-002-10","4","808.0000","6009515865573"
"AC832-003-00","5","924.0000","6009515877040"
"AC832-003-10","3","933.5000","6009515893668"
"AC832-004-00","2","1088.5000","6009515855765"
"AC832-004-10","11","935.5000","6009515893675"
"AC832-006-00","4","1846.5000","6009515893682"
"AC832-006-10","4","1835.0000","6009515865580"
"AC832-008-00","2","2206.0000","6009515855772"
"AC839-000-05","0","4008.5000","6009515903114"
"AC841-002-10","2","750.0000","6009515893699"
"AC841-003-10","2","866.5000","6009515866266"
"AC841-004-10","9","805.0000","6009515866273"
"AC841-006-10","20","1608.0000","6009515877125"
"AC841-008-10","2","2424.0000","6009515895709"
"AC841-010-10","2","3443.5000","6009515895716"
"AC841-012-10","2","3467.5000","6009515895723"
"AC842-002-10","6","1122.0000","6009515857059"
"AC842-003-10","4","1483.5000","6009515893705"
"AC842-004-10","1","1178.5000","6009515888213"
"AC842-006-10","2","2025.0000","6009515893712"
"AC845-002-02","1","292.0000","6009515870126"
"AC845-003-02","1","337.0000","6009515893729"
"AC845-004-02","20","382.0000","6009515857080"
"AC845-006-02","0","515.0000","6009515858834"
"AC845-008-02","14","550.5000","6009515895792"
"AC845-010-02","1","709.0000","6009515895730"
"AC845-012-02","10","914.5000","6009515888527"
"AC8511","32","599.5000","044295851107"
"AC911-100-25","49","144.0000","6009515860721"
"AC912-050-13","-16","128.5000","6009515893736"
"AC912-100-13","163","118.0000","6009600403079"
"AC912-100-17","39","131.5000","6009515842833"
"AC912-100-20","24","146.0000","6009600403086"
"AC912-100-32","17","196.0000","6009515866204"
"AC9122","0","365.5000","044295912204"
"AC9123","0","197.0000","044295091237"
"AC913-100-13","18","205.5000","6009515845438"
"AC913-100-20","-2","251.5000","6009515869670"
"AC914-100-13","31","242.0000","6009515860738"
"AC914-100-20","9","286.0000","6009515866211"
"AC915-100-13","35","332.0000","6009515865818"
"AC915-100-20","35","433.0000","6009515846978"
"AC917-035-31","3","168.0000","6009515902742"
"AC9180","9","937.5000","044295918008"
"AC921-012-16","4","963.5000","6009515866228"
"AC921-020-12","11","946.0000","6009515866235"
"AC922-006-24","17","257.5000","6009515843779"
"AC922-007-22","10","269.0000","6009515843786"
"AC922-007-24","25","283.0000","6009515843793"
"AC923-042-30","11","296.5000","6009515843809"
"AC924-042-30","16","300.5000","6009515864255"
"AC924-062-28","38","302.5000","6009515864262"
"AC925-062-52","33","314.0000","6009515865597"
"AC926-055-01","5","121.0000","6009515864279"
"AC926-060-01","4","122.0000","6009515893743"
"AC926-060-02","4","126.5000","6009515893750"
"AC927-008-01","1","516.5000","6009515906955"
"AC927-012-01","1","497.5000","6009515906962"
"AC931-045-20","1","984.5000","6009515893767"
"AC93341","334","833.0000","044295933414"
"AC93366","103","516.5000","044295933667"
"AC93700","34","1300.5000","044295937009"
"AC941-007-34","22","300.5000","6009515846985"
"AC941-015-32","11","319.5000","6009515859350"
"AC941-025-30","15","318.0000","6009515855789"
"AC942-013-26","12","1159.5000","6009515893774"
"AC951-006-01","0","854.0000","6009515842840"
"AC961-010-05","16","986.5000","6009515845445"
"AC962-015-05","7","127.5000","6009515893781"
"AC962-909-02","4","272.5000","6009515902759"
"AC963-010-11","0","12469.5000","6009515915896"
"AC970-010-11","0","2419.0000","6009600403161"
"AC971-008-01","18","694.5000","6009600403307"
"AC972-012-01","32","305.5000","6009515842857"
"AC974-013-01","9","856.0000","6009515893798"
"AC975-025-01","0","532.0000","6009515858193"
"AC976-045-01","0","904.0000","6009515850463"
"AC981-012-01","2","445.5000","6009515915902"
"AC983-012-01","2","312.0000","6009515911386"
"AC983-040-01","0","1284.5000","6009515911409"
"AC984-006-01","0","298.5000","6009600403314"
"AC984-008-01","5","306.5000","6009600403932"
"AC984-016-01","10","632.0000","6009515901905"
"AC985-006-01","64","226.5000","6009600404724"
"AC985-008-01","108","289.0000","6009600404731"
"AC985-012-01","0","414.5000","6009515915919"
"AC985-020-01","0","839.0000","6009515916077"
"AC989-005-01","33","91.8000","6009515880798"
"AC990-006-11","21","32.4000","6009515880804"
"AC990-012-11","0","61.6000","6009515880811"
"AC990-040-11","1","302.5000","6009515880828"
"AC991-012-01","6","1546.5000","6009515887490"
"AC991-020-01","11","2496.0000","6009515881399"
"AC991-040-01","1","5639.0000","6009515877132"
"AC992-008-01","68","777.0000","6009515823504"
"AC992-010-01","6","729.0000","6009515823511"
"AC992-012-01","3","1054.0000","6009515823528"
"AC993-004-01","2","1081.5000","6009515866280"
"AC993-006-01","3","1349.0000","6009515893804"
"AC993-008-01","3","1910.0000","6009515823535"
"AC994-002-01","4","474.5000","6009515893811"
"AC994-003-01","2","359.0000","6009515893828"
"AC994-004-01","2","498.5000","6009515878566"
"AC994-005-01","1","857.0000","6009515893835"
"AC994-006-01","3","963.5000","6009515893842"
"AC994-008-01","2","1365.0000","6009515865832"
"AC994-010-01","3","1997.5000","6009515893859"
"AC994-012-01","2","2524.0000","6009515893866"
"AC994-016-01","1","3922.0000","6009515893873"
"AC995-006-11","8","98.0000","6009515902803"
"AC995-007-01","8","133.5000","6009515902797"
"AC995-009-01","103","136.0000","6009600404854"
"ACAM30","8","1076.0000","6009515882310"
"ACCN1500","0","30820.5000",""
"ACDCM600","16","885.5000","6009515902841"
"ACDM200","2","5912.5000","6009515863760"
"ACDM600","1","5005.5000","6009515893880"
"ACDMT600","-2","419.5000","6009515903237"
"ACHR150-D1","1","2970.5000","6009515898236"
"ACHR150-R1","1","2700.5000","6009515898243"
"ACHR150B","0","72612.5000","6009515915926"
"ACHS1A","0","14016.5000","6009515911430"
"ACIT700","23","1538.0000","6009515882327"
"ACITC450","2","24883.5000","6009515902827"
"ACLL025","0","2293.0000",""
"ACLL030","0","2178.0000",""
"ACLL325","0","2742.0000",""
"ACLL525","0","3190.0000",""
"ACLM100","5","1048.0000","6009515898250"
"ACLT900","8","1202.5000","6009515882334"
"ACPS075","12","361.0000","6009515898267"
"ACRC30","4","7473.0000","6009515871895"
"ACSLM130","4","923.0000","6009515882341"
"ACTM100","2","3319.5000","6009515902858"
"ACTM100R","0","3319.5000","60095159155148"
"ACTM1200","0","13678.0000","6009515915933"
"ACTQ50CN","0","18130.0000","6009515902902"
"ACTW30","2","9645.0000","6009515911416"
"ACTWM110C","0","1804.5000","6009515902889"
"ACTWM210B","5","2230.0000","6009515902896"
"ACTWM25B","6","1864.5000","6009515902865"
"ACTWM60B","2","1825.0000","6009515902872"
"ACWMM700","10","1049.0000","6009515904531"
"ACWMM900","5","4973.0000","6009515898274"
"ACWS06K","1","4773.0000",""
"ACWT100-M1","2","535.0000","6009515898298"
"ACWT1000-M1","2","1824.5000","6009515906986"
"ACWT10000-M1","0","11118.5000","6009515907501"
"ACWT2000-M1","0","2234.5000","6009515907518"
"ACWT5000-M1","0","5427.5000","6009515911362"
"ALC001","56","2605.5000","6009515821883"
"ALP APM3","19","313.5000","9002740989257"
"ALP APTM3","19","539.0000","9002741028580"
"ALP ATM2","17","622.5000","9002741151356"
"ALP ATM3","62","499.5000","9002741028917"
"ALP ATM3-1","39","592.0000","9002741165568"
"ALP ATM4","19","1121.5000","9002740963141"
"ALP ATM4-1","19","828.0000","9002741163311"
"ALP ATM5","44","1143.5000","9002740999959"
"ALP ATM6","18","1305.5000","9002740963134"
"ALP CS6","11","2475.0000","9002740006497"
"ALP KIT13","0","2118.5000","9002741181810"
"ALP KIT16","8","3950.5000","9002741168910"
"ALP KIT22","121","951.0000","9002740512424"
"ALP KIT30","151","1382.0000","9002740194088"
"ALP KIT8","7","1313.0000","9002740273677"
"ALP KM19","55","922.5000","9002740194118"
"ALP KM19COB","11","2996.5000","9002740100089"
"ALP KM21","44","1816.0000","9002740194217"
"ALP KM25","13","2187.0000","9002740194132"
"ALP KM25COB","7","4545.5000","9002740100096"
"ALP KM6","9","1088.5000","9002741123377"
"ALP KM7","19","1051.0000","9002740635697"
"ALP KP19","8","2946.5000","9002741123339"
"ALP KSBF8","6","773.5000","9002740620389"
"ALP MB5","76","673.5000","9002740335832"
"ALP PG5","57","555.5000","9002741123384"
"ALP PKSB 8","21","767.5000","9002740228622"
"ALP PM3","61","417.0000","9002741123346"
"ALP PM5","111","730.5000","9002741011346"
"ALP PRO TM6","53","596.0000","9002741234318"
"ALP PTM9","21","838.0000","9002741165551"
"ALP PTSB5","84","490.0000","9002740228653"
"ALP SPM5","252","917.0000","9002741156368"
"ALP TM PZ6","83","836.5000","9002740610939"
"ALP TM10","28","623.5000","9002740194767"
"ALP TM13","0","675.5000","9002740194835"
"ALP TM13-2","32","662.0000","9002740194828"
"ALP TM5","188","354.5000","9002740218234"
"ALP TM6","57","411.0000","9002740194859"
"ALP TM6-1","46","793.0000","9002741058501"
"ALP TM8","107","522.5000","9002740218197"
"ALP TM9","309","614.0000","9002740195559"
"ALP TM9-1","152","556.5000","9002740195696"
"ALP TSS3","573","228.0000","9002740223863"
"ALP TSS5","496","306.0000","9002740223870"
"ALP TSS8","519","435.0000","9002740223887"
"ALP100003","34","375.5000","9002741173044"
"ALP1000035","43","378.0000","9002740101376"
"ALP100004","18","344.0000","9002741173051"
"ALP100005","36","467.0000","9002741173068"
"ALP100006","26","564.0000","9002741173075"
"ALP100008","19","915.5000","9002741173082"
"ALP100010","13","1444.0000","9002740101499"
"ALP1001191","0","3276.0000","9002741649105"
"ALP1006191","43","4020.5000","9002740577782"
"ALP1006251","8","8471.0000","9002740195412"
"ALP1009101","16","1971.5000","9002740318118"
"ALP10102","25","225.5000","9002740101673"
"ALP101025","25","232.0000","9002740101697"
"ALP10103","60","259.0000","9002740101727"
"ALP101035","22","260.0000","9002740101789"
"ALP10104","15","282.0000","9002740101819"
"ALP101045","18","313.5000","9002740101826"
"ALP10105","23","320.5000","9002740101840"
"ALP101055","23","373.5000","9002740101864"
"ALP10106","22","388.0000","9002740101895"
"ALP10108","11","629.5000","9002740101970"
"ALP1101251","12","3579.5000","9002741649112"
"ALP110311100","18","1663.5000","9002741208562"
"ALP110321100","14","3310.0000","9002741208579"
"ALP11103","33","343.5000","9002740102823"
"ALP111035","24","360.0000","9002740102847"
"ALP11104","14","388.0000","9002740102878"
"ALP111045","39","430.0000","9002740102908"
"ALP11105","29","447.5000","9002740102922"
"ALP11106","10","576.5000","9002740102977"
"ALP1113111","48","1818.0000","9002741649167"
"ALP11703","438","49.0000","9002740224709"
"ALP11704","1086","41.6000","9002740224723"
"ALP11705","3457","45.2000","9002740224747"
"ALP117055","993","49.0000","9002740224754"
"ALP11706","11131","47.8000","9002740224761"
"ALP117065","483","64.6000","9002740224778"
"ALP11707","457","67.2000","9002740224785"
"ALP11708","3451","67.2000","9002740224792"
"ALP11709","91","80.6000","9002740224815"
"ALP11710","1767","87.8000","9002740224822"
"ALP11711","92","104.0000","9002740224839"
"ALP11712","1055","117.5000","9002740224846"
"ALP11713","198","146.5000","9002740224853"
"ALP11714","559","150.0000","9002740224860"
"ALP11715","60","190.5000","9002740224877"
"ALP11716","237","199.0000","9002740224884"
"ALP11718","72","246.5000","9002740224907"
"ALP11720","85","314.5000","9002740224914"
"ALP11722","-1","297.0000","9002740224921"
"ALP11805","7","374.5000","9002741045518"
"ALP118055","12","385.0000","9002741069415"
"ALP11806","22","417.0000","9002741045525"
"ALP11808","16","590.0000","9002741045532"
"ALP11810","11","850.0000","9002741045549"
"ALP12105","14","636.0000","9002740103554"
"ALP121055","13","679.5000","9002740103578"
"ALP12106","15","708.5000","9002740103608"
"ALP121065","18","776.0000","9002740103615"
"ALP12107","18","1008.5000","9002740103622"
"ALP12108","20","1243.5000","9002740103653"
"ALP121085","10","1508.5000","9002740103660"
"ALP12109","7","1652.5000","9002740103684"
"ALP121095","21","1869.0000","9002740103707"
"ALP17203","13","148.0000","9002741152070"
"ALP17204","131","148.0000","9002740008101"
"ALP17205","277","151.5000","9002740008118"
"ALP172055","26","167.5000","9002740008125"
"ALP17206","370","168.5000","9002740008132"
"ALP172065","40","171.0000","9002740008149"
"ALP17207","32","196.5000","9002740008156"
"ALP17208","394","212.5000","9002740008163"
"ALP17210","218","231.0000","9002740008170"
"ALP17212","91","283.0000","9002741152087"
"ALP18108","0","151.5000","9002740338093"
"ALP181085","0","188.0000","9002740338109"
"ALP18109","14","193.0000","9002740338116"
"ALP18301","45","96.0000","9002740609131"
"ALP183015","46","90.0000","9002740609148"
"ALP18302","211","84.0000","9002740609155"
"ALP183025","102","87.0000","9002740609162"
"ALP18303","228","87.0000","9002740609179"
"ALP183032","185","96.0000","9002740609186"
"ALP183033","40","96.0000","9002740615057"
"ALP183035","188","96.0000","9002740609193"
"ALP18304","430","101.0000","9002740609209"
"ALP183042","130","124.0000","9002740609216"
"ALP183045","189","126.0000","9002740609223"
"ALP18305","521","120.0000","9002740609230"
"ALP183055","118","163.0000","9002740609247"
"ALP18306","227","152.0000","9002740609254"
"ALP183065","99","170.0000","9002740609261"
"ALP18307","73","178.0000","9002740609278"
"ALP183075","184","187.0000","9002740609285"
"ALP18308","141","227.0000","9002740609292"
"ALP18309","119","288.0000","9002740609308"
"ALP18310","190","326.0000","9002740609315"
"ALP18311","47","510.0000","9002740609322"
"ALP18312","115","727.0000","9002740609339"
"ALP18313","37","928.0000","9002740609346"
"ALP1840010","80","42.0000","9002741240753"
"ALP1840015","71","43.0000","9002741240760"
"ALP1840020","56","43.0000","9002741240777"
"ALP1840025","174","49.0000","9002741240784"
"ALP1840030","471","50.0000","9002741240791"
"ALP1840032","285","51.0000","9002741240807"
"ALP1840033","27","53.0000","9002741240814"
"ALP1840035","277","54.0000","9002741240821"
"ALP1840040","507","55.0000","9002741240845"
"ALP1840042","181","57.0000","9002741240852"
"ALP1840045","203","59.0000","9002741240869"
"ALP1840048","566","60.0000","9002741240876"
"ALP1840050","1043","61.0000","9002741240883"
"ALP1840055","301","74.0000","9002741240890"
"ALP1840060","459","77.0000","9002741240906"
"ALP1840065","154","98.0000","9002741240913"
"ALP1840068","36","111.0000","9002741240920"
"ALP1840070","98","117.0000","9002741240937"
"ALP1840075","94","122.0000","9002741240944"
"ALP1840080","596","124.0000","9002741240951"
"ALP1840085","94","153.0000","9002741240968"
"ALP1840090","94","166.0000","9002741240975"
"ALP1840095","85","185.0000","9002741240982"
"ALP1840100","285","194.0000","9002741240999"
"ALP1840102","34","214.0000","9002741241002"
"ALP1840105","133","242.0000","9002741241064"
"ALP1840110","51","274.0000","9002741241019"
"ALP1840115","16","301.0000","9002741241026"
"ALP1840120","168","334.0000","9002741241033"
"ALP1840125","66","356.0000","9002741241040"
"ALP1840130","80","372.0000","9002741241057"
"ALP18803","82","87.8000","9002740227724"
"ALP18804","74","86.8000","9002740227731"
"ALP18805","224","87.8000","9002740227748"
"ALP18806","262","95.2000","9002740227762"
"ALP18807","16","113.5000","9002740227779"
"ALP18808","156","113.5000","9002740227786"
"ALP18810","105","139.5000","9002740227809"
"ALP18812","131","184.5000","9002740227823"
"ALP18814","33","278.0000","9002740227847"
"ALP18816","15","368.0000","9002740227861"
"ALP18818","15","447.5000","9002740227878"
"ALP18820","11","586.0000","9002740227885"
"ALP18904","36","107.5000","9002741028061"
"ALP18905","18","109.0000","9002741028054"
"ALP18906","25","119.5000","9002741028047"
"ALP18908","22","144.5000","9002741028030"
"ALP18910","32","174.5000","9002741028023"
"ALP20206","3","697.0000","9002740160694"
"ALP20208","3","651.5000","9002740160939"
"ALP20210","7","742.0000","9002740161172"
"ALP20212","4","812.5000","9002740161431"
"ALP20214","3","940.5000","9002740161677"
"ALP20216","2","1122.5000","9002740161912"
"ALP20218","0","1359.0000","9002740162155"
"ALP20220","4","1557.5000","9002740162407"
"ALP20222","3","1953.0000","9002740162650"
"ALP20224","3","2390.0000","9002740162858"
"ALP20226","4","3038.5000","9002740163022"
"ALP20227","3","3020.5000","9002740163084"
"ALP20230","5","3599.0000","9002740163251"
"ALP20236","2","5993.0000","9002740163527"
"ALP20303006","85","471.5000","9002741294480"
"ALP20303008","64","531.5000","9002741294497"
"ALP216030","1","1069.5000","9002740672968"
"ALP216032","15","1158.0000","9002740672975"
"ALP21606","52","273.5000","9002740584551"
"ALP21608","54","292.5000","9002740219507"
"ALP21610","40","338.0000","9002740219514"
"ALP21612","25","374.5000","9002740219521"
"ALP21614","3","434.0000","9002740219538"
"ALP21616","35","486.0000","9002740219545"
"ALP21618","30","561.5000","9002740219552"
"ALP21620","26","619.0000","9002740219569"
"ALP21622","2","623.5000","9002740672913"
"ALP21625","19","725.0000","9002740672937"
"ALP22608","350","801.5000","9002740583684"
"ALP22610","34","749.0000","9002740219613"
"ALP22612","29","843.0000","9002740219620"
"ALP22614","9","936.5000","9002740219644"
"ALP22616","24","990.5000","9002740219651"
"ALP22618","8","1110.5000","9002740219668"
"ALP22620","20","1177.5000","9002740219675"
"ALP22622","17","1232.0000","9002740581437"
"ALP22624","12","1497.5000","9002740581444"
"ALP22626","2","1594.0000","9002740672982"
"ALP22628","50","1726.5000","9002740672999"
"ALP22630","5","1899.0000","9002740673002"
"ALP22632","5","2050.5000","9002740673019"
"ALP22810","4","1046.0000","9002740581451"
"ALP22812","4","1177.5000","9002740581468"
"ALP22900043","0","354.5000","9002740430230"
"ALP22900050","0","342.5000","9002740430247"
"ALP22900053","0","349.5000","9002740430254"
"ALP22900060","0","356.0000","9002740430278"
"ALP2290020501","3","872.0000","9002740430438"
"ALP2291010001","0","418.0000","9002740868071"
"ALP2291014001","0","569.0000","9002740868095"
"ALP2291021001","5","1059.5000","9002740868101"
"ALP2291028001","4","2021.0000","9002740868118"
"ALP2291035001","4","3445.0000","9002740868125"
"ALP2292000031","1","1536.5000","9002741013531"
"ALP232000006","5","3141.0000","9002741260751"
"ALP23200063","9","390.0000","9002741260294"
"ALP23200083","4","420.5000","9002741260300"
"ALP23200104","13","464.0000","9002741260317"
"ALP23200124","18","528.5000","9002741260324"
"ALP23200165","13","687.0000","9002741260331"
"ALP23200205","12","876.0000","9002741260348"
"ALP23200250","10","1091.5000","9002741260355"
"ALP23200310","15","1664.5000","9002741260362"
"ALP23530","13","778.5000","9002740351306"
"ALP23535","11","792.0000","9002740351313"
"ALP23618","5","505.5000","9002740351375"
"ALP23620","2","505.5000","9002740351382"
"ALP23622","4","543.5000","9002740351399"
"ALP23625","4","577.5000","9002740351412"
"ALP23626","0","601.5000","9002740351429"
"ALP23630","2","699.0000","9002740351443"
"ALP23635","9","1059.5000","9002740351474"
"ALP237006","1","49.0000","9002740907596"
"ALP237008","17","55.0000","9002740907602"
"ALP237010","14","55.0000","9002740907619"
"ALP237012","17","57.6000","9002740907626"
"ALP237013","27","57.6000","9002740981084"
"ALP237014","9","59.8000","9002740907633"
"ALP237016","34","65.8000","9002740907640"
"ALP237017","-2","65.8000","9002740981091"
"ALP237018","52","70.8000","9002740907657"
"ALP237019","33","76.8000","9002740981107"
"ALP237020","25","81.8000","9002740907664"
"ALP237022","35","81.8000","9002740907671"
"ALP237024","11","94.0000","9002740907688"
"ALP237025","77","95.2000","9002740981114"
"ALP237026","34","105.0000","9002741093106"
"ALP237028","36","206.5000","9002740981121"
"ALP237030","74","119.5000","9002740907695"
"ALP237032","27","125.0000","9002740907701"
"ALP237035","14","134.5000","9002740907718"
"ALP237038","5","156.0000","9002740907725"
"ALP237040","15","164.5000","9002740981138"
"ALP237099991","30","261.0000","9002741023721"
"ALP23800063","1","722.0000","9002741225019"
"ALP23800083","1","750.5000","9002741225026"
"ALP23800104","2","776.0000","9002741225033"
"ALP23800124","3","876.0000","9002741225040"
"ALP23800165","4","1053.0000","9002741225057"
"ALP23800205","5","1324.5000","9002741225064"
"ALP23800250","1","1625.5000","9002741225071"
"ALP23800310","3","2142.5000","9002741225088"
"ALP23870063","0","964.5000","9002741215270"
"ALP23870083","0","1034.0000","9002741215287"
"ALP23870104","2","1101.0000","9002741215294"
"ALP23870124","1","1244.5000","9002741215300"
"ALP23870165","2","1617.0000","9002741215317"
"ALP23870205","2","2088.0000","9002741215324"
"ALP23870250","4","2390.0000","9002741215331"
"ALP23870310","2","3671.5000","9002741215348"
"ALP23900005","8","5233.5000","9002741261093"
"ALP23900063","3","676.0000","9002741205394"
"ALP23900083","4","691.0000","9002741206476"
"ALP23900104","3","725.0000","9002741205400"
"ALP23900124","14","818.5000","9002741203253"
"ALP23900165","6","984.0000","9002741205424"
"ALP23900205","5","1237.0000","9002741205431"
"ALP23900250","2","1518.0000","9002741205448"
"ALP23900310","3","2003.0000","9002741203260"
"ALP239015","8","642.0000","9002740897200"
"ALP239016","6","642.0000","9002740897217"
"ALP239018","6","721.0000","9002740897224"
"ALP239020","5","735.5000","9002740897231"
"ALP239022","5","778.5000","9002740897255"
"ALP239024","6","896.5000","9002740897262"
"ALP239025","5","896.5000","9002740897279"
"ALP239026","6","902.5000","9002740897286"
"ALP239028","4","977.0000","9002740897293"
"ALP239030","5","990.5000","9002740897309"
"ALP239032","1","997.5000","9002740897316"
"ALP239035","9","1230.0000","9002740897330"
"ALP239040","5","1543.0000","9002740897361"
"ALP239045","8","1660.5000","9002740897378"
"ALP239050","8","1882.5000","9002740897385"
"ALP23970063","5","902.5000","9002741198214"
"ALP23970083","3","952.0000","9002741206483"
"ALP23970104","4","1029.0000","9002741198207"
"ALP23970124","3","1164.0000","9002741203246"
"ALP23970165","3","1510.0000","9002741198191"
"ALP23970205","3","1952.0000","9002741198184"
"ALP23970250","2","2233.0000","9002741198177"
"ALP23970310","3","3430.5000","9002741202539"
"ALP25205","12","164.5000","9002741104628"
"ALP253035","0","236.5000","9002741121724"
"ALP25304","0","146.5000","9002741121731"
"ALP25305","0","151.5000","9002741121748"
"ALP25704","54","127.0000","9002741121984"
"ALP25705","75","132.0000","9002741121991"
"ALP25706","102","142.5000","9002741122004"
"ALP25708","38","145.5000","9002741122011"
"ALP25710","23","205.0000","9002741122028"
"ALP25712","19","274.5000","9002741122035"
"ALP25714","10","378.0000","9002741122042"
"ALP27204","39","176.0000","9002740000181"
"ALP27205","69","182.0000","9002740000198"
"ALP272055","20","189.5000","9002741022090"
"ALP27206","23","188.0000","9002740000204"
"ALP27208","28","256.0000","9002740000211"
"ALP27210","85","280.5000","9002740000228"
"ALP28903","33","148.0000","9002740230106"
"ALP28904","44","155.0000","9002740230113"
"ALP28905","149","214.5000","9002740230120"
"ALP28906","236","224.5000","9002740230137"
"ALP28908","73","303.5000","9002740230144"
"ALP28910","60","411.0000","9002740230151"
"ALP28912","22","431.5000","9002741086825"
"ALP29010","37","808.5000","9002740900979"
"ALP29012","53","840.5000","9002740900993"
"ALP297014","10","362.0000","9002740230380"
"ALP29704","53","121.0000","9002740230304"
"ALP29705","138","126.0000","9002740230311"
"ALP29706","154","135.5000","9002740230335"
"ALP29708","109","138.0000","9002740230359"
"ALP29710","58","195.5000","9002740230366"
"ALP29712","17","261.0000","9002740230373"
"ALP30005-1","0","534.0000","9002741169054"
"ALP303002","11","1713.5000","9002741294404"
"ALP303003","56","1733.5000","9002741294411"
"ALP303005","47","512.0000","9002741293841"
"ALP303006","85","512.0000","9002741293858"
"ALP303008","41","579.5000","9002741293865"
"ALP303010","11","641.0000","9002741293872"
"ALP303012","22","748.0000","9002741293889"
"ALP30305","17","660.5000","9002741294381"
"ALP30306","25","660.5000","9002741294398"
"ALP30308","12","761.5000","9002741294428"
"ALP30310","17","862.5000","9002741294435"
"ALP3031031","33","1837.5000","9002741649570"
"ALP303213","2","2225.5000","9002741294459"
"ALP303513","6","3080.0000","9002741294466"
"ALP3080020","0","2367.0000","9002740436775"
"ALP3130020","3","2660.5000","9002740439264"
"ALP32103","137","32.0000","9002740110552"
"ALP321031","306","30.6000","9002740110569"
"ALP321032","434","30.6000","9002740110576"
"ALP321032-1","6","38.0000","6009515842703"
"ALP3210325","216","30.6000","9002740110583"
"ALP321033","253","30.6000","9002740110606"
"ALP321035","155","30.6000","9002740110620"
"ALP321035-1","0","38.4000","6009515818913"
"ALP32104","232","39.2000","9002740110637"
"ALP32104-1","21","46.2000","6009515818920"
"ALP321041","92","39.2000","9002740110644"
"ALP321042","120","39.2000","9002740110651"
"ALP321048","30","65.6000","9002740110699"
"ALP321048-1","0","70.4000",""
"ALP321049","357","49.0000","9002740110705"
"ALP32105","352","67.2000","9002740110712"
"ALP321051","98","49.0000","9002740110729"
"ALP321052","174","49.0000","9002740110736"
"ALP321052-1","20","50.2000","6009515842741"
"ALP32106","81","87.8000","9002741050697"
"ALP32106-1","1","98.8000","6009515818944"
"ALP32706","49","183.0000","9002740674900"
"ALP32708","173","183.0000","9002740674917"
"ALP32710","164","269.5000","9002740674924"
"ALP32712","101","282.0000","9002740674931"
"ALP32714","33","402.5000","9002740674948"
"ALP32716","85","439.0000","9002740674955"
"ALP32718","42","581.5000","9002740674962"
"ALP32720","58","665.0000","9002740674979"
"ALP32725","29","974.0000","9002740674986"
"ALP32908","61","424.5000","9002740119487"
"ALP3300080","7","235.5000","9002740119517"
"ALP36706","418","90.4000","9002740230953"
"ALP36708","437","117.5000","9002740230960"
"ALP36710","333","149.0000","9002740230977"
"ALP36712","257","201.5000","9002740230984"
"ALP36714","115","263.5000","9002740230991"
"ALP36716","86","312.0000","9002740898634"
"ALP371031","54","113.5000","9002740112648"
"ALP371032","95","117.5000","9002740112655"
"ALP3710325","90","113.5000","9002740339496"
"ALP371033","289","113.5000","9002740112662"
"ALP371041","46","145.5000","9002740112679"
"ALP371042","202","145.5000","9002740112686"
"ALP371049","161","167.5000","9002740339502"
"ALP371051","75","184.5000","9002740112693"
"ALP5000161","11","3950.5000","9002740971917"
"ALP500081","4","1407.5000","9002740685234"
"ALP5002161","15","4168.0000","9002741276912"
"ALP50905","64","174.5000","9002741150977"
"ALP50906","82","171.0000","9002741150984"
"ALP50908","47","225.5000","9002741150991"
"ALP51706","40","214.5000","9002740231400"
"ALP517065","50","202.5000","9002740382171"
"ALP51708","72","202.5000","9002740231431"
"ALP51710","111","298.5000","9002740231448"
"ALP51712","126","332.0000","9002740231455"
"ALP51713","116","446.0000","9002740231462"
"ALP51714","53","446.0000","9002740231479"
"ALP51716","106","487.0000","9002740231486"
"ALP51718","67","646.0000","9002740231493"
"ALP51720","34","739.5000","9002740231509"
"ALP51722","60","949.0000","9002740231516"
"ALP51725","51","1158.0000","9002740231530"
"ALP51906","32","183.0000","9002741151004"
"ALP51908","26","252.5000","9002741151011"
"ALP51910","86","293.5000","9002741151028"
"ALP51912","120","333.0000","9002741172337"
"ALP52803","55","100.0000","9002740340089"
"ALP52804","47","119.5000","9002740340096"
"ALP52805","23","141.5000","9002740340102"
"ALP52806","62","172.0000","9002740340119"
"ALP52808","23","243.5000","9002740340126"
"ALP52810","19","332.0000","9002740616672"
"ALP52906","25","240.5000","9002741172351"
"ALP52908","30","278.0000","9002741151035"
"ALP52910","63","306.0000","9002741151042"
"ALP52912","25","354.5000","9002741151059"
"ALP5508","12","339.0000","9002740218623"
"ALP5510","5","385.0000","9002740218630"
"ALP55101","20","94.0000","9002740625759"
"ALP551015","-9","67.2000","9002740625766"
"ALP55102","20","51.2000","9002740625773"
"ALP551025","14","51.2000","9002740625926"
"ALP55103","19","55.0000","9002740625933"
"ALP551035","36","63.6000","9002740625780"
"ALP55104","30","67.2000","9002740625797"
"ALP551045","22","78.2000","9002740625803"
"ALP55105","12","81.8000","9002740625810"
"ALP551055","15","102.5000","9002740625827"
"ALP55106","27","102.5000","9002740625858"
"ALP551065","27","112.5000","9002740625865"
"ALP55107","18","137.0000","9002740625872"
"ALP551075","9","135.5000","9002740625889"
"ALP55108","25","145.5000","9002740625896"
"ALP55109","42","185.5000","9002740625902"
"ALP55110","20","202.5000","9002740625919"
"ALP5512","12","490.0000","9002740218647"
"ALP5514","5","591.0000","9002740218654"
"ALP5522","21","1171.5000","9002740418184"
"ALP570000051","22","1209.5000","9002741666287"
"ALP570003001","19","142.5000","9002741666133"
"ALP570004001","10","158.5000","9002741666140"
"ALP570005001","4","166.5000","9002741666157"
"ALP570006001","7","192.0000","9002741666164"
"ALP570008001","17","239.5000","9002741666171"
"ALP570010001","16","260.5000","9002741666188"
"ALP575000051","19","1700.5000","9002741666270"
"ALP575003001","20","227.0000","9002741666218"
"ALP575004001","31","253.0000","9002741666225"
"ALP575005001","26","270.5000","9002741666232"
"ALP575006001","29","310.0000","9002741666249"
"ALP575008001","16","425.5000","9002741666256"
"ALP575010001","10","434.0000","9002741666263"
"ALP57900004","12","1171.5000","9002741263813"
"ALP579008","25","502.5000","9002741236671"
"ALP579010","21","515.0000","9002741192427"
"ALP579012","15","549.5000","9002741240364"
"ALP579014","21","614.0000","9002741240371"
"ALP579016","10","711.5000","9002741240357"
"ALP579018","8","873.0000","9002741240340"
"ALP579020","11","923.0000","9002741240333"
"ALP580006","46","1573.0000","9002741278435"
"ALP580008","47","1936.0000","9002741278312"
"ALP580010","71","1978.0000","9002741278305"
"ALP580012","57","2022.5000","9002741278299"
"ALP580014","42","2313.0000","9002741278282"
"ALP580016","50","2456.5000","9002741278275"
"ALP581000051","16","1045.0000","9002741666362"
"ALP581003001","19","178.5000","9002741666294"
"ALP581004001","29","178.5000","9002741666300"
"ALP581005001","17","185.5000","9002741666317"
"ALP581006001","16","190.0000","9002741666324"
"ALP581008001","10","253.0000","9002741666331"
"ALP581010001","23","286.0000","9002741666348"
"ALP6010006","20","63.6000","9002740133841"
"ALP601002","7","146.5000","9002740133766"
"ALP601003","8","112.5000","9002740133780"
"ALP601004","26","78.2000","9002740133803"
"ALP601005","22","65.8000","9002740133827"
"ALP601006","35","76.8000","9002740134978"
"ALP601007","22","45.8000","9002740133865"
"ALP601008","19","46.6000","9002740133889"
"ALP601009","39","57.6000","9002740133902"
"ALP601012701","7","383.5000","9002740135852"
"ALP601013","0","51.2000","9002740134015"
"ALP6110064","12","157.5000","9002740143666"
"ALP611105","5","397.5000","9002740144120"
"ALP611115","9","591.0000","9002740144151"
"ALP611125","13","802.5000","9002740144175"
"ALP6130010","64","62.2000","9002740686347"
"ALP6130013","38","63.6000","9002740686385"
"ALP6130014","42","62.2000","9002740686392"
"ALP6130015","54","55.0000","9002740686408"
"ALP6130016","39","62.2000","9002740686422"
"ALP6130017","44","63.6000","9002740686439"
"ALP6130018","20","64.2000","9002740686446"
"ALP6130020","323","50.2000","9002740686484"
"ALP6130024","123","67.2000","9002740686538"
"ALP6130025","124","55.0000","9002740686545"
"ALP6130028","27","69.6000","9002740686583"
"ALP6130030","49","55.0000","9002740686606"
"ALP6130031","34","70.8000","9002740686613"
"ALP6130032","60","62.2000","9002740686637"
"ALP6130033","61","62.2000","9002740686651"
"ALP6130035","114","62.2000","9002740686675"
"ALP61300397","40","75.4000","9002740686736"
"ALP6130040","52","67.2000","9002740686743"
"ALP6130041","25","83.0000","9002740686750"
"ALP6130042","64","83.0000","9002740686767"
"ALP6130045","64","83.0000","9002740686811"
"ALP6130048","36","90.4000","9002740686859"
"ALP6130049","53","94.0000","9002740686866"
"ALP6130050","48","81.8000","9002740686873"
"ALP6130055","499","112.5000","9002740686934"
"ALP6130060","378","105.0000","9002740687009"
"ALP6130065","242","118.5000","9002740687061"
"ALP6130066","20","120.5000","9002740687078"
"ALP6130070","34","123.5000","9002740687122"
"ALP6130075","58","131.0000","9002740687184"
"ALP6130080","127","163.5000","9002740687252"
"ALP6130085","58","160.0000","9002740687313"
"ALP6130086","20","197.5000","9002740687320"
"ALP6130090","43","210.0000","9002740687375"
"ALP6130095","45","245.5000","9002740687436"
"ALP6130100","97","238.0000","9002740687504"
"ALP6130105","1","351.0000","9002740687535"
"ALP6130110","20","389.0000","9002740687542"
"ALP6130115","27","492.0000","9002740687566"
"ALP6130120","30","559.0000","9002740687597"
"ALP6130125","24","667.5000","9002740687610"
"ALP6130130","55","717.5000","9002740687634"
"ALP6130140","4","944.0000","9002740687658"
"ALP613015","5","1186.0000","9002740687672"
"ALP613016","4","1435.5000","9002740687689"
"ALP613035","0","59.8000",""
"ALP61401-1","860","40.6000","6009675083183"
"ALP614015-1","1127","44.2000","6009675083190"
"ALP614018-1","26","36.2000","6009600409583"
"ALP61402-1","1191","44.2000","6009675083206"
"ALP614022-1","61","46.6000","6009515809430"
"ALP614025","50","68.0000","9002740200727"
"ALP614025-1","1242","44.2000","6009675083213"
"ALP614028-1","92","58.6000","6009675083220"
"ALP61403-1","2989","46.6000","6009675083237"
"ALP614032-1","1210","47.8000","6009515818708"
"ALP614033-1","109","39.6000","9002740905288"
"ALP614035-1","2613","52.6000","6009675083251"
"ALP614038-1","1051","52.6000","6009675083268"
"ALP61404-1","4235","52.6000","6009675083275"
"ALP614042-1","1946","55.0000","6009675083282"
"ALP614045-1","3072","57.6000","6009675083299"
"ALP614048-1","4047","57.6000","6009675083305"
"ALP61405-1","5523","57.6000","6009675083312"
"ALP614055-1","2438","59.8000","6009675083329"
"ALP61406-1","5689","67.2000","6009675083336"
"ALP614601","5","174.5000","9002740771210"
"ALP6146010","2","2132.5000","9002740772132"
"ALP6146011","3","174.5000","9002740771227"
"ALP6146012","2","2859.5000","9002740772194"
"ALP6146013","2","3575.0000","9002740772217"
"ALP6146017","11","225.5000","9002740771289"
"ALP614602","7","205.0000","9002740771319"
"ALP6146021","3","225.5000","9002740771326"
"ALP6146025","26","243.5000","9002740771364"
"ALP614603","7","290.5000","9002740771418"
"ALP6146033","10","408.0000","9002740771449"
"ALP6146035","47","408.0000","9002740771463"
"ALP614604","3","457.0000","9002740771517"
"ALP6146042","16","571.5000","9002740771531"
"ALP6146045","35","496.0000","9002740771562"
"ALP614605","6","551.5000","9002740771623"
"ALP6146055","30","689.5000","9002740771678"
"ALP614606","5","811.5000","9002740771739"
"ALP614608","0","1429.0000","9002740771937"
"ALP6156001","2","205.0000","9002740773368"
"ALP61560015","3","225.5000","9002740773412"
"ALP6156002","3","290.5000","9002740773467"
"ALP61603","608","61.2000","9002740220299"
"ALP61604","343","61.2000","9002740220305"
"ALP61605","299","62.2000","9002740220312"
"ALP61606","386","62.2000","9002740220329"
"ALP61607","66","78.2000","9002740220336"
"ALP61608","170","78.2000","9002740220343"
"ALP61609","43","84.2000","9002740221999"
"ALP61610","249","96.4000","9002740222002"
"ALP61611","23","122.5000","9002740222019"
"ALP61612","336","142.5000","9002740222026"
"ALP61613","64","171.0000","9002740222033"
"ALP61614","57","188.0000","9002740222040"
"ALP61615","20","207.0000","9002740222057"
"ALP61616","64","236.5000","9002740222064"
"ALP61618","34","374.5000","9002740222088"
"ALP61620","32","486.0000","9002740222095"
"ALP61708","10","357.0000","9002740232322"
"ALP61710","9","357.0000","9002740232339"
"ALP61712","11","446.0000","9002740232346"
"ALP61714","23","567.0000","9002740232360"
"ALP61716","8","671.0000","9002740232377"
"ALP61718","9","869.5000","9002740232384"
"ALP61720","10","1055.0000","9002740232391"
"ALP6180010","97","73.2000","9002741208593"
"ALP6180015","153","73.2000","9002741208609"
"ALP6180018","18","79.4000","6009515907112"
"ALP6180020","425","73.2000","9002741208616"
"ALP6180025","397","73.2000","9002741208623"
"ALP6180028","13","80.6000","6009515896218"
"ALP6180030","963","73.2000","9002741208630"
"ALP6180032","196","81.8000","9002741208647"
"ALP6180033","206","87.8000","9002741208654"
"ALP6180035","579","65.8000","9002741208661"
"ALP6180038-1","53","32.0000","6009515861582"
"ALP6180040","1064","65.8000","9002741208678"
"ALP6180042","487","69.6000","9002741208685"
"ALP6180045","462","74.4000","9002741208692"
"ALP6180048","914","74.4000","9002741208708"
"ALP6180050","1509","81.8000","9002741208715"
"ALP6180052","171","95.2000","9002741263929"
"ALP6180055","363","84.2000","9002741208722"
"ALP6180060","1524","96.4000","9002741208739"
"ALP6180062-1","86","51.2000","6009515861599"
"ALP6180065","825","61.2000","9002741208746"
"ALP6180068","135","68.4000","9002741208753"
"ALP6180070","948","68.4000","9002741208760"
"ALP6180075","280","74.4000","9002741208777"
"ALP6180080","2525","78.2000","9002741208784"
"ALP6180085","1057","85.4000","9002741208791"
"ALP6180090","581","89.2000","9002741208807"
"ALP6180095","242","95.2000","9002741208814"
"ALP6180100","2699","104.0000","9002741208821"
"ALP6180102","238","104.0000","9002741208838"
"ALP6180105","708","112.5000","9002741208845"
"ALP618011","449","127.0000","9002741208852"
"ALP6180115","150","134.5000","9002741208869"
"ALP6180120","1785","149.0000","9002741208876"
"ALP6180125","454","157.5000","9002741208883"
"ALP618013","996","161.0000","9002741208890"
"ALP62005","25","151.5000","9002740898535"
"ALP62006","117","148.0000","9002740898542"
"ALP62008","101","209.0000","9002740898559"
"ALP62010","105","296.5000","9002740898566"
"ALP62012","31","407.0000","9002740898528"
"ALP62203","135","229.0000","9002740969907"
"ALP62204","85","256.0000","9002740969914"
"ALP62205","83","260.0000","9002740969921"
"ALP62206","27","313.5000","9002740969938"
"ALP62208","27","430.0000","9002740970798"
"ALP62301","19","90.0000","9002741119035"
"ALP623015","20","84.0000","9002741119288"
"ALP62302","33","78.0000","9002741119295"
"ALP623025","23","82.0000","9002741119301"
"ALP62303","50","82.0000","9002741119318"
"ALP623032","40","90.0000","9002741119325"
"ALP623033","9","90.0000","9002741119332"
"ALP623035","28","90.0000","9002741119349"
"ALP62304","73","96.0000","9002741119356"
"ALP623042","38","114.0000","9002741119363"
"ALP623045","18","116.0000","9002741119370"
"ALP62305","-2","113.0000","9002741119387"
"ALP623055","28","149.0000","9002741119394"
"ALP62306","114","142.0000","9002741119400"
"ALP623065","28","158.0000","9002741119417"
"ALP623068","23","182.0000","9002741119424"
"ALP62307","117","165.0000","9002741119431"
"ALP623075","24","173.0000","9002741119448"
"ALP62308","52","211.0000","9002741119455"
"ALP62309","19","266.0000","9002741119462"
"ALP62310","38","299.0000","9002741119479"
"ALP62312","36","667.0000","9002741119509"
"ALP62313","19","851.0000","9002741119516"
"ALP624016","10","22.0000","9002740898788"
"ALP6260010","238","20.8000","9002741207848"
"ALP6260011","-110","22.0000","9002741212620"
"ALP6260012","73","22.0000","9002741212637"
"ALP6260013","155","22.0000","9002741212644"
"ALP6260014","75","22.0000","9002741212651"
"ALP6260015","239","20.8000","9002741207862"
"ALP6260016","77","22.0000","9002741212668"
"ALP6260017","121","22.0000","9002741212675"
"ALP6260018","201","22.0000","9002741212682"
"ALP6260019","82","22.0000","9002741212699"
"ALP6260020","363","20.8000","9002741207893"
"ALP6260021","49","22.0000","9002741212705"
"ALP6260022","85","22.0000","9002741212712"
"ALP6260023","15","22.0000","9002741212729"
"ALP6260024","219","22.0000","9002741212736"
"ALP6260025","412","20.8000","9002741207916"
"ALP6260026","72","22.0000","9002741212743"
"ALP6260027","70","22.0000","9002741212750"
"ALP6260028","255","22.0000","9002741212767"
"ALP6260029","54","22.0000","9002741212774"
"ALP6260030","1488","20.8000","9002741207930"
"ALP6260031","84","25.6000","9002741207947"
"ALP6260032","893","25.6000","9002741207961"
"ALP6260033","205","27.0000","9002741207978"
"ALP6260034","44","27.0000","9002741212781"
"ALP6260035","775","27.0000","9002741207985"
"ALP6260036","19","27.0000","9002741212798"
"ALP6260037","118","27.0000","9002741212804"
"ALP6260038","327","27.0000","9002741212811"
"ALP6260039","75","27.0000","9002741212828"
"ALP626004","1666","27.0000","9002741208012"
"ALP6260041","110","28.2000","9002741208029"
"ALP6260042","715","28.2000","9002741208036"
"ALP6260043","82","28.2000","9002741212835"
"ALP6260044","62","28.2000","9002741212842"
"ALP6260045","1386","32.0000","9002741208050"
"ALP6260046","103","32.0000","9002741212859"
"ALP6260047","162","32.0000","9002741212866"
"ALP6260048","1742","32.0000","9002741208074"
"ALP6260049","820","34.2000","9002741212873"
"ALP626005","4575","36.8000","9002741208081"
"ALP6260051","222","36.8000","9002741212880"
"ALP6260052","68","36.8000","9002741212897"
"ALP6260052-1","37","86.8000",""
"ALP6260053","276","36.8000","9002741212903"
"ALP6260054","43","36.8000","9002741212910"
"ALP6260055","1350","38.0000","9002741208104"
"ALP6260056","27","42.8000","9002741212927"
"ALP6260057","59","42.8000","9002741212934"
"ALP6260058","34","42.8000","9002741212941"
"ALP6260059","1265","42.8000","9002741212958"
"ALP626006","2284","44.2000","9002741208135"
"ALP6260061","77","47.8000","9002741212965"
"ALP6260062","239","47.8000","9002741212972"
"ALP6260063","64","47.8000","9002741212989"
"ALP6260064","120","47.8000","9002741212996"
"ALP6260065","1033","47.8000","9002741211111"
"ALP6260066","51","49.0000","9002741213009"
"ALP6260067","174","51.2000","9002741213016"
"ALP6260068","234","55.0000","9002741208166"
"ALP6260069","177","55.0000","9002741213023"
"ALP626007","615","55.0000","9002741208173"
"ALP6260071","37","57.6000","9002741213030"
"ALP6260072","136","57.6000","9002741213047"
"ALP6260073","40","57.6000","9002741213054"
"ALP6260074","42","62.2000","9002741213061"
"ALP6260075","458","62.2000","9002741208197"
"ALP6260076","40","62.2000","9002741213078"
"ALP6260077","32","67.2000","9002741213085"
"ALP6260078","67","67.2000","9002741213092"
"ALP6260079","120","67.2000","9002741213108"
"ALP626008","1577","67.2000","9002741208227"
"ALP6260081","53","72.2000","9002741213115"
"ALP6260082","69","72.2000","9002741213122"
"ALP6260083","60","72.2000","9002741213139"
"ALP6260084","46","72.2000","9002741213146"
"ALP6260085","982","75.8000","9002741208241"
"ALP6260086","79","78.2000","9002741213153"
"ALP6260087","76","78.2000","9002741213160"
"ALP6260088","63","81.8000","9002741213177"
"ALP6260089","62","81.8000","9002741213184"
"ALP626009","432","81.8000","9002741208265"
"ALP6260091","48","81.8000","9002741213191"
"ALP6260092","34","81.8000","9002741213207"
"ALP6260093","39","81.8000","9002741213214"
"ALP6260094","42","89.2000","9002741213221"
"ALP6260095","262","89.2000","9002741208289"
"ALP6260096","51","89.2000","9002741213238"
"ALP6260097","122","95.2000","9002741213245"
"ALP6260098","45","95.2000","9002741213252"
"ALP6260099","81","95.2000","9002741213269"
"ALP626010","990","95.2000","9002741208319"
"ALP6260102","126","95.2000","9002741208326"
"ALP6260105","797","107.5000","9002741208340"
"ALP6260108","70","125.0000","9002741213276"
"ALP626011","194","125.0000","9002741208364"
"ALP6260112","65","133.0000","9002741213283"
"ALP6260115","140","133.0000","9002741208388"
"ALP6260118","42","150.0000","9002741213290"
"ALP626012","704","150.0000","9002741208418"
"ALP6260122","27","150.0000","9002741213306"
"ALP6260125","489","159.0000","9002741208432"
"ALP626013","168","163.5000","9002741208456"
"ALP628012","6","362.0000","9002740683506"
"ALP6310010","37","219.5000","9002741212361"
"ALP6310015","12","219.5000","9002741212378"
"ALP6310020","22","219.5000","9002741212385"
"ALP6310025","13","219.5000","9002741212392"
"ALP6310030","48","219.5000","9002741212408"
"ALP6310031","86","255.0000","9002741212415"
"ALP6310032","27","255.0000","9002741212422"
"ALP6310033","25","264.5000","9002741212439"
"ALP6310035","21","264.5000","9002741212446"
"ALP6310040","6","279.0000","9002741212453"
"ALP6310041","38","293.5000","9002741212460"
"ALP6310042","13","308.0000","9002741212477"
"ALP6310045","30","314.5000","9002741212484"
"ALP6310048","27","323.5000","9002741212491"
"ALP6310050","38","371.5000","9002741212507"
"ALP6310055","20","384.0000","9002741212514"
"ALP6310060","48","462.0000","9002741212521"
"ALP6310065","17","492.0000","9002741212538"
"ALP6310068","61","572.5000","9002741212545"
"ALP6310070","7","572.5000","9002741212552"
"ALP6310075","31","653.0000","9002741212569"
"ALP6310080","18","705.5000","9002741212576"
"ALP6310085","24","798.0000","9002741212583"
"ALP6310090","4","846.5000","9002741212590"
"ALP6310095","17","933.0000","9002741212606"
"ALP6310100","-3","1018.5000","9002741212613"
"ALP633010","21","339.0000","9002741181070"
"ALP63303","13","148.0000","9002741181001"
"ALP63304","23","148.0000","9002741181018"
"ALP63305","51","173.5000","9002741181025"
"ALP63306","24","179.0000","9002741181032"
"ALP63308","13","251.5000","9002741181056"
"ALP6400105","22","225.5000","9002741211821"
"ALP6400110","21","228.0000","9002741211838"
"ALP6400115","54","243.5000","9002741212262"
"ALP6400120","24","248.5000","9002741211845"
"ALP6400125","11","267.5000","9002741211852"
"ALP6400130","10","267.5000","9002741211869"
"ALP6400135","80","365.5000","9002741211876"
"ALP6400140","645","375.5000","9002741211753"
"ALP6400145","89","412.0000","9002741211883"
"ALP6400150","204","422.5000","9002741211890"
"ALP6400155","35","496.0000","9002741211906"
"ALP6400160","778","496.0000","9002741211746"
"ALP64050165","12","1774.0000","9002740779063"
"ALP6480165","103","662.5000","9002741211913"
"ALP6480170","98","662.5000","9002741211920"
"ALP6480175","109","717.5000","9002741212231"
"ALP6480180","169","717.5000","9002741211739"
"ALP6480185","31","957.5000","9002741211937"
"ALP6480190","18","957.5000","9002741212248"
"ALP6480195","52","1062.0000","9002741212255"
"ALP6480200","92","1062.0000","9002741211722"
"ALP6510","2","533.5000","9002740218792"
"ALP6512","8","522.5000","9002740218807"
"ALP6516","3","743.0000","9002740218821"
"ALP6520","18","1157.0000","9002740218845"
"ALP65250025","4","1540.0000","9002740923169"
"ALP65250031","2","1981.0000","9002740923176"
"ALP65250040","2","2553.0000","9002740923183"
"ALP655001","5","138.0000","9002741303564"
"ALP6550015","5","127.0000","9002741303557"
"ALP655002","2","118.5000","9002741303540"
"ALP6550025","2","126.0000","9002741303533"
"ALP655003","20","126.0000","9002741303526"
"ALP6550032","11","138.0000","9002741303519"
"ALP6550033","6","138.0000","9002741303502"
"ALP6550035","19","138.0000","9002741303496"
"ALP655004","18","157.5000","9002741303489"
"ALP6550042","3","185.5000","9002741303472"
"ALP6550045","15","189.5000","9002741303465"
"ALP655005","21","190.5000","9002741303458"
"ALP6550055","11","243.5000","9002741303441"
"ALP655006","38","233.0000","9002741303434"
"ALP6550065","10","259.0000","9002741303427"
"ALP6550068","14","298.5000","9002741303281"
"ALP655007","102","269.5000","9002741303410"
"ALP6550075","3","283.0000","9002741303403"
"ALP655008","38","346.5000","9002741303397"
"ALP6550085","14","374.5000","9002741304349"
"ALP655009","11","436.0000","9002741303380"
"ALP6550095","14","504.5000","9002741304332"
"ALP655010","18","490.0000","9002741303373"
"ALP6550102","16","681.5000","9002741303366"
"ALP655011","11","767.5000","9002741303359"
"ALP655012","0","1092.5000","9002741303342"
"ALP655013","1","1393.0000","9002741303335"
"ALP656000251","13","4768.5000","9002741303304"
"ALP656001241","3","4918.0000","9002741649150"
"ALP6560135","7","783.5000","9002741303175"
"ALP656014","6","792.0000","9002741303182"
"ALP6560145","4","898.0000","9002741303199"
"ALP656015","9","935.5000","9002741303205"
"ALP6560155","4","1016.5000","9002741303212"
"ALP656016","13","1059.5000","9002741303229"
"ALP656017","2","2481.5000","9002741303236"
"ALP656018","15","2492.0000","9002741303243"
"ALP656019","6","2518.0000","9002741303250"
"ALP656020","12","2564.0000","9002741303267"
"ALP66600006","13","599.0000","9002741673896"
"ALP66600019","7","1986.0000","9002741673902"
"ALP66600025","4","4999.0000","9002741673919"
"ALP6660010","15","50.0000","9002741673391"
"ALP6660015","15","50.0000","9002741673407"
"ALP6660020","8","36.0000","9002741673414"
"ALP6660025","18","44.0000","9002741673421"
"ALP6660030","18","40.0000","9002741673438"
"ALP6660035","17","44.0000","9002741673445"
"ALP6660040","13","73.0000","9002741673452"
"ALP6660045","13","81.0000","9002741673469"
"ALP6660050","77","81.0000","9002741673476"
"ALP6660055","33","111.0000","9002741673483"
"ALP6660060","433","111.0000","9002741673490"
"ALP6660065","22","126.0000","9002741673506"
"ALP6660070","18","144.0000","9002741673513"
"ALP6660075","22","153.0000","9002741673520"
"ALP6660080","84","172.0000","9002741673537"
"ALP6660085","27","200.0000","9002741673544"
"ALP6660090","20","228.0000","9002741673551"
"ALP6660095","27","258.0000","9002741673568"
"ALP6660100","8","273.0000","9002741673575"
"ALP6660105","17","355.0000","9002741673582"
"ALP6660110","8","406.0000","9002741673599"
"ALP6660115","17","425.0000","9002741673605"
"ALP6660120","10","475.0000","9002741673612"
"ALP6660125","17","535.0000","9002741673629"
"ALP6660130","8","587.0000","9002741673636"
"ALP6670010","40","43.0000","9002741673643"
"ALP6670015","40","43.0000","9002741673650"
"ALP6670020","40","31.0000","9002741673667"
"ALP6670025","40","38.0000","9002741673674"
"ALP6670030","80","35.0000","9002741673681"
"ALP6670035","80","38.0000","9002741673698"
"ALP6670040","80","64.0000","9002741673704"
"ALP6670045","80","71.0000","9002741673711"
"ALP6670050","190","71.0000","9002741673728"
"ALP6670055","40","97.0000","9002741673735"
"ALP6670060","188","97.0000","9002741673742"
"ALP6670065","40","111.0000","9002741673759"
"ALP6670070","40","126.0000","9002741673766"
"ALP6670075","40","134.0000","9002741673773"
"ALP6670080","89","150.0000","9002741673780"
"ALP6670085","28","175.0000","9002741673797"
"ALP6670090","30","199.0000","9002741673803"
"ALP6670095","10","225.0000","9002741673810"
"ALP6670100","29","238.0000","9002741673827"
"ALP6670105","30","310.0000","9002741673834"
"ALP6670110","20","355.0000","9002741673841"
"ALP6670115","20","371.0000","9002741673858"
"ALP6670120","20","415.0000","9002741673865"
"ALP6670125","20","467.0000","9002741673872"
"ALP6670130","20","513.0000","9002741673889"
"ALP671000051","13","752.5000","9002741643172"
"ALP671000081","27","1049.5000","9002741643189"
"ALP6710002","15","4614.0000","9002741643196"
"ALP6710010","18","81.4000","9002741642847"
"ALP6710015","13","84.6000","9002741642854"
"ALP6710020","14","93.0000","9002741642861"
"ALP6710025","24","98.0000","9002741642878"
"ALP6710030","18","162.0000","9002741642885"
"ALP6710035","33","162.0000","9002741642892"
"ALP6710040","11","135.5000","9002741642908"
"ALP6710045","20","149.0000","9002741642915"
"ALP6710050","36","149.0000","9002741642922"
"ALP6710055","11","154.5000","9002741642939"
"ALP6710060","41","154.5000","9002741642946"
"ALP6710065","23","167.5000","9002741642953"
"ALP6710070","28","167.5000","9002741642977"
"ALP6710075","12","217.0000","9002741642984"
"ALP6710080","37","217.0000","9002741642991"
"ALP6710085","14","224.0000","9002741643004"
"ALP6710090","15","224.0000","9002741643011"
"ALP6710095","22","291.5000","9002741643028"
"ALP6710100","47","291.5000","9002741643035"
"ALP6710105","9","334.0000","9002741643042"
"ALP6710110","18","334.0000","9002741643059"
"ALP6710115","19","400.5000","9002741643066"
"ALP6710120","17","400.5000","9002741643073"
"ALP6710125","11","425.5000","9002741643080"
"ALP6710130","13","425.5000","9002741643097"
"ALP6720030","25","327.0000","9002741643103"
"ALP6720040","26","301.0000","9002741643110"
"ALP6720050","21","340.5000","9002741643127"
"ALP6720060","21","381.5000","9002741643134"
"ALP6720080","22","590.0000","9002741643141"
"ALP6720100","16","767.5000","9002741643158"
"ALP674012","12","183.0000","9002740205012"
"ALP680006","7","1728.0000","9002741278398"
"ALP680008","11","2017.5000","9002741278381"
"ALP680010","14","2061.5000","9002741278374"
"ALP680012","13","2212.0000","9002741278367"
"ALP680014","16","2455.5000","9002741278350"
"ALP680016","18","2656.5000","9002741278343"
"ALP682000041","6","2793.0000","9002741663231"
"ALP703003","11","603.5000","9002741124640"
"ALP703004","18","603.5000","9002741124657"
"ALP703005","18","603.5000","9002741124664"
"ALP703006","56","603.5000","9002741124671"
"ALP703008","19","826.0000","9002741124688"
"ALP703010","16","987.5000","9002741124695"
"ALP70403","9","284.0000","9002741124336"
"ALP70404","6","295.5000","9002741124343"
"ALP70405","23","302.5000","9002741124350"
"ALP70406","10","302.5000","9002741124367"
"ALP70408","13","490.0000","9002741124374"
"ALP70410","14","599.5000","9002741124381"
"ALP70412","34","571.5000","9002741124398"
"ALP7060160","14","941.5000","9002741124169"
"ALP7060200","76","1038.5000","9002741124152"
"ALP7060240","4","1272.5000","9002741124145"
"ALP7060280","4","1887.5000","9002741124138"
"ALP70702","253","730.5000","9002741124886"
"ALP70703","35","361.0000","9002740646228"
"ALP70704","53","361.0000","9002740646235"
"ALP70705","59","374.5000","9002740646242"
"ALP70706","67","398.5000","9002740646259"
"ALP70708","96","431.5000","9002740646266"
"ALP70710","79","560.5000","9002740646273"
"ALP70712","53","581.5000","9002740646280"
"ALP70714","-1","1673.0000","9002740004837"
"ALP70716","-1","2061.5000","9002740004745"
"ALP70718","1","2122.5000","9002740004752"
"ALP70720","-1","2343.5000","9002740004769"
"ALP7080016","17","2825.0000","9002740869450"
"ALP70802","12","137.0000","9002741124893"
"ALP70803","29","128.0000","9002740646297"
"ALP70804","26","128.0000","9002740646303"
"ALP70805","53","131.0000","9002740646310"
"ALP70806","34","141.5000","9002740646327"
"ALP70808","39","148.0000","9002740646334"
"ALP70810","29","196.5000","9002740646341"
"ALP70812","42","200.0000","9002740646358"
"ALP70814","3","894.0000","9002740004783"
"ALP70818","0","1050.0000","9002740004806"
"ALP70820","0","1153.0000","9002740004813"
"ALP71003","6","213.5000","9002740646365"
"ALP71004","36","213.5000","9002740646372"
"ALP71005","31","213.5000","9002740646389"
"ALP71006","42","213.5000","9002740646396"
"ALP71008","27","213.5000","9002740646402"
"ALP71010","33","213.5000","9002740646419"
"ALP71012","24","213.5000","9002740646426"
"ALP71125","35","242.5000","9002740646433"
"ALP71200","12","339.0000","9002740646440"
"ALP713000011","17","505.5000","9002740646457"
"ALP71403","3","313.5000","9002741124466"
"ALP71404","0","313.5000","9002741124459"
"ALP71405","4","340.0000","9002741124442"
"ALP71406","4","340.0000","9002741124435"
"ALP71408","3","533.5000","9002741124428"
"ALP71410","-1","637.0000","9002741124411"
"ALP71412","-2","609.0000","9002741124404"
"ALP71503","12","849.0000","9002741124534"
"ALP71504","15","738.0000","9002741124527"
"ALP71505","15","738.0000","9002741124510"
"ALP71506","10","738.0000","9002741124503"
"ALP71508","14","1021.5000","9002741124497"
"ALP71510","16","1184.0000","9002741124480"
"ALP71512","7","1450.5000","9002741124473"
"ALP71804","432","74.4000","9002740973003"
"ALP71805","77","74.4000","9002740342106"
"ALP718055","51","85.4000","9002740342113"
"ALP71806","115","85.4000","9002740342120"
"ALP718065","23","104.0000","9002740342137"
"ALP71807","76","109.0000","9002740342144"
"ALP71808","84","106.0000","9002740342151"
"ALP71810","192","133.0000","9002740342168"
"ALP7210","0","308.0000","9002740869481"
"ALP722004121","5","1352.5000","9002740661870"
"ALP722006301","7","2849.0000","9002740869603"
"ALP722007291","7","4149.5000","9002740661900"
"ALP722012201","7","1829.0000","9002740661887"
"ALP72705","53","132.0000","9002740898689"
"ALP727055","34","132.0000","9002740676324"
"ALP72706","50","134.5000","9002740233237"
"ALP727065","15","157.5000","9002740348269"
"ALP72707","21","173.5000","9002740339557"
"ALP72708","32","173.5000","9002740233244"
"ALP72710","12","190.5000","9002740233251"
"ALP728007291","6","7381.5000","9002740869672"
"ALP72905","53","183.0000","9002740000235"
"ALP72906","60","189.5000","9002740000242"
"ALP72908","102","241.5000","9002740000259"
"ALP72910","99","286.5000","9002740000280"
"ALP72912","87","314.5000","9002740000266"
"ALP72914","27","362.0000","9002740000273"
"ALP73006","7","371.5000","9002741045921"
"ALP73008","6","436.0000","9002741045945"
"ALP73010","11","493.5000","9002741045952"
"ALP73012","22","536.0000","9002741045969"
"ALP73014","10","620.0000","9002741045976"
"ALP73016","17","679.5000","9002741045983"
"ALP73421","11","1682.5000","9002741027170"
"ALP73422","7","1962.5000","9002741027187"
"ALP73424","4","2131.0000","9002741027200"
"ALP73425","10","2278.0000","9002741027217"
"ALP73706","24","141.5000","9002740233282"
"ALP737065","26","157.5000","9002740348276"
"ALP73708","29","179.0000","9002740233299"
"ALP73710","25","210.0000","9002740233305"
"ALP73712","31","298.5000","9002740233312"
"ALP762005","388","141.5000","9002741276271"
"ALP762006","62","138.0000","9002741276288"
"ALP762008","121","161.0000","9002741276295"
"ALP763006","88","151.5000","9002741276301"
"ALP763008","160","176.0000","9002741276318"
"ALP763010","679","206.0000","9002741276325"
"ALP763012","-14","250.0000","9002741276332"
"ALP764006","21","202.5000","9002741276349"
"ALP764008","61","209.0000","9002741276356"
"ALP764010","108","228.0000","9002741276363"
"ALP764012","41","289.0000","9002741276370"
"ALP765006","34","274.5000","9002741276387"
"ALP765008","57","275.5000","9002741276394"
"ALP765010","38","290.5000","9002741276400"
"ALP765012","13","345.0000","9002741276417"
"ALP765014","56","542.0000","9002741277513"
"ALP76804","18","79.4000","9002740607540"
"ALP76805","50","61.2000","9002740604099"
"ALP768055","51","64.6000","9002740604105"
"ALP76806","54","59.8000","9002740604112"
"ALP76808","4","75.8000","9002740604129"
"ALP76810","134","94.0000","9002740604136"
"ALP76905","54","75.8000","9002740604143"
"ALP769055","32","75.8000","9002740604150"
"ALP76906","230","72.2000","9002740604167"
"ALP76907","42","94.0000","9002740604174"
"ALP76908","113","83.0000","9002740604181"
"ALP76910","277","96.4000","9002740604198"
"ALP76912","113","122.5000","9002740604204"
"ALP76914","45","171.0000","9002740604211"
"ALP76916","75","241.5000","9002740608868"
"ALP77006","161","107.5000","9002740604235"
"ALP77008","62","102.5000","9002740604242"
"ALP77010","78","110.0000","9002740604259"
"ALP77012","-46","140.5000","9002740604266"
"ALP77014","14","185.5000","9002740604273"
"ALP77016","7","238.0000","9002740604280"
"ALP77106","49","154.0000","9002740604310"
"ALP771065","52","154.0000","9002740637042"
"ALP77108","20","141.5000","9002740604327"
"ALP77110","20","157.5000","9002740604334"
"ALP77112","35","179.0000","9002740604341"
"ALP77114","39","234.0000","9002740604358"
"ALP77116","15","277.0000","9002740604372"
"ALP77306","30","238.0000","9002740604389"
"ALP77308","28","224.5000","9002740604396"
"ALP77310","44","223.5000","9002740604402"
"ALP77312","11","275.5000","9002740604419"
"ALP77314","38","264.5000","9002740604426"
"ALP77316","20","397.5000","9002740604433"
"ALP77600","3","10290.5000","9002740883012"
"ALP7760000131","0","2610.5000","9002741649143"
"ALP776003","4","2329.0000","9002741011490"
"ALP77766106","5","474.5000","9002740790211"
"ALP77766110","9","642.0000","9002740790235"
"ALP77766112","3","900.0000","9002740790242"
"ALP77786106","8","489.0000","9002740942252"
"ALP77806","9","367.0000","9002740682172"
"ALP77808","33","262.0000","9002740604464"
"ALP77810","35","288.0000","9002740604471"
"ALP77812","19","323.5000","9002740604488"
"ALP77814","2","354.5000","9002740604495"
"ALP77816","37","526.5000","9002740604501"
"ALP77818","5","678.5000","9002740604518"
"ALP77820","13","730.5000","9002740604525"
"ALP77866106","3","520.5000","9002740790570"
"ALP77866110","7","703.0000","9002740790594"
"ALP77866112","8","991.5000","9002740790600"
"ALP77886112","9","1084.0000","9002740789574"
"ALP7793061121","7","914.5000","9002740789727"
"ALP77966106","2","503.5000","9002740790273"
"ALP77966110","6","732.0000","9002740790297"
"ALP77966112","4","1008.5000","9002740790303"
"ALP7803081121","10","610.5000","9002740944362"
"ALP78066106","16","503.5000","9002740790334"
"ALP78066110","7","671.0000","9002740790358"
"ALP78066112","6","840.5000","9002740790365"
"ALP7806961121","42","760.5000","9002741050147"
"ALP78366106","6","503.5000","9002740790396"
"ALP78366110","13","596.0000","9002740790419"
"ALP78366112","10","807.5000","9002740790426"
"ALP78766110","6","642.0000","9002740790532"
"ALP78766112","8","807.5000","9002740790549"
"ALP78866106","6","549.5000","9002740790679"
"ALP78866110","3","732.0000","9002740790693"
"ALP78866112","3","886.5000","9002740790709"
"ALP7896061101","4","807.5000","9002740790754"
"ALP7896061121","28","1008.5000","9002740790761"
"ALP805000051","73","805.0000","9002741276837"
"ALP805000071","16","1291.0000","9002741276844"
"ALP805005","54","148.0000","9002741265220"
"ALP8050055","29","153.0000","9002741265237"
"ALP805006","250","145.5000","9002741265244"
"ALP805007","102","193.5000","9002741265251"
"ALP805008","23","168.5000","9002741265268"
"ALP805010","78","181.0000","9002741265275"
"ALP80704","118","91.4000","9002740234340"
"ALP80705","699","73.2000","9002740234364"
"ALP807055","441","75.8000","9002740234371"
"ALP80706","1827","72.2000","9002740234388"
"ALP807065","47","87.8000","9002740234401"
"ALP80707","67","87.8000","9002740234418"
"ALP80708","632","87.8000","9002740234432"
"ALP80710","390","106.0000","9002740234449"
"ALP8100191","74","944.0000","9002741649174"
"ALP810031","73","996.0000","9002740374572"
"ALP810311100","87","923.0000","9002741208548"
"ALP810321100","77","2188.0000","9002741208555"
"ALP8103511","4","2767.5000","9002741217885"
"ALP8103611","5","4560.5000","9002741217892"
"ALP8104001","19","1816.5000","9002741217861"
"ALP811092100","274","623.5000","9002741208531"
"ALP8111011","57","662.5000","9002741226061"
"ALP8111021","132","676.0000","9002741226054"
"ALP8111031","333","374.0000","9002741668755"
"ALP811122100","276","411.0000","9002741208524"
"ALP815000071","5","1662.0000","9002741276929"
"ALP815005","85","161.0000","9002741265282"
"ALP8150055","42","167.5000","9002741265299"
"ALP815006","555","160.0000","9002741265305"
"ALP8150065","45","205.0000","9002741265312"
"ALP815007","43","211.0000","9002741265329"
"ALP815008","339","184.5000","9002741265336"
"ALP815009","70","232.0000","9002741265343"
"ALP815010","165","217.5000","9002741265350"
"ALP815012","389","262.0000","9002741265367"
"ALP815014","230","345.0000","9002741265374"
"ALP815015","89","487.0000","9002741265381"
"ALP815016","169","514.0000","9002741265398"
"ALP8150681","626","591.0000","9002741276820"
"ALP817005551","85","239.0000","9002741289912"
"ALP817005681","97","267.5000","9002741256983"
"ALP81704","109","98.8000","9002740661498"
"ALP81705","509","87.8000","9002740234494"
"ALP817055","137","87.8000","9002740234500"
"ALP81706","3694","84.2000","9002740234517"
"ALP817065","80","102.5000","9002740234531"
"ALP81707","40","106.0000","9002740234548"
"ALP81708","1935","95.2000","9002740234579"
"ALP81709","128","118.5000","9002740385769"
"ALP817095","22","116.5000","9002740579373"
"ALP81710","1437","109.0000","9002740234593"
"ALP81711","75","134.5000","9002740234609"
"ALP81712","1071","134.5000","9002740234623"
"ALP81713","41","173.5000","9002740234647"
"ALP81714","1076","182.0000","9002740234654"
"ALP81715","50","218.5000","9002740234678"
"ALP81716","796","254.0000","9002740277637"
"ALP825005","56","228.0000","9002741265404"
"ALP825006","108","212.5000","9002741265411"
"ALP8250065","32","277.0000","9002741265428"
"ALP825008","71","218.5000","9002741265435"
"ALP825010","106","239.0000","9002741265442"
"ALP825012","91","306.0000","9002741265459"
"ALP825014","58","472.5000","9002741265466"
"ALP825016","92","585.0000","9002741265473"
"ALP82705","75","125.0000","9002740601364"
"ALP827055","19","125.0000","9002740632696"
"ALP82706","121","116.5000","9002740350385"
"ALP827065","111","116.5000","9002740567431"
"ALP82707","-1","114.5000","9002740418238"
"ALP82708","220","114.5000","9002740234746"
"ALP82709","41","140.5000","9002740234753"
"ALP82710","198","121.0000","9002740234760"
"ALP82712","173","151.5000","9002740234777"
"ALP82714","83","199.0000","9002740234784"
"ALP82715","71","224.5000","9002740404187"
"ALP82716","133","248.5000","9002740234791"
"ALP82718","96","320.5000","9002740235408"
"ALP82719","24","338.0000","9002740235415"
"ALP82720","9","383.0000","9002740235422"
"ALP832010","5","1464.0000","9002740190561"
"ALP832012","4","1334.5000","9002740190608"
"ALP832014","7","1668.0000","9002740190646"
"ALP832016","3","1975.0000","9002740190677"
"ALP832018","3","2000.5000","9002740190714"
"ALP832020","1","2544.0000","9002740190738"
"ALP832022","3","2986.5000","9002740190752"
"ALP832026","1","4625.0000","9002740190790"
"ALP832030","2","5529.0000","9002740190837"
"ALP832032","4","7833.0000","9002740190851"
"ALP832040","3","19702.5000","9002740190936"
"ALP835006","36","288.0000","9002741265480"
"ALP8350065","17","385.0000","9002741265497"
"ALP835008","59","289.0000","9002741265503"
"ALP835009","30","343.5000","9002741265510"
"ALP835010","42","307.0000","9002741265527"
"ALP835012","45","363.0000","9002741265534"
"ALP835014","41","571.5000","9002741265541"
"ALP835015","44","707.5000","9002741265558"
"ALP835016","33","801.5000","9002741265565"
"ALP835018","25","906.0000","9002741277766"
"ALP835020","22","995.0000","9002741277773"
"ALP835022","15","1151.0000","9002741277780"
"ALP835024","9","1375.5000","9002741277797"
"ALP835025","19","1567.0000","9002741277803"
"ALP83615","4","708.5000","9002741049646"
"ALP837055","67","183.0000","9002740980353"
"ALP83706","92","166.5000","9002740351214"
"ALP837065","47","166.5000","9002740593942"
"ALP83707","196","153.0000","9002740978138"
"ALP83708","250","153.0000","9002740234814"
"ALP837095","30","166.5000","9002740640752"
"ALP83710","90","168.5000","9002740234838"
"ALP83711","33","191.5000","9002740234845"
"ALP83712","251","191.5000","9002740234852"
"ALP83713","51","224.5000","9002740234876"
"ALP83714","124","245.5000","9002740234883"
"ALP83715","33","282.0000","9002740234890"
"ALP83716","183","289.0000","9002740234913"
"ALP83718","20","339.0000","9002740418245"
"ALP83720","92","379.0000","9002740418252"
"ALP83722","11","622.5000","9002740235446"
"ALP83724","40","710.5000","9002740235460"
"ALP83725","20","799.0000","9002740235477"
"ALP83726","9","851.5000","9002740235484"
"ALP845006","11","420.5000","9002741265572"
"ALP8450065","33","520.5000","9002741265589"
"ALP845008","13","440.0000","9002741265596"
"ALP845010","43","453.5000","9002741265602"
"ALP845012","34","522.5000","9002741265619"
"ALP845014","23","600.5000","9002741265626"
"ALP845016","34","838.0000","9002741265633"
"ALP84705","106","275.5000","9002741051519"
"ALP847055","26","275.5000","9002740980360"
"ALP84706","65","250.0000","9002740588146"
"ALP847065","23","275.5000","9002740980377"
"ALP84707","26","250.0000","9002740685524"
"ALP84708","101","235.5000","9002740587590"
"ALP84710","147","234.0000","9002740234968"
"ALP84712","175","288.0000","9002740346197"
"ALP84713","29","267.5000","9002740352624"
"ALP84714","59","277.0000","9002740235019"
"ALP84716","136","409.5000","9002740235040"
"ALP84718","86","515.0000","9002740319023"
"ALP84719","9","550.5000","9002740593478"
"ALP84720","67","604.5000","9002740235545"
"ALP84722","47","638.5000","9002740418269"
"ALP84724","24","799.0000","9002740418276"
"ALP84725","21","888.0000","9002740632825"
"ALP8510","13","1239.5000","9002740219040"
"ALP8512","4","1320.0000","9002740219057"
"ALP8514","10","1635.5000","9002740219064"
"ALP8516","2","1696.0000","9002740219071"
"ALP871012","8","646.0000","9002740978343"
"ALP872050","0","6066.0000","9002740978213"
"ALP872068","3","7465.5000","9002740978220"
"ALP872125","1","12048.5000","9002741123254"
"ALP875008","14","632.5000","9002741265640"
"ALP875010","15","701.5000","9002741265657"
"ALP875012","17","761.5000","9002741265664"
"ALP875014","33","798.0000","9002741265671"
"ALP875016","15","1020.5000","9002741265688"
"ALP875018","8","1130.0000","9002741278169"
"ALP875020","28","1282.0000","9002741277728"
"ALP875022","3","1520.0000","9002741277735"
"ALP875024","13","1718.0000","9002741277742"
"ALP875025","17","1811.5000","9002741277759"
"ALP875028","16","2390.0000","9002741281398"
"ALP875030","7","2672.0000","9002741281404"
"ALP875032","6","3043.5000","9002741281411"
"ALP877055","13","421.5000","9002740980384"
"ALP87706","32","384.0000","9002740682189"
"ALP877065","36","301.0000","9002740980391"
"ALP87708","130","274.5000","9002740402718"
"ALP87710","201","300.0000","9002740235194"
"ALP87712","295","335.0000","9002740235200"
"ALP87713","26","352.5000","9002740544364"
"ALP87714","242","365.5000","9002740235224"
"ALP87715","5","462.0000","9002740235231"
"ALP87716","280","539.0000","9002740235255"
"ALP87718","42","564.0000","9002740235583"
"ALP87719","15","692.0000","9002740235590"
"ALP87720","77","666.0000","9002740235606"
"ALP87722","117","699.0000","9002740235613"
"ALP87724","101","926.0000","9002740384588"
"ALP87725","74","999.0000","9002740235644"
"ALP87726","27","1093.5000","9002740235651"
"ALP885040","1","8178.0000","9002741276240"
"ALP885045","0","8357.0000","9002741274901"
"ALP885055","0","9088.5000","9002741274918"
"ALP885065","0","10968.5000","9002741274925"
"ALP885080","2","12222.5000","9002741274932"
"ALP885145","1","7724.5000","9002741617005"
"ALP885155","3","8401.5000","9002741617012"
"ALP885165","2","10139.0000","9002741617029"
"ALP885180","1","11298.0000","9002741617036"
"ALP886045","3","9402.0000","9002741274949"
"ALP886065","0","11908.5000","9002741274963"
"ALP886080","0","13684.5000","9002741274970"
"ALP886145","0","8690.5000","9002741617043"
"ALP886155","0","9174.5000","9002741617050"
"ALP886165","2","11007.5000","9002741617067"
"ALP886180","0","12649.0000","9002741617074"
"ALP88710","14","515.0000","9002740534686"
"ALP88712","23","515.0000","9002740235293"
"ALP88714","8","578.5000","9002740235316"
"ALP88716","25","587.0000","9002740319030"
"ALP88718","-1","898.0000","9002740561118"
"ALP88720","20","914.5000","9002740534709"
"ALP88724","20","1273.5000","9002740536345"
"ALP88725","28","1364.0000","9002740003540"
"ALP88865","0","9975.5000","9002740978466"
"ALP88912","26","1540.0000","9002740611936"
"ALP88913","10","1571.0000","9002740978145"
"ALP88914","12","1680.5000","9002740611943"
"ALP88915","406","1839.5000","9002740611950"
"ALP88916","21","1920.0000","9002740611967"
"ALP88918","23","1990.5000","9002740611974"
"ALP88920","16","1954.0000","9002740611981"
"ALP88922","8","2166.0000","9002740611998"
"ALP88924","13","2269.5000","9002740612001"
"ALP88925","39","2320.5000","9002740612018"
"ALP88926","14","2662.5000","9002740978268"
"ALP89028","14","2662.5000","9002740612025"
"ALP89030","7","2795.0000","9002740612032"
"ALP89032","16","2898.5000","9002740612049"
"ALP89035","8","3348.0000","9002740612056"
"ALP89038","9","3972.5000","9002740612063"
"ALP89040","3","4441.0000","9002740612070"
"ALP89112","32","1905.5000","9002740612087"
"ALP89113","12","1949.0000","9002740978152"
"ALP89114","18","2026.0000","9002740612094"
"ALP89115","26","2141.5000","9002740612100"
"ALP89116","46","2151.5000","9002740612117"
"ALP89118","24","2220.5000","9002740612124"
"ALP89119","12","2238.0000","9002740978336"
"ALP89120","19","2238.0000","9002740612131"
"ALP89122","16","2348.5000","9002740612148"
"ALP89124","20","2686.5000","9002740612155"
"ALP89125","7","2732.0000","9002740612162"
"ALP89126","0","2804.0000","9002740612179"
"ALP89228","201","2980.0000","9002740612186"
"ALP89230","60","3260.0000","9002740612193"
"ALP89232","520","3500.0000","9002740612209"
"ALP89235","35","3751.0000","9002740612216"
"ALP89238","0","4373.0000","9002740612223"
"ALP89240","12","5014.0000","9002740612230"
"ALP89245","6","7407.0000","9002740978275"
"ALP89250","2","8893.0000","9002740978282"
"ALP89312","7","2549.5000","9002740612247"
"ALP89328","85","3608.5000","9002740612254"
"ALP89335","18","4196.5000","9002740612261"
"ALP894025","9","3798.0000","9002740612292"
"ALP894028","44","4835.0000","9002741283316"
"ALP894032","0","5012.0000","9002740612308"
"ALP89440","31","6943.5000","9002740612315"
"ALP895022","10","6793.5000","9002740978299"
"ALP895025","2","7008.0000","9002740978305"
"ALP895032","30","8541.5000","9002740978312"
"ALP89640","1","2266.0000","9002740581352"
"ALP89665","0","1766.5000","9002740581369"
"ALP89680","1","2657.5000","9002740581376"
"ALP89800951","12","629.5000","9002740581390"
"ALP89802001","47","1058.0000","9002740581413"
"ALP89908001","1","243.5000","9002740581420"
"ALP9010015","0","62.2000",""
"ALP901002","5","56.2000",""
"ALP9010025","0","59.8000",""
"ALP901003","0","54.2000",""
"ALP9010033","5","67.2000",""
"ALP9010042","1","89.2000",""
"ALP9010045","0","94.0000",""
"ALP901005","0","87.8000",""
"ALP9010052","0","102.5000",""
"ALP9010055","0","126.0000",""
"ALP901006","0","117.5000",""
"ALP9010065","0","132.0000",""
"ALP9010068","0","154.0000",""
"ALP901007","0","135.5000",""
"ALP9010075","0","145.5000",""
"ALP901008","0","177.0000",""
"ALP9010083","5","233.0000",""
"ALP9010085","-5","176.0000",""
"ALP901009","-5","228.0000",""
"ALP9010095","-5","270.5000",""
"ALP901010","-2","267.5000",""
"ALP9010105","0","385.0000",""
"ALP901038","0","85.4000",""
"ALP901042","0","90.4000",""
"ALP901048","0","96.4000",""
"ALP9020021","10","450.5000","9002740638223"
"ALP905010","5","1073.0000","9002741277209"
"ALP905012","15","1226.5000","9002741277216"
"ALP905014","9","1342.0000","9002741277223"
"ALP905016","7","1604.5000","9002741277230"
"ALP905018","9","1965.5000","9002741277247"
"ALP905020","6","2144.0000","9002741277254"
"ALP905022","4","2531.5000","9002741277261"
"ALP906001101","10","2260.0000","9002741649099"
"ALP91312","9","797.0000","9002740626657"
"ALP91316","5","961.0000","9002740626664"
"ALP91320","9","1414.0000","9002740626671"
"ALP91410","22","1159.0000","9002740631217"
"ALP91412","8","1159.0000","9002740626688"
"ALP91414","15","1346.5000","9002740680857"
"ALP91416","22","1634.0000","9002740626695"
"ALP91418","27","1663.5000","9002740680864"
"ALP91420","17","1743.5000","9002740626701"
"ALP91425","22","2245.0000","9002740983330"
"ALP915010","13","2505.5000","9002741277278"
"ALP915012","17","2579.5000","9002741277285"
"ALP915014","8","2753.0000","9002741277292"
"ALP915016","9","2983.0000","9002741277315"
"ALP92102","11","128.0000","9002740613619"
"ALP921025","22","135.5000","9002740613626"
"ALP92103","17","135.5000","9002740157915"
"ALP921032","19","146.5000","9002740157922"
"ALP921035","19","146.5000","9002740157946"
"ALP92104","48","156.0000","9002740157953"
"ALP921042","14","190.5000","9002740157977"
"ALP921045","33","192.5000","9002740157984"
"ALP92105","34","176.0000","9002740158004"
"ALP921055","15","247.5000","9002740158028"
"ALP92106","29","234.0000","9002740158035"
"ALP921065","23","261.0000","9002740158042"
"ALP92107","19","273.5000","9002740158059"
"ALP921075","12","285.5000","9002740158066"
"ALP92108","21","348.5000","9002740158073"
"ALP921085","23","345.0000","9002740158080"
"ALP92109","13","439.0000","9002740158097"
"ALP921095","22","513.0000","9002740158103"
"ALP92110","36","497.5000","9002740158110"
"ALP95103","37","38.0000","9002740615354"
"ALP951045","45","56.2000","9002740615507"
"ALP951049","1","69.6000","9002740615545"
"ALP951082","4","153.0000","9002740615903"
"ALP951105","351","282.0000","9002740616092"
"ALP95202","29","139.5000","9002740969853"
"ALP95203","27","162.5000","9002740969860"
"ALP95204","37","179.0000","9002740969877"
"ALP95205","61","185.5000","9002740969884"
"ALP95206","28","211.0000","9002740969891"
"ALP95208","15","270.5000","9002740969945"
"ALP954001","100","25.6000","9002741207107"
"ALP9540015","80","27.0000","9002741207114"
"ALP954002","90","28.2000","9002741207121"
"ALP9540022","28","32.0000","9002741216123"
"ALP9540025","155","32.0000","9002741207138"
"ALP9540028","32","33.0000","9002741216208"
"ALP954003","369","33.0000","9002741207145"
"ALP9540031","30","34.2000","9002741207152"
"ALP9540032","110","34.2000","9002741207169"
"ALP9540033","52","35.6000","9002741207176"
"ALP9540034","137","36.8000","9002741207183"
"ALP9540035","168","36.8000","9002741207190"
"ALP9540038","93","38.0000","9002741216321"
"ALP954004","393","38.0000","9002741207206"
"ALP9540041","32","40.6000","9002741207213"
"ALP9540042","90","40.6000","9002741207220"
"ALP9540045","191","40.6000","9002741207237"
"ALP9540048","176","41.6000","9002741207244"
"ALP9540049","136","44.2000","9002741216468"
"ALP954005","654","44.2000","9002741207251"
"ALP9540052","84","56.2000","9002741216505"
"ALP9540055","121","56.2000","9002741207268"
"ALP954006","345","58.6000","9002741207275"
"ALP9540062","64","72.2000","9002741216628"
"ALP9540065","245","72.2000","9002741207282"
"ALP9540068","71","87.8000","9002741207299"
"ALP954007","135","89.2000","9002741207305"
"ALP9540075","97","92.8000","9002741207312"
"ALP954008","144","97.4000","9002741207329"
"ALP9540082","55","123.5000","9002741216871"
"ALP9540085","144","123.5000","9002741207336"
"ALP954009","104","137.0000","9002741207343"
"ALP9540095","82","153.0000","9002741207350"
"ALP954010","211","163.5000","9002741207367"
"ALP9540102","38","182.0000","9002741207374"
"ALP9540105","83","201.5000","9002741207381"
"ALP954011","113","229.0000","9002741207398"
"ALP9540115","47","267.5000","9002741207404"
"ALP954012","141","292.5000","9002741207411"
"ALP9540125","25","310.0000","9002741207428"
"ALP954013","77","346.5000","9002741207435"
"ALP97002801","1","469.0000","9002740612322"
"ALP97004001","34","539.0000","9002740612339"
"ALP97006001","14","726.0000","9002740612346"
"ALP97102801","19","469.0000","9002740612353"
"ALP97104001","42","550.5000","9002740612360"
"ALP97106001","24","751.5000","9002740612377"
"ALP97203501","26","2219.5000","9002740897057"
"ALP973002511","40","867.0000","9002741260836"
"ALP973002521","22","867.0000","9002741260843"
"ALP973002531","19","1197.5000","9002741260850"
"ALP97426301","17","954.0000","9002740612414"
"ALP97805401","44","812.5000","9002740612438"
"ALP97808301","24","1051.0000","9002740612445"
"ALP97811351","13","2505.5000","9002740612452"
"ALP97905301","10","938.5000","9002740612490"
"ALP97908301","11","1202.0000","9002740612506"
"ALP980000031","8","1433.0000","9002740646471"
"ALP980000131","15","1114.5000","9002741122516"
"ALP98002501","84","427.5000","9002740612537"
"ALP98090101","12","0.0500",""
"ALP98102501","79","427.5000","9002740612544"
"ALP98204251","121","593.0000","9002740612551"
"ALP98302251","62","755.5000","9002740612568"
"ALP98305051","31","755.5000","9002740008996"
"ALP9840225","55","1553.5000","9002740897064"
"ALP9850165","17","694.0000","9002741123476"
"ALP987002511","13","530.0000","9002741260805"
"ALP987002521","15","530.0000","9002741260812"
"ALP987002531","14","715.0000","9002741260829"
"ALP996000211","18","2348.5000","9002740624851"
"AT OIL","1023","99.0000","6009691300486"
"AT0001","309","942.5000","6009515812669"
"AT0001-SK01","23","137.5000","6009515851439"
"AT0001-SK02","48","182.0000","6009515851446"
"AT0001-SK03","48","111.5000","6009515851453"
"AT0001-SK04","20","580.0000","6009515851460"
"AT0001-SK05","40","82.4000","6009515851477"
"AT0001-SK06","48","135.0000","6009515851484"
"AT0001-SK07","39","161.5000","6009515851491"
"AT0001-SK08","35","225.5000","6009515851507"
"AT0001-SK09","0","205.5000","6009515851514"
"AT0001-SK10","47","205.5000","6009515907198"
"AT0002","763","1893.5000","6009515812676"
"AT0002-SK01","24","124.5000","6009515851521"
"AT0002-SK02","45","258.0000","6009515851538"
"AT0002-SK03","59","617.5000","6009515851545"
"AT0002-SK04","45","902.0000","6009515851552"
"AT0002-SK05","23","90.4000","6009515851569"
"AT0002-SK06","25","117.5000","6009515851576"
"AT0002-SK07","26","158.0000","6009515851583"
"AT0002-SK08","10","457.0000","6009515851590"
"AT0002-SK09","25","230.5000","6009515851606"
"AT0003","78","1053.5000","6009515812683"
"AT0003-SK01","36","43.4000","6009515852580"
"AT0003-SK02","18","14.1000","6009515852597"
"AT0003-SK03","37","22.4000","6009515852603"
"AT0003-SK04","18","61.0000","6009515852610"
"AT0003-SK05","9","31.8000","6009515852627"
"AT0003-SK06","14","37.0000","6009515852634"
"AT0003-SK07","13","31.4000","6009515852641"
"AT0003-SK08","49","148.5000","6009515852658"
"AT0003-SK09","60","205.0000","6009515852665"
"AT0003-SK10","20","28.2000","6009515860264"
"AT0003-SK11","10","28.2000","6009515860271"
"AT0004","115","2660.5000","6009515812720"
"AT0004-SK01","35","281.5000","6009515856113"
"AT0004-SK02","36","445.5000","6009515856120"
"AT0004-SK03","35","351.5000","6009515856137"
"AT0004-SK04","38","1335.5000","6009515856144"
"AT0004-SK05","68","1980.0000","6009515856151"
"AT0004-SK06","35","1640.0000","6009515856168"
"AT0004-SK07","15","141.0000","6009515856175"
"AT0004-SK08","19","246.5000","6009515856182"
"AT0004-SK09","16","138.0000","6009515860103"
"AT0005","41","885.5000","6009515812706"
"AT0005-31","13","188.0000",""
"AT0005-SK01","11","38.8000","6009515857370"
"AT0005-SK02","39","134.0000","6009515857387"
"AT0005-SK03","22","57.6000","6009515857394"
"AT0005-SK04","3","268.0000","6009515857400"
"AT0005-SK05","11","197.0000","6009515857417"
"AT0005-SK06","44","64.6000","6009515857424"
"AT0005-SK07","31","98.6000","6009515857431"
"AT0005-SK08","24","196.0000","6009515857448"
"AT0005-SK09","11","21.2000","6009515857455"
"AT0006","57","1427.0000","6009515812713"
"AT0006-SK01","10","43.4000","6009515856571"
"AT0006-SK02","19","14.1000","6009515856588"
"AT0006-SK03","10","22.4000","6009515856595"
"AT0006-SK04","20","419.5000","6009515856601"
"AT0006-SK05","18","31.8000","6009515856618"
"AT0006-SK06","19","258.0000","6009515856625"
"AT0006-SK07","19","233.5000","6009515856632"
"AT0006-SK08","14","94.4000","6009515856649"
"AT0006-SK09","9","219.0000","6009515856656"
"AT0006-SK10","29","28.2000","6009515860288"
"AT0006-SK11","7","288.5000","6009515860295"
"AT0007","46","530.0000","6009515812690"
"AT0007-08","12","24.4000",""
"AT0007-09","9","36.8000",""
"AT0007-13","8","48.8000",""
"AT0007-14","9","61.0000",""
"AT0007-18","8","181.5000",""
"AT0007-22","8","61.0000",""
"AT0007-25","10","97.2000",""
"AT0007-28","9","266.5000",""
"AT0007-SK01","19","9.4000","6009515856663"
"AT0007-SK02","5","114.0000","6009515856670"
"AT0007-SK03","16","51.8000","6009515856687"
"AT0007-SK04","15","24.8000","6009515856694"
"AT0007-SK05","39","55.2000","6009515856700"
"AT0007-SK06","16","111.5000","6009515856717"
"AT0007-SK07","10","83.2000","6009515856724"
"AT0007-SK08","24","35.2000","6009515856731"
"AT0007-SK09","44","15.4000","6009515856748"
"AT0009","40","996.0000","6009515816582"
"AT0010","80","1244.5000","6009515816599"
"AT0010-SK01","26","16.3000","6009515849375"
"AT0010-SK02","31","79.8000","6009515849382"
"AT0010-SK03","25","160.0000","6009515849399"
"AT0010-SK04","26","74.2000","6009515849405"
"AT0010-SK05","43","383.0000","6009515849412"
"AT0010-SK06","32","76.6000","6009515849429"
"AT0010-SK07","34","87.8000","6009515849436"
"AT0010-SK08","27","8.1000","6009515849443"
"AT0010-SK09","29","262.0000","6009515849450"
"AT0010-SK10","39","22.8000","6009515849467"
"AT0010-SK11","34","57.2000","6009515849474"
"AT0011","474","1362.5000","6009515820336"
"AT0011-38","24","193.0000","6009515880576"
"AT0011-39","42","84.6000","6009515880583"
"AT0012","-1","1129.0000","6009515816612"
"AT0012-01","109","42.8000",""
"AT0012-02","110","41.4000",""
"AT0012-10","91","42.8000",""
"AT0012-15","122","68.4000",""
"AT0012-16","106","140.0000",""
"AT0012-23","91","56.8000",""
"AT0012-24-25","93","74.6000",""
"AT0012-26","66","84.8000",""
"AT0012-31","39","119.5000",""
"AT0012-33","0","244.5000",""
"AT0013","74","1737.5000","6009515816629"
"AT0013-03","62","41.4000",""
"AT0013-16","1","237.5000",""
"AT0013-41","338","224.5000",""
"AT0013-SK01","35","592.5000","6009515852771"
"AT0013-SK02","17","171.5000","6009515852788"
"AT0013-SK03","42","347.0000","6009515852795"
"AT0013-SK04","102","27.2000","6009515852801"
"AT0013-SK05","13","398.5000","6009515852818"
"AT0013-SK06","6","213.5000","6009515852825"
"AT0013-SK07","9","90.4000","6009515852832"
"AT0013-SK08","69","129.0000","6009515852849"
"AT0013-SK09","1","193.5000","6009515852856"
"AT0013-SK10","20","41.2000","6009515852863"
"AT0013-SK11","17","33.0000","6009515852870"
"AT0013-SK12","28","21.2000","6009515852887"
"AT0014","207","1302.5000","6009515820329"
"AT0014-17","4","6.8000",""
"AT0014-26","12","35.4000",""
"AT0014-37","8","91.0000",""
"AT0014-SK01","46","129.0000","6009515856038"
"AT0014-SK02","99","328.5000","6009515856045"
"AT0014-SK03","44","387.0000","6009515856052"
"AT0014-SK04","37","35.2000","6009515856069"
"AT0014-SK05","78","246.5000","6009515856076"
"AT0014-SK06","49","529.5000","6009515856083"
"AT0014-SK07","30","92.2000","6009515856090"
"AT0014-SK08","9","187.5000","6009515856106"
"AT0015","78","871.5000","6009515823726"
"AT0015-01","5","224.0000",""
"AT0015-02","5","11.8000",""
"AT0015-03","10","7.0000",""
"AT0015-04","0","7.0000",""
"AT0015-05","4","11.8000",""
"AT0015-06","6","24.6000",""
"AT0015-07","10","29.8000",""
"AT0015-08","6","25.4000",""
"AT0015-10","10","43.2000",""
"AT0015-11","10","74.2000",""
"AT0015-12","9","25.4000",""
"AT0015-13","10","155.5000",""
"AT0015-14","11","11.8000",""
"AT0015-15","0","15.7000",""
"AT0015-17","10","42.4000",""
"AT0015-18","10","11.8000",""
"AT0015-19","9","71.8000",""
"AT0015-20","15","29.8000",""
"AT0015-21","9","11.8000",""
"AT0015-23","10","71.8000",""
"AT0015-24","10","12.8000",""
"AT0015-25","7","29.8000",""
"AT0015-26","10","79.0000",""
"AT0015-27","10","29.8000",""
"AT0015-28","5","421.0000",""
"AT0015-29","7","127.5000",""
"AT0015-30","10","29.8000",""
"AT0015-31","1","7.0000",""
"AT0015-32","9","7.8000",""
"AT0015-33","8","9.3000",""
"AT0015-34","10","114.0000",""
"AT0015-35","6","7.8000",""
"AT0015-36","10","29.8000",""
"AT0015-37","11","23.0000",""
"AT0015-38","10","7.8000",""
"AT0015-39","14","7.0000",""
"AT0015-40","19","11.8000",""
"AT0016","136","883.0000","6009515823733"
"AT0016-01","9","224.0000",""
"AT0016-02","0","3.4000",""
"AT0016-03","0","4.6000",""
"AT0016-04","0","4.6000",""
"AT0016-05","9","3.4000",""
"AT0016-06","1","24.6000",""
"AT0016-07","9","29.8000",""
"AT0016-08","8","25.4000",""
"AT0016-09","5","22.0000",""
"AT0016-10","6","43.2000",""
"AT0016-11","8","74.2000",""
"AT0016-12","8","25.4000",""
"AT0016-13","9","155.5000",""
"AT0016-14","326","10.1000",""
"AT0016-15","84","31.4000",""
"AT0016-16","8","74.2000",""
"AT0016-17","1","42.4000",""
"AT0016-18","9","11.8000",""
"AT0016-19","10","71.8000",""
"AT0016-20","9","29.8000",""
"AT0016-21","21","3.4000",""
"AT0016-22","8","70.0000",""
"AT0016-23","9","71.8000",""
"AT0016-24","9","12.8000",""
"AT0016-25","8","29.8000",""
"AT0016-26","6","79.0000",""
"AT0016-27","8","29.8000",""
"AT0016-28","3","421.0000",""
"AT0016-29","9","127.5000",""
"AT0016-30","3","29.8000",""
"AT0016-31","6","4.6000",""
"AT0016-32","9","7.8000",""
"AT0016-33","9","9.3000",""
"AT0016-35","9","7.8000",""
"AT0016-36","7","29.8000",""
"AT0016-37","12","23.0000",""
"AT0016-38","14","7.8000",""
"AT0016-39","9","4.6000",""
"AT0016-40","10","3.4000",""
"AT0017","211","433.5000","6009515823740"
"AT0017-01","7","73.2000",""
"AT0017-02","9","6.8000",""
"AT0017-10","2","19.3000",""
"AT0017-12","8","11.8000",""
"AT0017-13","2","11.8000",""
"AT0017-17","9","13.0000",""
"AT0017-18","5","161.0000",""
"AT0017-19","18","43.2000",""
"AT0017-20","8","35.4000",""
"AT0017-21","29","11.8000",""
"AT0017-22","6","43.2000",""
"AT0017-24","9","85.6000",""
"AT0017-25","9","11.8000",""
"AT0017-27","4","35.4000",""
"AT0017-28","19","43.2000",""
"AT0017-29","11","71.8000",""
"AT0017-30","0","49.8000",""
"AT0017-32","8","6.8000",""
"AT0017-36","0","14.5000",""
"AT0017-SK01","7","87.6000","6009515845810"
"AT0017-SK02","29","23.2000","6009515845827"
"AT0017-SK03","22","38.6000","6009515845834"
"AT0017-SK04","12","3.4000","6009515845841"
"AT0017-SK05","20","22.0000","6009515845858"
"AT0017-SK06","24","110.0000","6009515845865"
"AT0017-SK07","6","76.8000","6009515845872"
"AT0017-SK08","14","54.8000","6009515845889"
"AT0017-SK09","17","33.0000","6009515845896"
"AT0017-SK10","34","22.0000","6009515845902"
"AT0018","100","2826.5000","6009515823757"
"AT0018-02","12","350.0000",""
"AT0018-C02","5","31.0000",""
"AT0018-C03","5","31.0000",""
"AT0018-SK01","0","138.5000","6009515850821"
"AT0018-SK02","56","213.0000","6009515850838"
"AT0018-SK03","49","649.5000","6009515850845"
"AT0018-SK04","47","852.0000","6009515850852"
"AT0018-SK05","68","766.5000","6009515850869"
"AT0018-SK06","60","106.5000","6009515850876"
"AT0018-SK07","46","639.0000","6009515850883"
"AT0018-SK08","86","2043.5000","6009515850890"
"AT0018-SK09","151","213.0000","6009515850906"
"AT0018-SK10","70","170.5000","6009515850913"
"AT0018-SK11","20","1384.0000","6009515850920"
"AT0018-SK12","8","85.2000","6009515850937"
"AT0019","194","887.5000","6009515823825"
"AT0019-SK01","58","82.4000","6009515852689"
"AT0019-SK02","24","115.5000","6009515852696"
"AT0019-SK03","83","109.0000","6009515852702"
"AT0019-SK04","54","232.0000","6009515852719"
"AT0019-SK05","52","49.6000","6009515852726"
"AT0019-SK06","0","237.0000","6009515852733"
"AT0019-SK07","0","45.2000","6009515852740"
"AT0019-SK08","65","0.0000","6009515906931"
"AT0020","13","1241.5000","6009515823832"
"AT0020-01","31","195.0000","1234567891019"
"AT0020-01A","34","75.2000","6009515853006"
"AT0020-07","0","4.6000",""
"AT0020-08","36","188.0000","6009675089833"
"AT0020-09","18","188.0000","6009675089840"
"AT0020-10","15","188.0000","6009675089857"
"AT0020-11","26","188.0000","6009675089864"
"AT0021","39","1013.0000","6009515823849"
"AT0021-01","95","55.8000","6009515824419"
"AT0021-SK01","24","44.0000","6009515852504"
"AT0021-SK02","24","208.0000","6009515852511"
"AT0021-SK03","11","197.5000","6009515852528"
"AT0021-SK04","20","142.5000","6009515852535"
"AT0021-SK05","23","1581.5000","6009515852542"
"AT0021-SK06","10","350.5000","6009515852559"
"AT0021-SK07","42","33.0000","6009515852566"
"AT0021-SK08","38","296.0000","6009515852573"
"AT0022","29","1226.5000","6009515823856"
"AT0022-01","21","488.0000","6009515881511"
"AT0023","3","854.0000","6009515824860"
"AT0024","83","1154.0000","6009515826963"
"AT0024-SK01","26","26.6000","6009515851279"
"AT0024-SK02","0","53.4000","6009515851286"
"AT0024-SK03","23","341.0000","6009515851293"
"AT0024-SK04","17","16.6000","6009515851309"
"AT0024-SK05","4","436.5000","6009515851316"
"AT0024-SK06","42","128.0000","6009515851323"
"AT0025","82","5018.0000","6009515828509"
"AT0025-11","39","284.0000",""
"AT0025-19","38","176.0000",""
"AT0025-24","10","850.0000",""
"AT0026","15","1890.5000","6009515837327"
"AT0026-10","41","12.5000",""
"AT0026-25","3","291.5000",""
"AT0026-SK01","0","105.0000","6009515914424"
"AT0026-SK02","0","203.2800","6009515914431"
"AT0026-SK03","0","16.8000","6009515914448"
"AT0026-SK04","0","355.3200","6009515914455"
"AT0026-SK05","0","217.5600","6009515914462"
"AT0026-SK06","1","57.1200","6009515914479"
"AT0026-SK07","0","64.6800","6009515914486"
"AT0026-SK08","0","125.1600","6009515914493"
"AT0026-SK09","0","22.6800","6009515914509"
"AT0026-SK10","0","51.2400","6009515914516"
"AT0026-SK11","0","25.2000","6009515914523"
"AT0026-SK12","0","40.3200","6009515914530"
"AT0026-SK13","0","141.1200","6009515914547"
"AT0027","72","502.0000","6009675089970"
"AT0027-SK01","48","106.5000","6009515851330"
"AT0027-SK02","37","40.6000","6009515851347"
"AT0027-SK03","27","50.2000","6009515851354"
"AT0027-SK04","23","112.0000","6009515851361"
"AT0027-SK05","17","33.2000","6009515851378"
"AT0027-SK06","19","185.5000","6009515851385"
"AT0027-SK07","24","68.2000","6009515851392"
"AT0027-SK08","21","58.4000","6009515851408"
"AT0027-SK09","6","17.1000","6009515851415"
"AT0028-SK01","50","261.5000","6009515884208"
"AT0028-SK02","50","480.0000","6009515884215"
"AT0028-SK03","50","178.5000","6009515884222"
"AT0028-SK04","50","795.0000","6009515884239"
"AT0028-SK05","10","1379.5000","6009515884246"
"AT0028-SK06","30","121.0000","6009515884253"
"AT0028-SK07","20","486.5000","6009515884260"
"AT0028-SK08","20","1132.5000","6009515884277"
"AT0028-SK09","20","864.5000","6009515884284"
"AT0028-SK10","20","187.5000","6009515884291"
"AT0028-SK11","10","339.0000","6009515884666"
"AT0029-SK01","46","261.5000","6009515884307"
"AT0029-SK02","47","476.5000","6009515884314"
"AT0029-SK03","48","197.5000","6009515884321"
"AT0029-SK04","48","941.5000","6009515884338"
"AT0029-SK05","10","1185.0000","6009515884345"
"AT0029-SK06","29","126.5000","6009515884352"
"AT0029-SK07","19","446.5000","6009515884369"
"AT0029-SK08","20","2718.5000","6009515884376"
"AT0029-SK09","20","1239.5000","6009515884383"
"AT0029-SK10","20","164.0000","6009515884390"
"AT0029-SK11","10","350.0000","6009515884642"
"AT0030","49","5551.5000","6009515884048"
"AT0030-SK01","46","362.5000","6009515884406"
"AT0030-SK02","49","626.5000",""
"AT0030-SK03","49","420.0000","6009515884420"
"AT0030-SK04","48","1984.0000","6009515884437"
"AT0030-SK05","10","1672.5000","6009515884444"
"AT0030-SK06","30","126.5000","6009515884451"
"AT0030-SK07","20","65.0000","6009515884468"
"AT0030-SK08","19","2464.0000","6009515884475"
"AT0030-SK09","20","1192.0000","6009515884482"
"AT0030-SK10","20","272.0000","6009515884499"
"AT0030-SK11","10","350.0000","6009515884659"
"B5161","2174","29.8000","6009515830335"
"B5162","6308","29.8000","6009515830342"
"B5163","5880","29.8000","6009515830359"
"B5164","2318","36.0000","6009515849191"
"B5171","632","159.5000","6009515818760"
"B5172","572","159.5000","6009515818777"
"B5173","236","159.5000","6009515818784"
"B5231","928","134.5000","6009515818791"
"B5232","507","135.0000","6009515818807"
"B5233","542","159.5000","6009515818814"
"B5234","295","170.0000","6009515818821"
"B5235","232","172.5000","6009515827618"
"BAT100518651","1573","172.5000","6009515849320"
"BAT23A-2C","-317","57.2000","6009515885083"
"BATCR-V9-1P","54","216.0000","6009515868383"
"BATCR1220-5","1065","41.4000","16009515868113"
"BATCR123A-1P","1350","83.0000","6009515868376"
"BATCR123A-2P","1098","164.5000","6009515868369"
"BATCR1616-5","861","41.4000","16009515868076"
"BATCR1620-5","520","41.4000","16009515868083"
"BATCR1632-5","698","41.4000","16009515868090"
"BATCR2016-5","-41","41.4000","16009515868069"
"BATCR2025-5","1034","41.4000","16009515868052"
"BATCR2032-5","-38","41.4000","16009515868045"
"BATCR2430-5","1354","78.8000","16009515868137"
"BATCR2450-5","108","87.4000","16009515876118"
"BATLR-9V-1P","2688","72.8000","6009515887858"
"BATLR-9V-2P","7662","131.5000","6009515888008"
"BATLR03-4C","2114","40.8000","6009515885021"
"BATLR03-4S","168","34.6000","6009515868345"
"BATLR03-VP","1048","81.6000","6009515885038"
"BATLR14-2C","1177","67.4000","6009515885076"
"BATLR20-2C","228","93.0000","6009515885069"
"BATLR20-2S","-28","88.6000","6009515868352"
"BATLR41-5","131","27.6000","16009515868175"
"BATLR43-5","374","34.6000","16009515868267"
"BATLR44-5","566","34.6000","16009515868274"
"BATLR521-5","733","38.8000","16009515868144"
"BATLR54-5","79","30.4000","16009515868243"
"BATLR55-5","687","34.6000","16009515868229"
"BATLR6-4C","1330","40.8000","6009515885045"
"BATLR6-4S","623","34.6000","6009515868338"
"BATLR6-VP","1170","82.0000","6009515885052"
"BATLR621-5","-57","27.6000","16009515868151"
"BATLR66-5","910","30.4000","16009515868182"
"BATLR721-5","825","34.6000","16009515868250"
"BATLR726-5","743","38.8000","16009515868168"
"BATLR754-5","676","36.0000","16009515868199"
"BATLR921-5","495","36.0000","16009515868205"
"BATLR927-5","623","31.8000","16009515868212"
"BATLR936-5","732","34.6000","16009515868236"
"BATPR41","646","86.4000","6009515868932"
"BATSET-20","1095","255.5000","6009515907549"
"BER304182","1690","207.5000","014045101820"
"BER330194","17","1303.5000","070042191332"
"BER330333","48","572.5000",""
"BER332964","2532","260.0000","014045324779"
"BER361484","-1","2241.5000","014045315326"
"BER361524","96","1929.0000","070042190403"
"BER361530","148","1871.5000","070042190816"
"BER361540","1012","572.5000","070042192209"
"BER361542","6","1037.5000","014045382663"
"BER379634","45","207.5000","0014045796347"
"BER379725","53","3492.5000","0010457972522"
"BER384398","1","2601.5000","070042200119"
"BER426329","13","145.0000","014045263290"
"BER439713","25","1142.0000","014045397131"
"BER442840","43","255.5000",""
"BER447494","48","125.5000",""
"BERKIT001","114","1037.5000","6009515896607"
"BIS020","121","919.5000","6009515801502"
"BJ01-2","20","40.8000",""
"BJ01-3","38","226.5000",""
"BJ01-4","2","23.0000",""
"BJ01-5","172","136.0000",""
"BJ02","173","2038.5000","6009515806071"
"BJ02-1","17","273.5000",""
"BJBIS","1","2810.0000","6009515810894"
"BKP010","26","91.6000","6009515810498"
"BKP012","49","109.5000","6009515810504"
"BKP013","355","117.0000","6009515816711"
"BKP014","207","125.5000","6009515816728"
"BKP016","287","142.0000","6009515810511"
"BKP018","98","159.5000","6009515816735"
"BKP019","338","167.0000","6009515810528"
"BKP020","62","175.5000","6009515816742"
"BKP022","295","192.0000","6009515810535"
"BKP024","124","209.5000","6009515816766"
"BKP025","134","217.0000","6009515810542"
"BKP40010","-36","153.0000","6009515823917"
"BKP40012","23","166.5000","6009515823924"
"BKP40014","280","188.5000","6009515823931"
"BKP40016","238","201.5000","6009515823948"
"BKP40019","-55","238.0000","6009515823955"
"BLA AB10","1162","58.6000","091511500516"
"BLA AB10B","107","71.2000","091511500370"
"BLA AB10S","1640","109.5000","091511500349"
"BLA AB50","220","242.5000","091511500332"
"BLA AB50S","1636","470.5000","091511500431"
"BLA ABB10B","1336","68.0000","091511501117"
"BLA ABB50","719","229.0000","091511500479"
"BLA ABSOL50","-101","226.5000","091511501063"
"BLA BS-10B","152","127.0000","091511501162"
"BLA BSF-6B","-5","157.5000","091511501315"
"BLA BTB1","381","68.4000","091511501292"
"BLA CHB1","-2","164.0000","091511501230"
"BLA CKB2","291","98.6000","091511500196"
"BLA COB1","144","67.8000","091511500141"
"BLA GSB-1S","84","446.5000","091511220179"
"BLA GSB-2S","27","73.0000","091511220438"
"BLA HB-20","681","344.0000","091511500318"
"BLA HB5B","1109","111.0000","091511500301"
"BLA HBB 5B","-115","109.5000","091511501261"
"BLA HOB1","118","124.5000","091511500356"
"BLA HOB25","558","195.0000","091511501148"
"BLA HSWB-1","241","171.5000","091511610581"
"BLA KB","430","83.4000","091511500134"
"BLA KB-5-30B","159","53.8000","091511230017"
"BLA KB4-F","82","49.6000","091511500929"
"BLA KB4-NF","199","81.6000","091511220971"
"BLA KB4R5","193","134.5000","091511500912"
"BLA KB4S100","82","863.0000","091511610628"
"BLA KB4S5","60","114.0000","091511500905"
"BLA LB-SOL-10","407","102.5000","091511501056"
"BLA LB10","649","106.0000","091511500455"
"BLA LB10B","-112","116.0000","091511500394"
"BLA LB30B","-12","306.0000","091511230062"
"BLA LB50","-2","408.5000","091511500325"
"BLA LBB10","42","98.2000","091511500769"
"BLA LBB10B","1059","113.0000","091511500714"
"BLA LBB30B","684","293.0000","091511230079"
"BLA LBD10","103","114.0000","091511500752"
"BLA LFB-5B","371","102.5000","091511230048"
"BLA MCB1","59","236.5000","091511500158"
"BLA MTB10B","172","107.5000","091511501346"
"BLA MTBB10B","0","107.5000","91511220698"
"BLA OWB-BSB1","2808","243.5000","091511230932"
"BLA OWB-OKB-1-3B","2798","146.5000","091511230925"
"BLA OWB-UCB-1","2690","185.5000","091511230918"
"BLA PB450","223","50.0000","091511500233"
"BLA PB800","189","75.6000","091511500240"
"BLA PIB451","254","122.5000","091511500677"
"BLA PRB182","376","101.5000","091511501100"
"BLA PRB282","57","111.0000","091511501223"
"BLA RB182","268","107.5000","091511501094"
"BLA RB282","361","121.5000","091511500417"
"BLA RB45-10","84","713.5000","091511500462"
"BLA RB451","1056","106.5000","091511500424"
"BLA RB45H","110","106.0000","091511220230"
"BLA RB601","723","147.5000","091511500622"
"BLA RSKB25","69","53.8000","091511501155"
"BLA SAB-10","820","111.5000","091511500783"
"BLA SAB10B","-333","123.5000","091511500738"
"BLA SKB-16-10","157","401.0000","091511230390"
"BLA SKB-2-50B","189","415.5000","091511600254"
"BLA SKB-2S-10B","430","134.5000","091511430035"
"BLA SKB10B","534","101.5000","091511900224"
"BLA SKB2","812","61.0000","091511700220"
"BLA SKB710B","809","85.6000","091511501247"
"BLA SKB810B","312","97.0000","091511501254"
"BLA SWB-5","434","140.0000","091511230024"
"BLA SWB1","99","114.0000","091511500172"
"BLA TB25","42","62.8000","091511501285"
"BLA TB45","195","67.8000","091511501339"
"BLA TCB1","122","101.5000","091511500127"
"BLA TSB1","96","41.8000","091511900194"
"BLA WAB451","209","127.0000","091511500660"
"BR001","1373","64.2000","6009515825409"
"BR002","646","174.0000","6009515825416"
"BR003","162","22.2000","6009515825423"
"BR004","293","36.2000","6009515825430"
"BR005","302","32.4000","6009515825447"
"BR006","124","208.5000","6009515825454"
"BR007","1600","157.0000","6009515827182"
"BR008","250","687.5000","6009515836030"
"BR009","1593","56.4000","6009515836047"
"BR010","1799","17.5000","6009515836054"
"BR011","1399","72.2000","6009515850319"
"BR012","450","246.0000","6009515850326"
"BR013","-20","35.0000","6009515868925"
"BRAD GEL F15","1487","41.8000","6009515843854"
"BRAD GEL F20","1692","54.2000","6009515845728"
"BRAD GEL F25","1099","65.8000","6009515843861"
"BRAD GEL F30","641","78.2000","6009515843878"
"BRAD GEL F38","316","125.5000","6009515843885"
"BRAD GEL F50","345","130.5000","6009515853211"
"BRAD GEL T25","1595","67.8000","6009515843892"
"BRAD GEL T32","1695","70.0000","6009515843908"
"BRAD GEL T38","439","120.0000","6009515843915"
"BRAD GEL T45","898","144.0000","6009515843922"
"BRAD GEL T50","219","160.0000","6009515843939"
"BRTB004","0","22.5400","6009515915360"
"CH10002","43","3790.0000","6009515807436"
"CH10003","68","4041.0000","6009515807450"
"CH10004","88","1111.5000","6009515807467"
"CH10005","75","1528.0000","6009515807481"
"CH10006","11","1388.0000","6009515823344"
"CH20003","131","462.5000","6009515807498"
"CH30001","264","494.5000","6009515827595"
"CH30002","237","361.5000","6009515807474"
"CH30003","51","1101.0000","6009515823351"
"CH30004","138","333.5000","6009515844899"
"CH30005","75","158.0000","6009515844905"
"CH40006","357","86.2000","6009515853464"
"CH40008","129","87.8000","6009515853471"
"CH40010","329","89.4000","6009515853488"
"CH40012","446","91.2000","6009515853495"
"CH40014","308","92.8000","6009515853501"
"CH40016","847","91.8000","6009515853518"
"CH40019","760","93.6000","6009515853525"
"CH40022","319","99.4000","6009515853532"
"CH40025","287","101.5000","6009515853549"
"CH40028","152","106.5000","6009515853556"
"CH40030","95","111.0000","6009515853563"
"CH40032","29","116.0000","6009515853570"
"CH40038","465","123.0000","6009515853587"
"CKP BEAR","2","89.0000","6009515907280"
"CKP GRUB","540","23.0000","6009515868567"
"CKP1001","201","139.0000","6009675085552"
"CKP1002","127","175.0000","6009675085569"
"CKP1003","213","185.0000","6009675085576"
"CKP1004","40","159.0000","6009515839062"
"CKP1005","85","139.0000","6009515838966"
"CKP101","26","49.0000","6009675085194"
"CKP102","28","55.0000","6009675085200"
"CKP10MM","1015","75.0000","6009675085354"
"CKP1101","307","199.0000","6009675085408"
"CKP1102","68","229.0000","6009675085415"
"CKP1103","25","249.0000","6009675085422"
"CKP1104","524","259.0000","6009675085439"
"CKP1201","707","139.0000","6009675085583"
"CKP1202","1193","159.0000","6009675085590"
"CKP1203","460","175.0000","6009675085606"
"CKP1204","309","179.0000","6009675085613"
"CKP1205","712","190.0000","6009675085620"
"CKP1206","100","149.0000","6009515839024"
"CKP1207","59","159.0000","6009515839031"
"CKP1208","211","169.0000","6009515839048"
"CKP1209","76","179.0000","6009515839055"
"CKP1210","908","155.0000","6009515839000"
"CKP1211","822","199.0000","6009515839017"
"CKP12MM","1105","89.0000","6009675085361"
"CKP152007","1379","137.0000","6009675085477"
"CKP1601","118","175.0000","6009675085682"
"CKP1602","129","179.0000","6009675085699"
"CKP1603","257","135.0000","6009515839079"
"CKP16MM","800","145.0000","6009675085378"
"CKP17MM","827","149.0000","6009675085385"
"CKP19MM","316","99.0000","6009675085392"
"CKP201","811","69.0000","6009675085217"
"CKP202","688","75.0000","6009675085224"
"CKP203","1254","79.0000","6009675085231"
"CKP204","359","85.0000","6009675085248"
"CKP205","570","89.0000","6009675085255"
"CKP206","207","95.0000","6009675085262"
"CKP207","171","99.0000","6009675085279"
"CKP208","750","129.0000","6009675085286"
"CKP209","1063","135.0000","6009675085293"
"CKP210","261","139.0000","6009515838973"
"CKP2801","195","139.0000","6009675085637"
"CKP2802","61","169.0000","6009675085644"
"CKP2803","81","175.0000","6009675085651"
"CKP2804","339","179.0000","6009675085668"
"CKP2805","262","189.0000","6009675085675"
"CKP302","1083","99.0000","6009675085446"
"CKP303","349","115.0000","6009675085453"
"CKP304","1521","130.0000","6009675085460"
"CKP305","220","109.0000","6009515838980"
"CKP3401","46","155.0000","6009675085705"
"CKP3403","220","175.0000","6009675085712"
"CKP3501","126","145.0000","6009675085729"
"CKP3503","211","155.0000","6009675085736"
"CKP3MM","877","65.0000","6009675085309"
"CKP402","231","89.0000","6009675085545"
"CKP4MM","982","59.0000","6009675085316"
"CKP5MM","1047","59.0000","6009675085323"
"CKP6MM","628","59.0000","6009675085330"
"CKP7004","279","278.5000","6009675085767"
"CKP701","519","79.0000","6009675085484"
"CKP702","329","95.0000","6009675085491"
"CKP703","34","105.0000","6009515838997"
"CKP801","140","69.0000","6009675085507"
"CKP802","295","79.0000","6009675085514"
"CKP803","352","95.0000","6009675085521"
"CKP804","479","99.0000","6009675085538"
"CKP8MM","449","75.0000","6009675085347"
"CKP901","346","165.0000","6009675085743"
"CKP902","269","173.0000","6009675085750"
"CKP903","190","119.0000","6009515839086"
"CL CICC3A","51","237.5000","6009515813444"
"CL CICC3B","63","369.0000","6009515813451"
"CL CICC4B","28","287.0000","6009515826093"
"CL FCG120-1000","72","677.0000","6009515810313"
"CL FCG120-1200","154","729.0000","6009515810320"
"CL FCG120-1500","77","937.5000","6009515810337"
"CL FCG120-2000","88","1250.0000","6009515810344"
"CL FCG120-300","77","416.0000","6009515810269"
"CL FCG120-400","125","468.5000","6009515810276"
"CL FCG120-500","84","510.0000","6009515810283"
"CL FCG120-600","190","541.5000","6009515810290"
"CL FCG120-800","150","604.0000","6009515810306"
"CL FCG50-150","33","124.5000","6009515810221"
"CL FCG50-200","135","136.0000","6009515810238"
"CL FCG50-250","156","145.0000","6009515810245"
"CL FCG50-300","215","155.5000","6009515810252"
"CL HDCC1","597","59.6000","6009515810351"
"CL HDCC10","138","505.5000","6009515810429"
"CL HDCC12","110","598.0000","6009515810436"
"CL HDCC2","98","86.4000","6009515810368"
"CL HDCC3","690","130.5000","6009515810375"
"CL HDCC4","833","160.5000","6009515810382"
"CL HDCC5","286","187.5000","6009515810399"
"CL HDCC6","1046","227.5000","6009515810405"
"CL HDCC6-2","316","399.0000","6009515844738"
"CL HDCC8","54","357.5000","6009515810412"
"CL NCHB12","66","222.5000","6009515826048"
"CL NCHB18","286","246.5000","6009515826055"
"CL NCHB24","603","286.0000","6009515826062"
"CL NCHB36","604","361.0000","6009515826079"
"CL NCHB4","285","82.2000","6009515826024"
"CL NCHB6","-4","196.0000","6009515826031"
"CL NSCHB3","2305","29.4000","6009515825959"
"CL NSCHB4","2078","41.0000","6009515825966"
"CL NSCHB6","1218","54.0000","6009515825973"
"CL NSCHB9","917","65.2000","6009515825980"
"CL PCB34","45","578.5000","6009515813468"
"CL SPC1","723","48.6000","6009515825997"
"CL SPC2","1472","90.4000","6009515826000"
"CL SPC3","896","161.0000","6009515826017"
"CM01","2221","20.5000","6009675088096"
"CM02","20213","22.0000","6009675088102"
"CM04","4961","28.8000","6009515802837"
"CM10","2609","115.5000","6009600404878"
"CM10-2","2437","201.5000","6009675088072"
"CM113","16823","123.5000","6009675088065"
"CM13","3808","97.8000","6009600404885"
"CM13-1","34","275.0000","6009515829872"
"CM13-2","3074","165.5000","6009600407046"
"CM13-3","2558","273.0000","6009515802790"
"CM13-4","7","918.0000","6009515810443"
"CM13-5","243","106.0000","6009515825270"
"CM13-6","757","245.0000","6009515902698"
"CM16","12","349.0000","6009600409255"
"CM16-2","358","319.0000","6009515802813"
"CM16-3","86","1113.5000","6009515802820"
"CM16-4","397","300.0000","6009515825287"
"CM16-5","815","319.0000","6009515887834"
"CM19","275","608.0000","6009515888473"
"CM20-5","194","480.5000","6009515839284"
"CM99","156","28.0000","6009515893897"
"CMB16","15","128.5000","6009515802844"
"CMH06","502","167.5000","6009515816155"
"CMJT3-1","63","81.2000","6009515821951"
"CMJT3-2","69","108.5000","6009515821968"
"CMJT4-1","285","126.0000","6009515888480"
"CMJT4-2","284","150.0000","6009515888497"
"CMJT6-1","67","115.0000","6009515887841"
"CMMT2-1","195","135.0000","6009515824624"
"CMMT2-2","0","90.5000","6009515916145"
"CMMT3","185","107.5000","6009515810900"
"CMMT3-2","148","128.5000","6009515821593"
"CMMT3-3","-7","115.0000","6009515845278"
"COM EV2","20","197.5000","4014502200666"
"COM UNI A1","505","155.5000","6009515870928"
"COM UNI A2","1162","120.0000","6009515870935"
"COM UNI A3","135","203.5000","6009515870942"
"COM UNI C1","1079","120.0000","6009515870959"
"COM UNI C2","20","155.5000","6009515870966"
"COM UNI C3","134","155.5000","6009515870973"
"COM UNI C4","311","162.0000","6009515870980"
"COM23-1","188","33.4000","6009515870997"
"COM23-2","96","33.4000","6009515878962"
"COM23A-1","316","33.4000","6009515878979"
"COM23A-2","1266","36.6000","6009515878986"
"COM23C 10MM","339","30.4000","6009515878993"
"COM23C 6MM","309","30.4000","6009515879006"
"COM23C 8MM","227","30.4000","6009515873981"
"COM4005-2","43","547.5000","6009675086658"
"COM4005-3","45","771.5000","6009675086665"
"COM4005-4","66","36.6000","6009515893903"
"COM4005-5","27","36.6000","6009515893910"
"COM4005-6","75","36.6000","6009515893927"
"COM4006-0","41","287.0000","6009515867980"
"COM4006-1","39","287.0000","6009515867997"
"COM4006-2","38","287.0000","6009515868000"
"COM4007-0","36","73.0000","6009515868017"
"COM4007-1","32","73.0000","6009515868024"
"COM4007-2","36","73.0000","6009515868031"
"COM4050-2","-14","292.0000","6009600405158"
"COM4050-2M","42","292.0000","6009515873998"
"COM4050-2P","0","297.5000","6009515861025"
"COM4050-3","87","620.5000","6009600405165"
"COM4050-3P","4","624.5000","6009515861032"
"COM4050-4","158","937.5000","6009515853433"
"COM4050-5","1","218.0000","6009515857479"
"COM4050-5P","11","224.5000","6009515874636"
"COM4050-6","58","249.5000","6009515874001"
"COM4051-1","243","25.2000","6009515874018"
"COM4051-2","383","114.0000","6009515874025"
"COM4051-3","399","187.0000","6009515874032"
"COM4052-1","-5","10.5000","6009515893941"
"COM4052-2","0","23.0000","6009515893958"
"COMBO 100","16801","140.0000","6009515842406"
"COMBO 101","3960","138.0000","6009515850364"
"COMBO 103","29405","46.8000","6009515815783"
"COMBO 105","227","172.5000","6009515850692"
"COMBO 109","89","71.2000","6009515819910"
"COMBO 110","9942","109.5000","6009515858858"
"COMBO 111","-311","109.5000","6009515903022"
"COMBO 113","121","255.5000","6009515824242"
"COMBO 115","3","104.0000","6009515854997"
"COMBO 119","323","43.8000","6009515826642"
"COMBO 154","2106","125.5000","6009515853396"
"COMBO 160","3308","224.5000","6009515863883"
"COMBO 161","28","187.0000","6009515863890"
"COMBO 162","-7","467.0000","6009515863906"
"COMBO 200","677","135.0000","6009515850043"
"COMBO 201","1430","135.0000","6009515850050"
"COMBO 202","667","135.0000","6009515850067"
"COMBO 203","1615","135.0000","6009515850074"
"CR1632BP1","128","53.8000",""
"CR2430BP2","437","101.5000","7638900379914"
"CR2450BP2","797","119.0000","7638900381795"
"CTR 45C","90","304.5000","091511400564"
"CTR A-1","506","98.2000","091511610796"
"CTR A3","173","101.5000","091511100129"
"CTR A5","321","96.0000","091511100471"
"CTR AK-5","88","152.5000","091511220018"
"CTR AK-5-5B-BLK","271","71.6000","091511230505"
"CTR AK-5-5B-BLU","114","71.6000","091511230512"
"CTR AK-5-5B-PIK","63","71.6000","091511230529"
"CTR AK1","-59","143.0000","091511400120"
"CTR AK4","170","304.5000","091511400670"
"CTR BN-AL-BB-10BB","122","184.5000","091511230420"
"CTR BN-L-LB10","0","191.0000","091511420081"
"CTR BNL","764","110.0000","091511100327"
"CTR CHN1","80","408.0000","091511300840"
"CTR CK2","91","104.0000","091511400229"
"CTR CMP-2","195","671.5000","091511400151"
"CTR CMP1","26","156.5000","091511400144"
"CTR CMP1DX","-6","216.5000","091511400786"
"CTR CMP3","41","346.5000","091511400748"
"CTR CS-5","74","318.0000","091511220025"
"CTR CTN-140","67","1350.5000","10091511400479"
"CTR DA1","213","101.0000","091511900187"
"CTR DL1","230","140.0000","091511200515"
"CTR ES1","817","69.0000","091511900026"
"CTR H1","162","183.5000","091511200188"
"CTR H1-BB-5BB","248","198.5000","091511230376"
"CTR HOK1","17","184.5000","091511400366"
"CTR HSW-1","1","343.5000","091511610574"
"CTR L-2","379","134.5000","091511200102"
"CTR L1","286","126.0000","091511200195"
"CTR L1 GREEN","335","134.5000","091511900019"
"CTR L2-SCS2","0","486.0000","091511231175"
"CTR L5","331","153.5000","091511200461"
"CTR L5-AL-GRAY","141","155.5000","091511231090"
"CTR L5-GRAY","674","157.5000","091511231083"
"CTR L5AL","-22","151.5000","091511200447"
"CTR L8-AL","226","152.5000","091511230802"
"CTR LTD-AK","75","219.5000","091511230550"
"CTR MC45","108","612.5000","091511400168"
"CTR MC45DX","-1","1021.5000","091511400830"
"CTR MT1","99","101.5000","091511200485"
"CTR MXP-AL","110","345.5000","091511220254"
"CTR MXP-L","186","380.5000","091511220247"
"CTR OL","446","155.5000","091511200157"
"CTR OW-BCS-1-SB-DSB","2695","543.5000","091511230901"
"CTR OW-OUK-1-SB-DSB","2696","355.5000","091511230888"
"CTR OW-UCK-1-SB-DSB","2451","325.5000","091511230864"
"CTR PA2","201","129.5000","091511100464"
"CTR PC-S","164","112.5000","091511400939"
"CTR PCL","-9","165.5000","091511400946"
"CTR PK-1","484","64.2000","091511230567"
"CTR PL-1","26","331.5000","091511100341"
"CTR PRC-3-C","116","235.0000","091511220377"
"CTR RTY-3GH","37","293.5000","091511220964"
"CTR RTY1C","39","191.0000","091511220353"
"CTR RTY2-NS","130","382.5000","091511300994"
"CTR RTY2C","189","210.0000","091511610833"
"CTR RTY2C-PIK","185","216.5000","091511220414"
"CTR RTY2DX","171","369.5000","091511300628"
"CTR RTY2DX-PIK","0","364.5000","091511231434"
"CTR RTY2G","15","247.5000","091511300185"
"CTR RTY3DX","74","472.0000","091511300659"
"CTR RTY3G","95","371.5000","091511300376"
"CTR RTY4","322","152.5000","091511300666"
"CTR S","1285","43.6000","091511100174"
"CTR SAC1","880","135.5000","091511100273"
"CTR SK-12","41","256.0000","091511420074"
"CTR SK-15-10 REG","183","510.0000","091511220759"
"CTR SK-16","668","208.0000","091511230383"
"CTR SK-4-VP2","0","137.0000","091511101201"
"CTR SK10","190","133.0000","091511900217"
"CTR SK10-24","1465","114.0000","091511610727"
"CTR SK12-24","63","189.0000","091511220193"
"CTR SK4","156","141.5000","091511400625"
"CTR SK4 GREEN","9","137.0000","091511101317"
"CTR SK4-24","433","114.0000","091511400922"
"CTR SK6","242","202.5000","091511400793"
"CTR SK7","69","94.0000","091511400847"
"CTR SK7 GREEN","160","105.0000","091511900033"
"CTR SK8","100","230.0000","091511400854"
"CTR SK8-24","73","187.0000","091511610703"
"CTR SK9","218","167.5000","091511400908"
"CTR SL1","2433","84.8000","091511200126"
"CTR SVR1","-253","114.5000","091511100143"
"CTR SVR2","0","119.0000","091511100358"
"CTR TK3","0","818.0000","10091511400578"
"CTR TK3-1","0","62.6000","091511400571"
"CTR TK4","29","721.0000","10091511000082"
"CTR TK4-60","6","1395.5000","091511000085"
"CTR TS1","33","153.5000","091511900125"
"CTR UTC1","167","126.0000","091511400694"
"CTR WD-ALBRN","325","166.0000","091511230970"
"CTR WD-LBRN","257","166.0000","091511230963"
"CTR XA1","139","113.0000","091511100495"
"CTR XH-AL","91","213.0000","091511610529"
"CTR XH1","91","202.0000","091511200478"
"CTR XL2","24","248.5000","091511200331"
"CTR XMT-1","60","125.0000","091511220681"
"CTR180B","-58","61.0000","091511100181"
"CTR300","181","95.8000","091511100136"
"CUT29.2","218","221.0000","6009600402836"
"DB1","956","65.2000","6009600406834"
"DB2","1139","69.8000","6009600406841"
"DB2-2","230","92.6000","6009515836269"
"DB3","1041","279.0000","6009600406858"
"DB3-2","561","369.5000","6009515817602"
"DB3-3","390","396.5000","6009515824808"
"DB4","282","338.5000","6009600407039"
"DB5","50","78.0000","6009600407329"
"DB6","44","285.5000","6009675083909"
"DD01","28","1663.0000","662949037440"
"DD03","-1","990.5000","662949037181"
"DD04","15","990.5000","662949037174"
"DD06","15","678.0000",""
"DD07","-1","308.0000",""
"DD08","-1","678.0000",""
"DD09","0","649.0000",""
"DD10","0","706.5000",""
"DD11","4","101.5000",""
"DD12","1","990.5000","662949037174"
"DD500XI","66","5207.5000","662949037617"
"DD750XI","-4","6775.5000","662949037631"
"DDXP-I","75","3122.5000","662949038607"
"DIM001","751","319.5000","6009515829889"
"DOW06030-50","2007","47.0000","6009515818845"
"DOW08040-40","3332","47.0000","6009515818852"
"DOW10040-30","1804","47.0000","6009515818869"
"DOW20043","926","198.5000","6009515823665"
"DOW20634","133","103.5000","6009515823634"
"DOW20827","115","109.5000","6009515823641"
"DOW21022","333","124.5000","6009515823658"
"DR09003","609","11.6000","6009515855147"
"DR09004","1069","12.6000","6009515855154"
"DR09005","2887","13.2000","6009515855161"
"DR09006","1708","15.1000","6009515855178"
"DR09008","2900","20.4000","6009515855185"
"DR09010","2500","24.8000","6009515855192"
"DR09012","2547","36.2000","6009515855208"
"DR09014","307","56.8000","6009515883072"
"DR09016","243","78.4000","6009515883089"
"DR09018","494","108.5000","6009515883096"
"DR09020","101","136.5000","6009515883102"
"DR09568","15","59.4000","6009515895587"
"DR10010","2301","13.2000","6009515822255"
"DR10015","996","12.8000","6009515822262"
"DR10016","1004","12.8000","6009515837730"
"DR10018","506","12.8000","6009515840167"
"DR10020","1028","14.6000","6009515822279"
"DR10022","397","14.9000","6009515840174"
"DR10025","2721","14.9000","6009515822286"
"DR10028","1036","22.2000","6009515840181"
"DR10029","443","22.2000","6009515837747"
"DR10030","2800","20.8000","6009515822293"
"DR10032","1720","20.8000","6009515822309"
"DR10033","876","22.2000","6009515822316"
"DR10035","3773","11.5000","6009515822323"
"DR10037","869","12.8000","6009515837754"
"DR10038","860","13.8000","6009515822330"
"DR10040","3140","13.3000","6009515822347"
"DR10042","2308","13.3000","6009515822354"
"DR10045","1762","14.4000","6009515822361"
"DR10048","5332","15.5000","6009515822378"
"DR10050","3076","15.5000","6009515822385"
"DR10052","1099","16.0000","6009515840198"
"DR10055","2114","20.5000","6009515822392"
"DR10060","2355","23.2000","6009515822408"
"DR10062","485","27.4000","6009515840204"
"DR10065","1058","27.4000","6009515822415"
"DR10068","670","28.2000","6009515837761"
"DR10070","1047","30.0000","6009515822422"
"DR10075","62","31.8000","6009515822439"
"DR10078","343","33.6000","6009515837778"
"DR10080","1843","35.2000","6009515822446"
"DR10082","227","40.6000","6009515825508"
"DR10085","917","40.6000","6009515822453"
"DR10090","244","44.2000","6009515822460"
"DR10095","4","45.2000","6009515822477"
"DR10100","68","48.0000","6009515822484"
"DR10102","363","49.4000","6009515837785"
"DR10105","373","49.4000","6009515822491"
"DR10110","-205","56.4000","6009515822507"
"DR10115","592","60.0000","6009515822514"
"DR10120","-186","63.4000","6009515822521"
"DR10125","862","68.8000","6009515822538"
"DR10130","-181","76.0000","6009515822545"
"DR10135","233","122.5000","6009515886691"
"DR10140","-7","128.5000","6009515886707"
"DR10145","113","137.0000","6009515886714"
"DR10150","375","146.0000","6009515886721"
"DR10155","63","153.0000","6009515886738"
"DR10160","-136","159.0000","6009515886745"
"DR10165","100","175.5000","6009515883119"
"DR10170","193","175.5000","6009515883126"
"DR10175","202","192.0000","6009515883133"
"DR10180","251","192.0000","6009515883140"
"DR10185","59","212.5000","6009515883157"
"DR10190","145","212.5000","6009515883164"
"DR10195","78","233.5000","6009515883171"
"DR10200","104","233.5000","6009515883188"
"DR11002","55","15.4000","6009515881153"
"DR11003","212","19.2000","6009515881160"
"DR11004","269","20.1000","6009515881177"
"DR11005","524","23.0000","6009515881184"
"DR11006","238","34.2000","6009515881191"
"DR11008","251","44.4000","6009515881207"
"DR11015","270","15.4000","6009515881146"
"DR11100","301","53.8000","6009515881214"
"DR20010","573","14.3000","6009515822552"
"DR20015","239","16.5000","6009515822569"
"DR20020","2569","16.1000","6009515822576"
"DR20025","2450","19.5000","6009515822583"
"DR20028","639","28.8000","6009515822590"
"DR20030","823","27.4000","6009515822606"
"DR20032","1474","30.6000","6009515822613"
"DR20033","1011","35.2000","6009515822620"
"DR20035","2160","21.8000","6009515822637"
"DR20038","2342","25.2000","6009515822644"
"DR20040","3400","24.4000","6009515822651"
"DR20042","1173","26.2000","6009515822668"
"DR20045","491","28.0000","6009515822675"
"DR20048","1112","32.0000","6009515822682"
"DR20050","8670","32.0000","6009515822699"
"DR20052","2104","39.6000","6009515910969"
"DR20055","504","39.6000","6009515822705"
"DR20060","2632","42.0000","6009515822712"
"DR20065","906","52.6000","6009515822729"
"DR20070","1387","62.4000","6009515822736"
"DR20075","1356","72.2000","6009515822743"
"DR20080","2710","85.4000","6009515822750"
"DR20085","377","97.8000","6009515822767"
"DR20090","544","104.5000","6009515822774"
"DR20095","2215","112.0000","6009515822781"
"DR20100","1867","121.0000","6009515822798"
"DR20105","201","137.0000","6009515822804"
"DR20110","206","160.0000","6009515822811"
"DR20115","328","178.0000","6009515822828"
"DR20120","933","191.0000","6009515822835"
"DR20125","94","212.5000","6009515822842"
"DR20130","638","225.0000","6009515822859"
"DR20135","159","244.5000","6009515886752"
"DR20140","180","248.5000","6009515886769"
"DR20145","81","260.5000","6009515886776"
"DR20150","57","282.0000","6009515886783"
"DR20155","226","310.5000","6009515886790"
"DR20160","-26","323.0000","6009515886806"
"DR20165","44","390.5000","6009515883195"
"DR20170","72","390.5000","6009515883201"
"DR20175","180","448.5000","6009515883218"
"DR20180","163","448.5000","6009515883225"
"DR20185","178","505.5000","6009515883232"
"DR20190","76","505.5000","6009515883249"
"DR20195","205","571.0000","6009515883256"
"DR20200","31","571.0000","6009515883263"
"DR21002","139","17.7000","6009515881238"
"DR21003","319","23.4000","6009515881245"
"DR21004","308","33.0000","6009515881252"
"DR21005","283","38.6000","6009515881269"
"DR21006","384","52.0000","6009515881276"
"DR21008","182","91.0000","6009515881283"
"DR21015","566","17.7000","6009515881221"
"DR21100","367","137.5000","6009515881290"
"DR22010","105","30.4000","6009515839543"
"DR22015","313","40.2000","6009515839550"
"DR22020","320","52.6000","6009515839567"
"DR22025","346","73.8000","6009515839574"
"DR22028","142","116.0000","6009515839581"
"DR22030","289","116.0000","6009515839598"
"DR22032","200","137.0000","6009515839604"
"DR22033","160","147.0000","6009515839611"
"DR22035","138","147.0000","6009515839628"
"DR22038","177","168.5000","6009515839635"
"DR22040","110","168.5000","6009515839642"
"DR22042","241","210.0000","6009515839659"
"DR22045","287","210.0000","6009515839666"
"DR22048","91","241.5000","6009515839673"
"DR22050","985","241.5000","6009515839680"
"DR22052","472","325.5000","6009515911331"
"DR22055","147","325.5000","6009515839697"
"DR22060","389","344.0000","6009515839703"
"DR22065","80","474.5000","6009515839710"
"DR22070","218","562.5000","6009515839727"
"DR22075","149","640.5000","6009515839734"
"DR22080","309","774.5000","6009515839741"
"DR22085","116","871.0000","6009515839758"
"DR22090","40","886.5000","6009515839765"
"DR22095","165","974.0000","6009515839772"
"DR22100","-17","673.0000","6009515839789"
"DR22105","202","703.5000","6009515839796"
"DR22110","0","855.5000","6009515839802"
"DR22115","202","915.5000","6009515839819"
"DR22120","-3","1003.5000","6009515839826"
"DR22125","57","1056.5000","6009515839833"
"DR22130","0","1172.5000","6009515839840"
"DR30060","287","225.5000","6009515829827"
"DR30080","35","279.5000","6009515829834"
"DR40020","152","44.8000","6009515827991"
"DR40025","230","49.6000","6009515828004"
"DR40030","314","49.6000","6009515828011"
"DR40032","166","43.4000","6009515828028"
"DR40035","60","43.4000","6009515828035"
"DR40040","356","47.0000","6009515828042"
"DR40042","133","56.6000","6009515828059"
"DR40045","67","56.6000","6009515828066"
"DR40048","-563","61.0000","6009515828073"
"DR40050","-309","61.0000","6009515828080"
"DR40055","202","65.4000","6009515828097"
"DR40060","411","76.6000","6009515828103"
"DR40065","393","83.6000","6009515828110"
"DR40070","374","92.2000","6009515828127"
"DR40075","366","101.0000","6009515828134"
"DR40080","102","120.0000","6009515828141"
"DR40085","162","136.0000","6009515828158"
"DR40090","100","148.0000","6009515828165"
"DR40095","142","157.0000","6009515828172"
"DR40100","161","186.5000","6009515828189"
"DR40105","120","214.0000","6009515828196"
"DR40110","248","223.5000","6009515828202"
"DR40115","98","242.5000","6009515828219"
"DR40120","75","277.0000","6009515828226"
"DR40125","40","291.0000","6009515828233"
"DR40130","187","313.5000","6009515828240"
"DR50100","5","280.5000","6009675089000"
"DR50105","1","275.0000","6009675089017"
"DR50110","16","259.5000","6009675089024"
"DR50120","81","286.5000","6009675089031"
"DR50125","99","286.5000","6009675089048"
"DR50130","103","314.0000","6009675089055"
"DR50135","89","315.0000","6009675089062"
"DR50140","89","355.0000","6009675089079"
"DR50145","88","334.0000","6009675089086"
"DR50150","78","334.0000","6009675089093"
"DR50155","10","354.0000","6009675089109"
"DR50160","-1","384.5000","6009675089116"
"DR50165","94","435.0000","6009675089123"
"DR50170","96","440.5000","6009675089130"
"DR50175","75","440.5000","6009675089147"
"DR50180","62","498.5000","6009675089154"
"DR50185","95","498.5000","6009675089161"
"DR50190","72","522.5000","6009675089178"
"DR50195","21","493.0000","6009675089185"
"DR50200","81","625.0000","6009675089192"
"DR50205","23","592.0000","6009675089208"
"DR50210","87","674.0000","6009675089215"
"DR50215","71","674.0000","6009675089222"
"DR50220","51","739.5000","6009675089239"
"DR50225","6","739.5000","6009675089246"
"DR50230","99","798.5000","6009675089253"
"DR50240","86","956.5000","6009675089260"
"DR50250","86","974.5000","6009675089277"
"DR50260","2","1176.0000","6009675089284"
"DR50270","96","1245.5000","6009675089291"
"DR50280","7","1238.0000","6009675089307"
"DR50290","9","1460.0000","6009675089314"
"DR50300","96","1609.0000","6009675089321"
"DR50320","121","1979.5000","6009675089345"
"DR50350","108","2332.0000","6009515857486"
"DR55030","129","107.5000","6009675089352"
"DR55030-1","698","16.6000","6009515871635"
"DR55032","168","126.0000","6009675089369"
"DR55032-1","885","17.4000","6009515871642"
"DR55033","111","139.5000","6009675089376"
"DR55033-1","823","18.5000","6009515871659"
"DR55035","263","139.5000","6009675089383"
"DR55035-1","366","19.1000","6009515871666"
"DR55038","160","167.0000","6009515827601"
"DR55038-1","990","20.4000","6009515871673"
"DR55040","192","170.0000","6009675089390"
"DR55040-1","718","21.6000","6009515871680"
"DR55042","188","189.0000","6009675089406"
"DR55042-1","1320","24.4000","6009515871697"
"DR55045","45","212.5000","6009675089413"
"DR55045-1","877","25.0000","6009515871703"
"DR55048","115","232.5000","6009675089420"
"DR55048-1","807","27.6000","6009515871710"
"DR55049","238","252.0000","6009675089437"
"DR55049-1","1183","28.8000","6009515871727"
"DR55050","362","252.0000","6009675089444"
"DR55050-1","2557","29.2000","6009515871734"
"DR55052","31","268.0000","6009675089451"
"DR55052-1","397","31.2000","6009515871741"
"DR55055","232","304.0000","6009675089468"
"DR55055-1","1010","33.8000","6009515871758"
"DR55060","194","352.5000","6009675089475"
"DR55060-1","29","38.0000","6009515871765"
"DR60020","23","33.0000","6009515836689"
"DR60025","25","34.6000","6009515836696"
"DR60030","492","47.6000","6009515836702"
"DR60032","131","48.6000","6009515836719"
"DR60035","251","70.2000","6009515836726"
"DR60038","118","81.0000","6009515836733"
"DR60040","230","86.4000","6009515836740"
"DR60042","139","97.2000","6009515836757"
"DR60045","-7","108.0000","6009515836764"
"DR60048","216","119.0000","6009515836771"
"DR60050","-66","129.5000","6009515836788"
"DR60055","252","156.5000","6009515836795"
"DR60060","116","167.5000","6009515836801"
"DR60065","122","189.0000","6009515836818"
"DR60070","81","216.0000","6009515836825"
"DR60075","49","248.5000","6009515886820"
"DR60080","272","280.5000","6009515836832"
"DR60082","55","318.5000","6009515836849"
"DR60085","127","345.5000","6009515886813"
"DR60090","30","356.0000","6009515836863"
"DR60095","159","372.5000","6009515886837"
"DR60100","116","394.0000","6009515836870"
"DR60105","134","232.0000","6009515850722"
"DR60110","19","264.5000","6009515850739"
"DR60115","116","270.0000","6009515850746"
"DR60120","320","307.5000","6009515850753"
"DR60125","38","329.0000","6009515850760"
"DR60130","106","350.5000","6009515850777"
"DR70040","2000","35.6000","6009515836986"
"DR70050","855","36.8000","6009515836993"
"DR70055","694","35.6000","6009515837006"
"DR70060","2714","35.8000","6009515837013"
"DR70060B","1","30.4000","6009515896751"
"DR70080","1291","39.0000","6009515837020"
"DR70080B","173","33.6000","6009515896768"
"DR70100","230","40.0000","6009515837037"
"DR70100B","420","34.6000","6009515896775"
"DR71050","2341","36.8000","6009515837099"
"DR71055","1132","37.8000","6009515837105"
"DR71060","-1061","36.0000","6009515837112"
"DR71065","1011","39.0000","6009515837129"
"DR71070","693","40.0000","6009515837136"
"DR71080","1214","40.8000","6009515837143"
"DR71100","-221","42.8000","6009515837150"
"DR71200","1671","44.8000","6009515837167"
"DR71300","1262","52.6000","6009515837174"
"DR71400","1074","59.8000","6009515837181"
"DR71600","773","69.2000","6009515837198"
"DR72060","1034","47.2000","6009515837204"
"DR72080","970","48.2000","6009515837211"
"DR72100","1091","51.4000","6009515837228"
"DR72120","1192","55.6000","6009515837235"
"DR72140","555","66.0000","6009515837242"
"DR72160","1236","75.4000","6009515837259"
"DR72180","380","98.4000","6009515837266"
"DR72200","208","154.5000","6009515837273"
"DR73060","2243","53.4000","6009515813802"
"DR73080","1855","58.8000","6009600406193"
"DR73100","639","61.8000","6009515800413"
"DR73120","866","66.0000","6009515858506"
"DR73140","873","96.4000","6009515800536"
"DR73160","1480","119.5000","6009515800543"
"DR73180","456","143.5000","6009515800550"
"DR73200","265","186.5000","6009515800659"
"DR73220","381","223.0000","6009515800918"
"DR73240","8","282.5000","6009515849313"
"DR73250","76","273.0000","6009515800949"
"DR74060","567","62.8000","6009515801212"
"DR74080","1107","67.2000","6009515801373"
"DR74100","731","73.2000","6009515801489"
"DR74120","1041","74.4000","6009515801649"
"DR74140","587","109.0000","6009515801656"
"DR74160","523","136.0000","6009515801786"
"DR74180","329","160.5000","6009515801793"
"DR74200","319","210.5000","6009515801809"
"DR74220","278","249.5000","6009515801816"
"DR74250","166","300.5000","6009515801823"
"DR75010","679","94.2000","6009515840013"
"DR75080","798","94.2000","6009515840068"
"DR75120","1048","98.4000","6009515840020"
"DR75140","366","121.5000","6009515844813"
"DR75160","351","132.0000","6009515840037"
"DR75180","414","181.5000","6009515844820"
"DR75200","511","208.0000","6009515840044"
"DR75220","135","256.5000","6009515844837"
"DR75240","215","274.5000","6009515840051"
"DR75250","262","306.0000","6009515871147"
"DR76005","592","33.6000","6009515903244"
"DR76006","-251","33.6000","6009515903251"
"DR77008","706","47.8000","6009515903268"
"DR77010","1259","56.8000","6009515903275"
"DR77012","495","78.2000","6009515903282"
"DR79010","448","64.6000","6009515903299"
"DR79012","162","103.5000","6009515903305"
"DR79014","342","113.5000","6009515903312"
"DR79016","229","142.0000","6009515903329"
"DR80030","2656","16.2000","6009515822941"
"DR80040","3125","16.5000","6009515822958"
"DR80050","7261","17.9000","6009515822965"
"DR80055","3251","20.2000","6009515822972"
"DR80060","4897","20.4000","6009515822989"
"DR80065","2577","22.2000","6009515822996"
"DR80070","1289","24.8000","6009515823009"
"DR80080","5992","27.4000","6009515823016"
"DR80090","1490","30.8000","6009515823023"
"DR80100","2537","33.4000","6009515823030"
"DR80110","343","40.8000","6009515823047"
"DR80120","1783","46.0000","6009515823054"
"DR80130","517","54.6000","6009515823061"
"DR80140","2052","60.0000","6009515823078"
"DR80160","872","75.4000","6009515823085"
"DR80160B","0","70.0000",""
"DR80180","-49","123.5000","6009515823092"
"DR80180B","0","115.0000",""
"DR80200","361","160.0000","6009515823108"
"DR81003","581","25.4000","6009515881085"
"DR81004","498","24.8000","6009515881092"
"DR81005","294","27.2000","6009515881108"
"DR81006","1363","29.2000","6009515881115"
"DR81008","408","34.8000","6009515881122"
"DR81010","556","44.8000","6009515881139"
"DR83080","1110","77.6000","6009515837044"
"DR83100","702","86.6000","6009515837051"
"DR83120","575","115.0000","6009515837068"
"DR83140","517","155.5000","6009515844790"
"DR83160","366","175.5000","6009515837075"
"DR83180","229","254.5000","6009515844806"
"DR83200","259","288.0000","6009515837082"
"DR90020","90","15.6000","6009515888558"
"DR90030","-29","43.2000","6009515888565"
"DR90030B","73","177.0000","6009515900229"
"DR90035","143","27.2000","6009515888572"
"DR90035B","88","193.5000","6009515900236"
"DR90040","-20","34.8000","6009515888589"
"DR90040B","82","267.5000","6009515900243"
"DR90042","243","38.2000","6009515888596"
"DR90042B","86","345.0000","6009515900250"
"DR90045","151","41.0000","6009515888602"
"DR90045B","95","374.0000","6009515900267"
"DR90048","-77","44.0000","6009515888619"
"DR90048B","77","349.0000","6009515900274"
"DR90050","549","54.2000","6009515888626"
"DR90050B","14","440.0000","6009515900281"
"DR90055","3","60.4000","6009515888633"
"DR90055B","91","440.0000","6009515900298"
"DR90060","74","63.8000","6009515888640"
"DR90060B","99","527.5000","6009515900304"
"DR90065","209","72.2000","6009515888657"
"DR90080","148","119.5000","6009515888664"
"DR90080B","79","1025.0000","6009515900311"
"DR90100","404","175.5000","6009515888671"
"DR90100B","-7","777.0000","6009515900328"
"DR90120","138","254.5000","6009515888688"
"DR90120B","32","1124.0000","6009515900335"
"DR90130","112","289.0000","6009515888695"
"DR90130B","87","1280.0000","6009515900342"
"DT10115-1","6415","46.6000","6009515815370"
"DT10115-3","9080","46.6000","6009515816131"
"DT10230-3","2729","168.5000","6009515816148"
"DT20115-1","238","55.6000","6009515811945"
"DT20115-2","3395","60.2000","6009515811952"
"DT20115-3","15603","46.2000","6009515816117"
"DT20115-3-10P","7178","426.5000","16009515816114"
"DT20230-1","24118","169.0000","6009515811969"
"DT20230-115","2346","234.0000","6009515843694"
"DT20230-25B","1261","3737.0000","6009515897796"
"DT20230-2B","533","325.5000","6009515899653"
"DT20230-3","3133","175.5000","6009515816124"
"DT20230-5B","1431","795.0000","6009515900212"
"DTABP400","795","130.5000","6009515901745"
"DTBL10100","2804","47.0000","6009515902124"
"DTCANOZ-1","-2","8.7000","6009515901844"
"DTCANOZ-10","-8","87.0000","6009515901929"
"DTCANOZ-100","0","869.0000","6009515901943"
"DTCANOZ-50","-4","434.5000","6009515901936"
"DTCANOZ-600","6","5515.0000","6009515901851"
"DTCAPOL-300","5229","219.0000","6009515901110"
"DTCAVYN-300","1945","271.5000","6009515901103"
"DTCD115S-600","148","4686.5000","26009515884967"
"DTCD230S-100","175","3435.5000","26009515884974"
"DTCG1331","2056","347.5000","6009515901776"
"DTCG1360","335","408.5000","6009515901783"
"DTCL030","754","178.0000","6009515896645"
"DTCL030-1","1285","46.0000","6009515897192"
"DTCL030-2","1524","46.0000","6009515897208"
"DTCL030-3","1405","46.0000","6009515902919"
"DTCL031","2920","82.4000","6009515902292"
"DTDEX300","43","1788.0000","6009515901684"
"DTDEX420","24","4576.5000","6009515901691"
"DTKIT001","16","402.0000","6009515884833"
"DTKIT002","2","346.0000","6009515901516"
"DTLK004","205","206.0000","6009515896652"
"DTME01500","372","198.5000","6009515901295"
"DTME0316","0","47.6000","6009515912123"
"DTME0519","-13","47.6000","6009515912130"
"DTME0825","-8","81.8000","6009515912147"
"DTNPS1250-10PC","112","38.6000","6009515901752"
"DTNPS1280-10PC","-2","41.8000","6009515901769"
"DTNPS16130-10PC","0","72.0000",""
"DTNPS1685","5","6776.5000",""
"DTNPS1685-10PC","188","52.2000",""
"DTRT0018","2","7728.0000","6009515901707"
"DTRT2225","2","8504.5000","6009515901714"
"DTRT2628","2","9999.5000","6009515901721"
"DTRT3235","2","11261.5000","6009515901738"
"DTSL001L","87","1067.0000","16009515902176"
"DTSL001L-01","1881","18.4000","6009515902179"
"DTSL001M","141","1652.0000","16009515902190"
"DTSL001R","82","1562.5000","16009515902152"
"DTSL001T","19","902.0000","16009515902138"
"DTSL0040","310","276.5000","6009515880651"
"DTSL0040B","506","187.0000","6009515880712"
"DTSL0060","377","364.0000","6009515880668"
"DTSL0060B","1222","231.0000","6009515880729"
"DTSL0080","385","433.0000","6009515880675"
"DTSL0080B","213","277.5000","6009515880736"
"DTSL0090","414","470.5000","6009515880682"
"DTSL0090B","242","301.0000","6009515880743"
"DTSL0100","430","505.5000","6009515880699"
"DTSL0100B","418","323.5000","6009515880750"
"DTSL0120","356","574.0000","6009515880705"
"DTSL0120B","356","368.5000","6009515880767"
"DTSWB008","65","35.2000","6009515901790"
"DTSWB010","113","36.0000","6009515901806"
"DTSWB012","65","36.8000","6009515901813"
"DTSWB014","86","37.8000","6009515901820"
"DTSWB016","289","39.6000","6009515901837"
"DURA SS01","523","41.4000","6009515803391"
"DURA SS02","75","45.0000","6009515836948"
"DURA SS03","112","45.0000","6009515836955"
"DURA SS04","329","76.0000","6009515836962"
"DURA040","355","17.4000","6009675087792"
"DURA060","329","17.4000","6009675087808"
"DURA080","381","17.4000","6009675087815"
"DURA100","682","17.4000","6009675087822"
"DURA120","165","17.4000","6009675087839"
"DURA150","482","17.4000","6009675087846"
"DURA180","197","17.4000","6009675087853"
"DURA220","380","17.4000","6009675087860"
"DURA240","368","17.4000","6009515806897"
"DURA320","134","17.4000","6009515806903"
"DURA400","177","17.4000","6009515806910"
"DURA600","153","17.4000","6009515806927"
"DY006A PL","451","465.0000","6009675084234"
"DY012B AG","114","859.0000","6009675084258"
"DY012B PL","183","799.0000","6009675084227"
"DY024A AL","293","1850.0000","6009675084265"
"DY035B AG","86","2499.0000","6009675086252"
"E000002900","17","276.0000","8888021300093"
"E000013800","267","93.4000","8888021301403"
"E000041800","62","93.4000","8888021301656"
"E000041900","-1169","35.6000","8888021301779"
"E300019302","83","385.0000","8888021300796"
"E300162002","1390","112.0000","6920403163697"
"E300162101","230","153.0000","8888021200188"
"E300195600","673","59.6000","8888021101027"
"E300253700","252","50.2000","8888021205077"
"E300253900","160","50.2000","8888021205398"
"E300280304","521","202.5000","7638900270228"
"E300280500","649","268.5000","7638900316377"
"E300280600","216","362.0000","7638900316384"
"E300280700","201","534.5000","7638900412802"
"E300305701","530","57.4000","8888021201680"
"E300310502","736","200.5000","8888021204346"
"E300321201","42","529.5000","7638900321401"
"E300477600","32","167.0000","7638900383911"
"E300525001","286","132.5000","8888021301502"
"E300525301","290","165.0000","8888021301410"
"E300525401","50","269.0000","8888021301366"
"E300572602","263","153.0000","6920403164380"
"E300573602","616","162.0000","8888021202489"
"E300577401","534","57.4000","8888021201703"
"E300577503","1681","112.0000","6920403163703"
"E300635601","102","360.5000","8888021301373"
"E300635801","452","235.5000","8888021301526"
"E300636001","722","237.5000","8888021301434"
"E300636300","135","221.5000","7638900418811"
"E300640500","59","425.5000","7638900287448"
"E300645902","669","162.0000","8888021200256"
"E300667700","446","66.8000","7638900386660"
"E300667900","7","300.0000","7638900287424"
"E300668400","70","145.5000","7638900326307"
"E300668701","268","153.5000","7638900398212"
"E300668800","199","50.6000","7638900386677"
"E300688801","1096","97.6000","8888021201666"
"E300688901","1713","115.0000","8888021201659"
"E300690600","8","591.5000","7638900419597"
"E300696601","77","630.5000","7638900398373"
"E300701400","106","280.5000","7638900421446"
"E300703406","147","394.5000","9312931530022"
"E301034402","1208","100.2000","8888021201673"
"E301157400","106","93.4000","8888021302042"
"E301326200","356","35.6000","8888021301731"
"E301326300","-236","35.6000","8888021301755"
"E301335801","60","628.5000","7638900423716"
"E301371800","324","558.0000","7638900424478"
"E301374300","95","198.5000","8888021205404"
"E301374800","95","198.5000","8888021205411"
"E301380800","90","694.5000","7638900424508"
"E301393800","65","414.5000","7638900424485"
"E301393900","37","522.0000","7638900424492"
"E301395304","127","394.5000","0039800016850"
"E301395501","64","70.4000","8888021203318"
"E301395601","116","70.4000","8888021203332"
"E301396701","37","114.5000","8888021201819"
"E301396801","24","114.5000","8888021201826"
"E301397301","-18","114.5000","8888021205978"
"E301397401","63","114.5000","8888021206005"
"E301440800","3","608.5000","7638900426458"
"E301528000","-22","794.5000","7638900426410"
"E301528200","27","595.5000","7638900426441"
"E301610904","58","444.5000","8888021205565"
"E301623400","1365","112.0000","8888021206210"
"E301623500","1242","112.0000","8888021206241"
"E301627000","391","49.0000","8888021301700"
"E301627100","160","59.0000","8888021301717"
"E301627300","402","71.6000","8888021301724"
"E301638800","1039","227.5000","8888021206289"
"E301638900","772","293.5000","8888021206296"
"E301639100","601","227.5000","8888021206319"
"E301639200","810","293.5000","8888021206326"
"E301640800","1730","59.6000","8888021101010"
"E301641500","463","59.6000","8888021101034"
"E301641800","917","51.8000","8888021101058"
"E301642500","378","57.0000","8888021101041"
"E301699100","156","662.0000","7638900430271"
"E301699300","38","266.0000","7638900430295"
"E301699400","108","676.5000","7638900430301"
"E301699500","18","322.5000","7638900430318"
"E301699600","111","634.0000","7638900430325"
"E301746800","0","295.0000","7638900287424"
"E302712400","156","431.5000","7638900433760"
"E302712600","67","588.0000","7638900433784"
"E302712700","11","401.5000","7638900433869"
"E302712900","80","875.0000","7638900433807"
"E302713000","11","828.0000","7638900433814"
"E302713200","-343","296.0000","7638900433852"
"E303261000","72","359.5000","8888021304275"
"E303293400","254","151.0000","7638900326291"
"E303633300","45","889.5000","7638900439175"
"E303638500","29","839.0000","7638900439168"
"E303659200","35","958.0000","7638900440096"
"E303673400","650","323.5000","8888021304879"
"E303673500","802","323.5000","8888021304886"
"E303740400","-9","1350.0000","7638900443127"
"E303814700","0","121.0000",""
"E303954400","25","1296.5000","7638900448160"
"E303954500","14","641.0000","7638900448177"
"E303974600","16","1073.5000","7638900448887"
"E304131600","63","84.6000","8888021306088"
"E304131700","68","84.6000","8888021306064"
"E304131800","74","84.6000","8888021306071"
"E304131900","58","84.6000","8888021306095"
"E304132100","134","126.0000","8888021306057"
"E304132400","77","126.0000","8888021306040"
"E304132600","115","126.0000","8888021306101"
"E304198800","118","81.4000","8888021309270"
"E304198900","66","81.4000","8888021309317"
"E304199100","80","81.4000","8888021309355"
"E90BP2-MAX","364","104.0000","9312931530015"
"E96BP2","63","61.6000","8888021200980"
"EC11-13","1619","5.5000","6009515860394"
"EC13-15","3226","7.3000","6009515845568"
"EC15-18","3831","7.5000","6009515845575"
"EC17-20","1064","9.4000","6009515845582"
"EC9-12","552","5.7000","6009515860400"
"EG1","1","5398.0000","6009600403680"
"EG2","132","306.0000","6009600404595"
"EG2-2","-3","539.0000","6009515809836"
"EG2-3","47","689.0000","6009515849351"
"EG3","74","339.5000","6009600404601"
"EG4","4","916.5000","6009600404618"
"EG9","4","378.0000","6009515844349"
"FES JAC 002","0","3755.2000",""
"FES JAC 004","0","3755.2000",""
"FES SCHUKO","277","148.5000",""
"FES SL 003","1","2035.4000",""
"FES SL 005","3","2035.4000",""
"FES1000","0","1297.6000",""
"FES10000034","0","296.5000","4014549228241"
"FES10000098","12","229.5000","4014549228227"
"FES10000160","9","37.4000","4014549229224"
"FES10000164","1","137.5000","4014549187876"
"FES10000418","0","160.0000","4014549229231"
"FES10000545","10","31.6000","4026657131801"
"FES10000568","1","31.6000","4014549229255"
"FES10000916","1","59.4000","4014549187838"
"FES10001347","7","36.0000","4026657132365"
"FES10001354","6","65.4000","4014549187852"
"FES10001569","0","426.5000","4014549187869"
"FES10001718","2","123.0000",""
"FES10002348","20","33.0000","4014549177327"
"FES10002397","2","1378.5000","4014549274071"
"FES10003260","53","105.5000","4014549229323"
"FES10003652","5","413.5000",""
"FES10004075","0","618.0000","4026657135939"
"FES10004365","2","31.6000","4014549229354"
"FES10004415","1","1661.0000","4014549216873"
"FES10004466","4","51.0000","4014549255964"
"FES10005163","1","51.8000",""
"FES10005447","5","59.4000","4014549194119"
"FES10005928","3","356.0000","4014549216460"
"FES10006302","9","33.0000","4014549233986"
"FES10006305","1","66.6000","4014549194232"
"FES10006642","8","34.6000","4014549255971"
"FES10006662","0","33.4000","4014549234020"
"FES10006908","18","34.2000","4014549229385"
"FES10007029","7","299.5000","4014549218426"
"FES10007991","0","202.5000","4014549233375"
"FES10008028","1","1631.0000","4014549227916"
"FES10008405","2","328.0000","4014549213162"
"FES10008466","1","74.6000","4014549270790"
"FES10009124","0","258.5000","4014549223581"
"FES10009198","1","669.0000","4014549216446"
"FES10009233","1","3408.5000","4014549207598"
"FES10010286","4","6302.5000","4014549284575"
"FES10010405","0","221.5000","4014549284353"
"FES10011985","7","1148.5000","4014549233139"
"FES10011986","11","2900.5000","4014549217771"
"FES10012837","0","4096.5000","4014549233092"
"FES10013518","2","429.0000","4014549231029"
"FES10013575","69","229.0000","4014549218457"
"FES10014028","3","446.5000","4014549271179"
"FES10014093","8","452.0000","4014549234174"
"FES10014832","3","109.5000","4014549254998"
"FES10014834","9","282.5000","4014549255018"
"FES10014865","4","33.0000","4014549230336"
"FES10014874","2","31.6000","4014549230237"
"FES10014877","2","31.6000","4014549230152"
"FES10015550","4","278.5000","4014549322598"
"FES10016305","5","908.5000","4014549284483"
"FES10016370","2","1114.5000","4014549270011"
"FES10016712","0","92.8000","4014549284469"
"FES10016971","0","351.5000","4014549243558"
"FES10017629","3","449.0000","4014549339237"
"FES10017755","2","3286.5000",""
"FES10017759","1","1475.0000","4014549248157"
"FES10017763","6","1573.0000","4014549248386"
"FES10017768","5","652.5000","4014549248232"
"FES10017862","1","1780.5000","4014549249550"
"FES10018118","0","113.0000","4014549263860"
"FES10018287","8","52.8000","4014549249383"
"FES10019385","6","581.0000","4014549270622"
"FES10022457","3","192.5000","4014549305515"
"FES10023711","0","100.2000","4014549322826"
"FES10023759","1","1305.5000","4014549349977"
"FES10024224","2","77.6000","4014549277744"
"FES10025000","-1","210.0000","4014549277751"
"FES10025116","6","282.5000","4014549277737"
"FES10027116","1","163.5000","4014549296493"
"FES10027511","7","1010.5000","4014549276938"
"FES10027687","0","89.2000","4014549295342"
"FES10027826","2","109.5000","4014549295328"
"FES10027879","0","89.2000","4014549295359"
"FES10027974","0","140.5000","4014549295335"
"FES10029350","2","325.0000","4014549316115"
"FES10030558","5","1622.5000","4014549371879"
"FES10031568","1","330.5000","4014549322079"
"FES10033109","2","286.0000","4014549322932"
"FES10035623","6","423.5000","4014549317211"
"FES10035652","17","893.5000","4014549394410"
"FES10035932","1","392.0000","4014549305027"
"FES10036126","0","47.2000","4014549322628"
"FES10037024","5","344.5000","4014549315286"
"FES10037025","2","1493.0000","4014549328491"
"FES10037278","0","900.5000","4014549315149"
"FES10037413","2","1766.0000","4014549307489"
"FES10037614","1","2768.5000","4014549307465"
"FES10037680","9","150.5000","4014549328422"
"FES10037697","12","316.0000","4014549322093"
"FES10039940","0","266.0000","4014549377468"
"FES10040054","0","34.0000","4014549319567"
"FES10040397","1","2751.5000","4014549374696"
"FES10041074","0","1992.5000","4014549316092"
"FES10041205","6","2621.0000","4014549362785"
"FES10044662","5","742.5000","4014549384916"
"FES10044663","10","4096.5000","4014549384923"
"FES10044664","1","2472.0000","4014549384930"
"FES10044665","9","2946.5000","4014549384947"
"FES10044666","2","585.0000","4014549384961"
"FES10044669","1","363.5000","4014549384978"
"FES10139017","4","315.5000","4014549374993"
"FES10148823","0","914.0000","4014549364437"
"FES10152477","0","1098.0000","4014549364383"
"FES10154247","0","1887.5000","4014549365663"
"FES10160359","6","4532.0000","4014549362839"
"FES10160360","3","318.5000","4014549356647"
"FES10160364","1","555.0000","4014549362860"
"FES10160366","6","2447.0000","4014549362877"
"FES10161207","8","5696.0000","4014549362891"
"FES10162932","2","692.0000","4014549365397"
"FES10169014","0","715.5000","4014549365748"
"FES10176441","3","1478.5000","4014549373194"
"FES10176442","2","1478.5000","4014549373187"
"FES10176443","8","1524.5000","4014549372784"
"FES10177708","0","443.5000","4014549365892"
"FES10177709","0","423.5000","4014549365885"
"FES10184323","0","455.0000","4014549409060"
"FES10186872","2","832.2000","4014549373170"
"FES10191015","0","141.0000","4014549430385"
"FES10201624","0","299.5000","4014549365274"
"FES10202061","4","5366.0000","4014549375082"
"FES10202063","0","117.0000","4014549375099"
"FES10202064","1","322.0000","4014549375112"
"FES10202066","3","49.0000","4014549375075"
"FES10202069","3","183.5000","4014549375068"
"FES10202070","7","2114.5000","4014549375037"
"FES10202072","11","3050.0000","4014549375020"
"FES10202074","1","232.5000","4014549375044"
"FES10202078","4","215.5000","4014549374986"
"FES10202079","1","97.6000","4014549375013"
"FES10202091","8","359.0000","4014549374764"
"FES10202095","0","1611.0000","4014549374894"
"FES10203889","0","42.8000","4014549365380"
"FES10205148","2","674.5000","4014549366165"
"FES10205149","1","131.0000","4014549364161"
"FES10205150","2","51.2000","4014549364192"
"FES10205152","0","122.0000","4014549363812"
"FES10205166","0","951.0000","4014549366172"
"FES10205613","3","58.2000","4014549367032"
"FES10210067","8","381.0000","4014549382721"
"FES10212370","1","31.6000","4014549372180"
"FES10214488","2","328.0000","4014549366196"
"FES10214502","2","234.0000","4014549366226"
"FES10214514","2","218.0000","4014549366264"
"FES10218476","1","351.5000",""
"FES10221750","4","104.0000","4014549364376"
"FES10226653","0","1419.5000","4014549404911"
"FES10238030","2","2085.0000","4014549365823"
"FES10238031","1","444.5000","4014549377376"
"FES10240123","31","344.5000","4014549366349"
"FES10240530","0","31.6000","4014549365946"
"FES10245557","2","2268.0000","4014549364864"
"FES10272140","24","81.2000","4014549377499"
"FES10277744","0","34.0000","4014549383094"
"FES10279410","0","482.5000","4014549377444"
"FES10293265","5","586.5000","4014549383971"
"FES10307709","21","652.5000","4014549394342"
"FES10416245","2","2769.0000","4014549389317"
"FES10429748","1","146.0000","4014549410448"
"FES10435074","5","167.0000","4014549424728"
"FES10435238","1","1788.5000","4014549390627"
"FES10435240","8","1721.0000","4014549390665"
"FES10435244","7","4195.5000","4014549390719"
"FES10452961","3","249.0000","4014549412572"
"FES10461873","6","477.0000","4014549393772"
"FES10461876","5","591.5000","4014549393819"
"FES10461877","2","3477.4000","4014549393826"
"FES10461879","0","353.0000","4014549393833"
"FES10461883","10","522.5000","4014549393888"
"FES10461885","3","2121.5000","4014549393925"
"FES10461891","8","606.0000","4014549394526"
"FES10469691","0","6240.5000","4014549394748"
"FES10472432","4","731.0000","4014549395172"
"FES10474168","0","957.2000","4014549395448"
"FES10474169","9","3267.0000","4014549395431"
"FES10474170","0","395.5000","4014549395462"
"FES10474171","0","625.2000","4014549395479"
"FES10474172","3","4096.5000","4014549395486"
"FES10474173","9","2794.0000","4014549395493"
"FES10480271","0","1122.2000","4014549405468"
"FES10480731","4","4096.5000","4014549401439"
"FES10487556","2","2278.0000","4014549405796"
"FES10488426","1","1413.5000","4014549401422"
"FES10494016","16","4439.5000","4014549401231"
"FES10494018","5","4269.0000","4014549401217"
"FES10498113","0","77.4000","4014549464526"
"FES10515490","0","163.0000","4014549409145"
"FES10515819","7","1766.5000","4014549404843"
"FES10541983","3","3429.0000",""
"FES10541984","0","617.5000","4014549409244"
"FES10553599","9","3603.0000","4014549406427"
"FES10553601","9","977.0000","4014549406434"
"FES10553602","4","3812.8000","4014549406441"
"FES10553604","7","3330.0000","4014549406465"
"FES10553606","5","3603.0000","4014549406489"
"FES10553608","8","3330.0000","4014549406519"
"FES10553614","1","1734.0000","4014549406588"
"FES10602127","5","338.0000","4014549431634"
"FES10607946","7","387.0000","4014549424711"
"FES10651137","0","120.4000","4014549424247"
"FES10666107","0","1177.0000","4014549418116"
"FES10679071","1","2868.0000","4014549424148"
"FES10680333","3","474.5000","4014549441527"
"FES10682606","0","2626.5000","4014549436134"
"FES10696835","6","1478.5000","4014549421918"
"FES10696836","4","1478.5000","4014549422311"
"FES10699946","2","787.5000","4014549422434"
"FES10702820","7","3719.0000","4014549425114"
"FES10702821","7","3448.0000","4014549425121"
"FES10703202","2","1397.0000","4014549422588"
"FES10703683","8","4102.5000","4014549424971"
"FES10711276","2","590.0000","4014549422632"
"FES10711280","0","679.0000","4014549422915"
"FES10711281","2","2463.5000","4014549423394"
"FES10712341","5","803.0000","4014549425336"
"FES10712342","5","803.0000","4014549425343"
"FES10723050","6","6639.0000","4014549425374"
"FES10723960","6","3062.0000","4014549424339"
"FES10723962","0","2921.5000","4014549424421"
"FES10724113","6","1704.5000","4014549424377"
"FES10724115","5","1527.5000","4014549424384"
"FES10727070","4","547.5000","4014549425442"
"FES10729769","1","339.0000","4014549438497"
"FES10731581","2","2973.5000","4014549424667"
"FES10734068","3","52.0000","4014549428771"
"FES10737236","12","48.0000","4014549429211"
"FES10737262","32","43.6000","4014549429280"
"FES10751062","0","131.0000","4014549433683"
"FES10751064","0","840.6000","4014549433713"
"FES10751076","0","4779.4000","4014549433867"
"FES10752385","1","3897.0000","4014549436264"
"FES10775821","22","109.5000",""
"FES10779004","29","251.5000","4014549465721"
"FES10779006","25","309.0000",""
"FES10779523","23","725.0000","4014549462812"
"FES10779559","25","194.0000","4014549462829"
"FES10801592","7","562.0000","4014549438442"
"FES10801593","5","579.5000","4014549438435"
"FES10854114","3","2347.0000","4014549443880"
"FES10881222","0","31.4000","4014549453490"
"FES10881701","0","3210.0000","4014549447932"
"FES10897365","0","1672.5000","4014549452943"
"FES10946232","10","26.8000",""
"FES11207730","0","2696.0000",""
"FES200000","2","3146.0000","4014549239032"
"FES200002","1","527.0000","4014549239117"
"FES200007","5","1938.5000","4014549253465"
"FES200038","1","5347.5000","4014549239759"
"FES200048","4","33.0000","4014549628706"
"FES200051","3","13919.5000","4014549241073"
"FES200052","4","34.6000","4014549628805"
"FES200059","3","3768.0000","4014549242667"
"FES200060","21","3768.0000","4014549242674"
"FES200085","1","776.0000","4014549253595"
"FES200118","1","4698.0000","4014549243053"
"FES200127","0","3248.0000","4014549243190"
"FES200129","1","14584.5000","4014549243213"
"FES200131","2","36.6000","4014549629000"
"FES200140","0","855.5000","4014549243527"
"FES200141","1","1043.0000","4014549243534"
"FES200143","1","4096.5000","4014549243947"
"FES200173","0","494.5000","4014549249376"
"FES200174","0","573.5000","4014549249369"
"FES200199","6","3602.0000","4014549252420"
"FES200203","6","1025.0000","4014549252246"
"FES200210","3","1860.0000","4014549252260"
"FES200215","4","547.5000","4014549252321"
"FES200218","0","485.0000","4014549248997"
"FES200231","7","5939.5000","4014549248164"
"FES200241","6","308.0000","4014549248362"
"FES200243","1","1554.5000","4014549252772"
"FES200244","4","711.0000","4014549252796"
"FES200246","5","2330.0000","4014549252819"
"FES200250","0","1847.5000","4014549252833"
"FES200254","7","3052.5000","4014549252871"
"FES200257","1","1033.0000","4014549252918"
"FES200258","0","509.0000","4014549252932"
"FES200269","1","731.0000","4014549253021"
"FES200282","2","2433.5000","4014549252642"
"FES200290","0","4154.5000","4014549253069"
"FES200292","1","1397.0000","4014549278826"
"FES200297","1","1224.0000","4014549252376"
"FES200302","0","221.5000","4014549270820"
"FES200304","2","482.5000","4014549284247"
"FES200334","6","3227.5000","4014549253090"
"FES200338","7","2085.0000","4014549253120"
"FES200353","4","1013.5000","4014549253076"
"FES200355","3","1921.5000","4014549249727"
"FES200359","1","1130.5000","4014549249765"
"FES200363","1","2208.0000","4014549249819"
"FES200414","2","30.0000","4014549690604"
"FES200473","8","821.5000","4014549260869"
"FES200499","0","206.5000",""
"FES200504","2","291.5000","4014549261019"
"FES200521","0","63.2000",""
"FES200531","14","578.5000","4014549261118"
"FES200548","4","330.5000","4014549261248"
"FES200553","1","330.5000","4014549261279"
"FES200554","2","429.0000","4014549261286"
"FES200557","1","1456.0000","4014549261323"
"FES200558","2","438.5000","4014549261330"
"FES200559","4","615.5000","4014549263082"
"FES200568","1","323.5000","4014549261422"
"FES200569","1","33.0000","4014549691106"
"FES200570","0","258.0000","4014549261439"
"FES200571","5","432.0000","40014549261446"
"FES200574","1","106.0000","4014549261460"
"FES200576","1","30.0000","4014549629901"
"FES200578","4","30.0000","4014549630105"
"FES200579","2","30.0000","4014549630204"
"FES200586","2","81.6000","4014549261514"
"FES200587","0","32.8000","4014549630501"
"FES200588","2","30.0000","4014549630600"
"FES200599","7","96.0000","4014549269589"
"FES200601","1","36.0000","4014549630808"
"FES200602","2","33.0000","4014549630907"
"FES200615","0","30.0000","4014549691205"
"FES200617","16","30.0000","4014549631102"
"FES200628","10","245.5000","4014549260333"
"FES200639","9","1888.5000","4014549260562"
"FES200684","2","33.0000","4014549632000"
"FES200685","5","33.0000","4014549632109"
"FES200715","4","33.0000","4014549632604"
"FES200717","1","33.0000","4014549632703"
"FES200719","3","33.0000","4014549632802"
"FES200735","3","36.0000","4014549633007"
"FES200757","1","23.4000","4014549633205"
"FES200765","3","30.0000","4014549534700"
"FES200816","34","1053.0000","4014549262078"
"FES200834","1","665.5000","4014549262238"
"FES200835","1","1230.0000","4014549262245"
"FES200844","2","596.0000","4014549262313"
"FES200852","3","1393.5000","4014549262368"
"FES200863","7","30.0000","4014549633403"
"FES200889","5","649.0000","4014549262573"
"FES200893","6","808.0000","4014549262610"
"FES200911","14","36.6000","4014549633908"
"FES200920","24","34.6000","4014549693100"
"FES200934","17","36.6000","4014549812501"
"FES200948","1","34.6000","4014549084021"
"FES201006","2","558.0000","4014549262764"
"FES201007","0","672.0000","4014549262771"
"FES201025","1","1758.5000","4014549262887"
"FES201077","12","198.5000","4014549253212"
"FES201080","15","178.5000","4014549253694"
"FES201081","6","178.5000","4014549253717"
"FES201082","12","178.5000","4014549253724"
"FES201083","10","178.5000","4014549253731"
"FES201084","6","251.5000","4014549253748"
"FES201105","4","1421.5000","4014549253953"
"FES201107","1","1312.0000","4014549253977"
"FES201112","19","168.5000","4014549254035"
"FES201113","3","168.5000","4014549254042"
"FES201114","26","168.5000","4014549254059"
"FES201124","2","797.0000","4014549254189"
"FES201126","0","1212.0000","4014549254226"
"FES201127","6","1033.5000","4014549254233"
"FES201128","1","1160.5000","4014549254240"
"FES201134","1","31.6000","4014549634509"
"FES201135","8","2373.0000","4014549259481"
"FES201136","5","2130.0000","4014549259498"
"FES201256","13","487.5000","4014549255490"
"FES201258","15","393.5000","4014549255520"
"FES201260","11","362.5000","4014549255544"
"FES201264","26","362.5000","4014549255582"
"FES201273","14","4886.5000","4014549259337"
"FES201274","12","1684.5000","4014549259344"
"FES201349","0","1320.0000","4014549259665"
"FES201350","7","1859.0000","4014549259672"
"FES201351","2","1320.0000","4014549259689"
"FES201352","14","1290.5000","4014549259696"
"FES201354","4","405.5000","4014549259726"
"FES201355","0","264.0000","4014549259733"
"FES201356","0","264.0000","4014549259740"
"FES201463","1","626.0000","4014549263112"
"FES201464","-7","183.0000","4014549263099"
"FES201498","12","551.5000","4014549263990"
"FES201499","1","1683.5000","4014549264010"
"FES201507","8","168.5000","4014549264027"
"FES201683","1","857.5000","4014549268971"
"FES201684","-1","1086.5000","4014549268964"
"FES201691","10","402.0000","4014549269015"
"FES201693","2","1130.5000","4014549269039"
"FES201717","7","192.0000","4014549269145"
"FES201730","7","711.0000","4014549276952"
"FES201733","3","3586.0000","4014549276853"
"FES201748","2","6289.5000","4014549269879"
"FES201758","2","9651.0000","4014549269947"
"FES201789","1","2728.5000","4014549270264"
"FES201793","5","631.5000","4014549270417"
"FES201812","3","128.5000","4014549270721"
"FES201829","2","1470.0000","4014549273791"
"FES201830","1","449.0000","4014549273814"
"FES201831","1","1007.5000","4014549273821"
"FES201895","2","2753.5000","4014549274255"
"FES201896","12","1871.0000","4014549276983"
"FES201898","4","1064.0000","4014549276990"
"FES201900","4","756.0000","4014549277072"
"FES201902","8","404.0000","4014549277027"
"FES201904","11","1696.0000","4014549277041"
"FES201905","1","1518.0000","4014549277089"
"FES201907","0","8914.0000","4014549275191"
"FES201908","1","8914.0000","4014549275214"
"FES201909","4","17795.0000","4014549275221"
"FES201910","0","5620.0000","4014549274439"
"FES201936","0","2987.5000","4014549275023"
"FES201937","0","9082.5000","4014549275085"
"FES201975","5","982.5000","4014549274354"
"FES201989","5","827.0000","4014549275719"
"FES201990","3","1191.5000","4014549275726"
"FES201991","1","1711.0000","4014549275733"
"FES201993","7","1018.5000","4014549275757"
"FES201997","0","3217.5000","4014549275795"
"FES202001","5","936.5000","4014549275849"
"FES202003","2","2124.0000","4014549275863"
"FES202009","7","936.5000","4014549275931"
"FES202013","0","2518.0000","4014549275979"
"FES202015","1","2458.5000","4014549275993"
"FES202017","1","827.0000","4014549276020"
"FES202018","3","1243.5000","4014549276037"
"FES202044","0","1660.5000","4014549275580"
"FES202046","6","747.5000","4014549275610"
"FES202048","6","1117.5000","4014549275634"
"FES202050","7","928.5000","4014549275658"
"FES202051","3","928.5000","4014549275665"
"FES202053","6","650.5000","4014549275689"
"FES202055","0","32379.5000","4014549275696"
"FES202056","0","4362.5000","4014549276068"
"FES202071","9","4600.0000","4014549276860"
"FES202081","0","734.0000","4014549278734"
"FES202096","5","528.0000","4014549277195"
"FES202098","0","1811.0000","4014549277225"
"FES202314","6","3172.5000","4014549278925"
"FES202367","24","498.0000","4014549280430"
"FES202369","3","734.0000","4014549280454"
"FES202373","46","591.0000","4014549280492"
"FES202375","3","440.0000","4014549280522"
"FES202377","7","591.0000","4014549280546"
"FES202380","6","575.0000","4014549280577"
"FES202458","140","1760.0000","4014549284629"
"FES202459","5","1760.0000","4014549284636"
"FES202460","-2","1760.0000","4014549284643"
"FES202461","33","1760.0000","4014549284650"
"FES202462","-4","1760.0000","4014549284667"
"FES202463","9","1760.0000","4014549284674"
"FES202470","3","5707.5000","4014549283493"
"FES202471","1","621.0000","4014549283516"
"FES202494","1","489.0000","4014549285060"
"FES202501","9","4454.5000","4014549285541"
"FES202546","3","3367.5000","4014549291580"
"FES202847","3","196.5000","4014549291771"
"FES202924","5","4294.0000","4014549252253"
"FES202931","16","1174.5000","4014549295649"
"FES202963","7","30.0000","4014549694701"
"FES203129","0","855.5000","4014549301975"
"FES203164","2","2482.0000","4014549302712"
"FES203166","0","4134.5000","4014549302736"
"FES203173","3","270.0000","4014549302828"
"FES203177","6","1549.0000","4014549305669"
"FES203202","1","1025.0000","4014549330395"
"FES203206","15","1391.0000","4014549304785"
"FES203231","7","595.5000","4014549305270"
"FES203254","0","5000.2000","4014549315989"
"FES203258","2","5838.5000","4014549316016"
"FES203284","1","32.8000","4014549695104"
"FES203296","1","1773.0000","4014549306420"
"FES203298","1","1773.0000","4014549306444"
"FES203302","4","1773.0000","4014549306499"
"FES203303","4","2297.5000","4014549306512"
"FES203304","4","1951.5000","4014549306529"
"FES203305","6","1849.5000","4014549306536"
"FES203307","2","1951.5000","4014549306567"
"FES203309","1","1951.5000","4014549306581"
"FES203310","4","1849.5000","4014549306598"
"FES203313","0","1949.5000","4014549306635"
"FES203315","4","2156.0000","4014549306666"
"FES203316","4","2156.0000","4014549306673"
"FES203318","2","2156.0000","4014549306697"
"FES203319","1","2156.0000","4014549306710"
"FES203332","1","2561.5000","4014549307236"
"FES203333","0","2389.5000","4014549307243"
"FES203334","0","2365.5000","4014549307267"
"FES203336","1","2493.0000","4014549307281"
"FES203337","0","2355.5000","4014549307298"
"FES203338","1","2389.5000","4014549307311"
"FES203343","-31","423.0000","4014549306178"
"FES203344","13","387.5000","4014549306185"
"FES203346","31","387.5000","4014549306192"
"FES203348","5","909.0000","4014549306215"
"FES203351","2","580.5000","4014549306246"
"FES203387","0","36.0000","4014549635100"
"FES203420","4","4568.5000","4014549307526"
"FES203451","2","14382.0000","4014549308967"
"FES203454","0","24145.5000","4014549308561"
"FES203456","3","3565.5000","4014549308585"
"FES203457","0","14524.5000","4014549308912"
"FES203639","0","3429.0000","420292980900"
"FES203722","6","519.0000","4014549314883"
"FES203728","2","1447.5000","4014549315064"
"FES203737","2","480.0000","4014549315019"
"FES203740","5","33.0000","4014549313800"
"FES203748","1","30.0000","4014549314401"
"FES203755","2","432.5000","4014549314708"
"FES203759","18","1939.5000","4014549315514"
"FES203775","19","202.5000","4014549316207"
"FES203777","0","30.0000","4014549316504"
"FES203780","3","39.2000","4014549316603"
"FES203783","3","47.0000","4014549316801"
"FES203797","1","1528.0000","4014549315774"
"FES203802","1","38064.5000","4014549315835"
"FES203806","1","33.0000","4014549318201"
"FES203816","0","36.0000","4014549319208"
"FES203821","2","1461.5000","4014549320365"
"FES203889","0","294.0000","4014549322819"
"FES203899","0","989.0000","4014549318645"
"FES203914","2","725.5000","4014549318836"
"FES203920","14","1097.0000","4014549318911"
"FES203935","55","1759.0000","4014549319093"
"FES203937","5","1421.0000","4014549319123"
"FES203961","5","2231.0000","4014549319482"
"FES203962","6","2231.0000","4014549319499"
"FES203963","11","2231.0000","4014549319512"
"FES203964","3","2186.5000","4014549319529"
"FES203970","7","580.0000","4014549319628"
"FES203973","7","677.5000","4014549319666"
"FES203974","6","3807.0000","4014549319673"
"FES203975","6","3807.0000","4014549319680"
"FES203976","1","5098.0000","4014549319697"
"FES203978","2","5098.0000","4014549319727"
"FES203992","0","671.5000","4014549319987"
"FES203993","3","2975.0000","4014549319994"
"FES203994","1","594.0000","4014549320013"
"FES204040","3","1433.5000","4014549321393"
"FES204060","1","1552.5000",""
"FES204061","1","1552.5000",""
"FES204073","1","1804.0000","4014549329979"
"FES204074","1","1589.0000","4014549329986"
"FES204083","10","11622.0000","4014549327111"
"FES204118","68","34.6000","4014549635803"
"FES204121","4","308.0000","4014549340394"
"FES204141","1","3374.5000","4014549330111"
"FES204147","32","726.0000","4014549328439"
"FES204151","0","3013.0000","4014549328545"
"FES204152","7","3717.0000","4014549328569"
"FES204157","0","747.5000","4014549328613"
"FES204176","2","9524.0000","4014549328781"
"FES204200","3","688.5000","4014549332122"
"FES204202","2","688.5000","4014549332146"
"FES204209","5","3227.5000","4014549340028"
"FES204217","8","2985.0000","4014549351499"
"FES204219","2","15308.5000","4014549329962"
"FES204222","5","3242.0000","4014549330197"
"FES204229","2","1243.0000","4014549334591"
"FES204237","0","407.0000","4014549334683"
"FES204241","18","562.5000","4014549334744"
"FES204244","4","1324.5000","4014549339992"
"FES204250","5","2356.0000","4014549340097"
"FES204256","2","479.0000","4014549330548"
"FES204257","4","1955.0000","4014549330562"
"FES204262","1","806.5000","4014549330623"
"FES204265","9","454.5000","4014549330661"
"FES204266","8","1520.0000","4014549330678"
"FES204268","3","479.0000","4014549330692"
"FES204269","0","1070.5000","4014549350447"
"FES204270","1","665.5000","4014549330722"
"FES204275","4","2053.0000","4014549330760"
"FES204306","8","1310.0000","4014549332245"
"FES204308","19","694.0000","4014549332160"
"FES204309","1","4670.0000","4014549332177"
"FES204310","1","3060.5000","4014549332184"
"FES204316","1","733.5000","4014549332283"
"FES204317","2","2448.5000","4014549332290"
"FES204327","6","1055.5000","4014549332313"
"FES204332","0","3147.0000","4014549332320"
"FES204335","2","1129.5000","4014549332337"
"FES204336","0","782.0000","4014549332344"
"FES204343","1","733.5000","4014549332375"
"FES204344","0","323.0000","4014549332382"
"FES204345","2","581.5000","4014549332399"
"FES204383","2","1407.5000","4014549333181"
"FES204410","2","1131.0000","4014549334386"
"FES204412","1","787.0000","4014549334393"
"FES204414","0","3069.0000","4014549334416"
"FES204471","11","30.0000","4014549636404"
"FES204545","10","1424.5000","4014549345962"
"FES204657","2","5612.0000","4014549343265"
"FES204659","6","3846.0000","4014549373385"
"FES204664","16","2858.5000","4014549394113"
"FES204667","5","2858.5000","4014549394168"
"FES204693","0","1572.0000","4014549351642"
"FES204696","6","1572.0000","4014549351680"
"FES204749","0","3027.5000","4014549343692"
"FES204751","4","2959.5000","4014549351116"
"FES204787","0","813.5000","4014549344040"
"FES204802","0","7740.5000","4014549345993"
"FES204803","5","6156.5000","4014549346013"
"FES204840","5","2274.0000","4014549354841"
"FES204841","1","2443.5000","4014549354872"
"FES204842","0","2607.5000","4014549354889"
"FES204843","0","2777.0000","4014549354919"
"FES204844","0","2941.0000","4014549354933"
"FES204845","0","3111.0000","4014549354940"
"FES204848","3","3375.5000","4014549354995"
"FES204850","0","3709.0000","4014549355015"
"FES204851","0","4043.0000","4014549355022"
"FES204853","4","2859.0000","4014549355077"
"FES204854","0","2859.0000","4014549356012"
"FES204856","0","3338.0000","4014549355114"
"FES204857","0","3338.0000","4014549355121"
"FES204858","0","558.0000","4014549355138"
"FES204865","7","1852.5000","4014549355237"
"FES204866","19","2106.0000","4014549355244"
"FES204869","1","3253.0000","4014549355404"
"FES204908","8","2650.5000","4014549373378"
"FES204919","1","965.5000","4014549350362"
"FES204925","0","8812.5000","4014549349922"
"FES204926","10","11179.5000","4014549349939"
"FES204927","0","907.5000","4014549349724"
"FES204939","0","1910.5000","4014549351710"
"FES204940","2","271.5000","4014549350232"
"FES204941","2","311.0000","4014549350249"
"FES204947","0","1231.0000","4014549350324"
"FES204948","0","1375.5000","4014549350331"
"FES204969","1","803.0000","4014549350591"
"FES204981","4","678.5000","4014549350744"
"FES204984","4","545.0000","4014549350782"
"FES205034","3","3273.0000","4014549351277"
"FES205089","9","2500.0000",""
"FES205097","0","1114.5000","4014549352076"
"FES205135","0","420.0000","4014549353684"
"FES205136","9","2126.0000","4014549376294"
"FES205156","2","2143.5000","4014549361337"
"FES205159","0","1753.0000","4014549361276"
"FES205177","10","4519.5000","4014549371770"
"FES205182","10","569.0000","4014549357675"
"FES205183","0","63030.5000","4014549357927"
"FES205186","1","4429.5000","4014549371817"
"FES205190","5","1274.0000","4014549370483"
"FES205191","5","774.0000","4014549370490"
"FES205193","4","365.0000","4014549361344"
"FES205198","3","2271.5000","4014549361818"
"FES205200","0","3052.5000","4014549371695"
"FES205211","1","1117.5000","4014549376829"
"FES205222","3","4936.0000","4014549377628"
"FES205223","1","4175.5000","4014549377635"
"FES205229","4","4540.0000","4014549363683"
"FES205230","7","1239.0000","4014549374634"
"FES205268","7","2943.0000","4014549382820"
"FES205286","0","3211.0000","4014549382363"
"FES205294","6","338.0000","4014549370414"
"FES205316","2","2789.0000","4014549371961"
"FES205320","3","2858.5000","4014549372319"
"FES205398","-1","263.0000","4014549374672"
"FES205418","19","797.5000","4014549375549"
"FES205434","1","3555.0000","4014549375716"
"FES205446","0","1888.5000","4014549375839"
"FES205484","11","9250.5000","4014549376171"
"FES205493","0","856.5000","4014549376287"
"FES205502","0","6803.0000","4014549382592"
"FES205518","0","6354.0000","4014549376362"
"FES205550","3","1441.5000","4014549377048"
"FES205551","23","1459.5000","4014549377062"
"FES205553","4","2190.5000","4014549377079"
"FES205554","33","2729.0000","4014549377086"
"FES205555","3","3971.0000","4014549377093"
"FES205558","1","5200.0000","4014549377116"
"FES205565","5","3292.5000","4014549377543"
"FES205573","0","1007.5000","4014549385128"
"FES205652","2","3092.0000","4014549380932"
"FES205653","0","2025.0000","4014549380949"
"FES205654","3","1889.0000","4014549380963"
"FES205655","5","1762.5000","4014549380970"
"FES205656","0","1506.0000","4014549380987"
"FES205657","0","1506.0000","4014549380994"
"FES205659","1","1506.0000","4014549381014"
"FES205660","3","1506.0000","4014549381021"
"FES205662","23","1506.0000","4014549381038"
"FES205663","3","1506.0000","4014549381045"
"FES205664","4","1506.0000","4014549381069"
"FES205682","5","384.0000","4014549382691"
"FES205697","0","3227.5000","4014549389829"
"FES205698","0","3227.5000","4014549389867"
"FES205732","1","943.0000","4014549382332"
"FES205755","3","1466.5000","4014549383025"
"FES205763","10","1872.5000","4014549390368"
"FES205765","4","2667.0000","4014549390382"
"FES205766","4","4019.0000","4014549390399"
"FES205767","0","3404.0000","4014549390412"
"FES205777","7","1481.5000","4014549383070"
"FES205798","1","1972.5000","4014549395394"
"FES205800","5","2277.0000","4014549405444"
"FES205810","1","1186.5000","4014549390078"
"FES205811","0","1960.0000","4014549390085"
"FES205813","4","2943.0000","4014549390092"
"FES205817","7","1652.5000","4014549390122"
"FES205820","4","1262.5000","4014549390146"
"FES205822","3","1324.5000","4014549384039"
"FES205823","6","1324.5000","4014549384046"
"FES205824","1","1324.5000","4014549384060"
"FES205825","3","840.5000","4014549384077"
"FES205836","1","1200.5000","4014549419038"
"FES205902","1","5495.0000","4014549385135"
"FES206666","4","30.2000","4014549637708"
"FES206935","0","36.0000","4014549637807"
"FES207730","0","36.6000","4014549110218"
"FES207813","1","31.6000","4014549638200"
"FES209608","1","41.2000","4014549638507"
"FES216412","2","30.2000","4014549699805"
"FES216770","2","30.2000","4014549518908"
"FES217178","1","143.0000","4014549639603"
"FES219021","8","245.0000","4014549589205"
"FES219031","12","30.2000","4014549589601"
"FES219043","12","33.0000","4014549590003"
"FES219044","2","33.0000","4014549590102"
"FES219047","1","30.2000","4014549590409"
"FES219049","1","30.2000","4014549590607"
"FES219068","18","30.2000","4014549591901"
"FES219069","0","31.4000","4014549592106"
"FES219075","29","33.0000","4014549592304"
"FES219080","20","30.2000","4014549592403"
"FES219098","31","33.0000","4014549593301"
"FES219107","0","33.0000","4014549593905"
"FES219112","1","30.2000","4014549594209"
"FES223541","11","33.0000","4014549388907"
"FES223862","2","30.2000","4014549391501"
"FES227536","2","122.0000","4039793017991"
"FES227544","0","56.6000","4039793018004"
"FES227668","0","52.8000","8590163981992"
"FES227749","1","39.6000","4039793018080"
"FES228036","1","30.2000","4039793018110"
"FES228503","3","30.2000","4014549449509"
"FES228509","3","33.0000","4014549450000"
"FES228514","4","33.0000","4014549450406"
"FES228516","12","18.8000","4014549450505"
"FES228517","1","33.0000","4014549450604"
"FES228523","15","209.0000","4014549451403"
"FES228524","19","269.5000","4014549451502"
"FES228534","0","33.0000","4014549452103"
"FES228541","1","36.0000","4014549452509"
"FES228546","7","30.2000","4014549453001"
"FES228547","13","33.0000","4014549453100"
"FES228551","4","39.0000","4014549453407"
"FES228559","11","92.0000","4014549453605"
"FES228562","0","36.0000","4014549453902"
"FES228566","13","33.0000","4014549454305"
"FES228567","22","30.2000","4014549454404"
"FES228569","2","33.0000","4014549454602"
"FES228570","12","33.0000","4014549454701"
"FES228582","1","33.0000","4014549455609"
"FES228584","21","30.2000","4014549455807"
"FES228592","3","33.0000","4014549456200"
"FES228603","7","33.0000","4014549457306"
"FES228612","6","38.8000","4014549457801"
"FES228639","40","33.0000","4014549458709"
"FES228659","22","174.0000","4014549460108"
"FES228663","21","30.2000","4014549460405"
"FES228672","12","96.0000","4014549460702"
"FES228689","4","33.0000","4014549461402"
"FES228694","2","30.2000","4014549461808"
"FES228707","19","30.2000","4014549462706"
"FES228708","3","30.2000","4014549462805"
"FES228709","10","30.2000","4014549462904"
"FES228713","18","30.2000","4014549463307"
"FES228715","29","94.8000","4014549463406"
"FES228725","9","27.2000","4014549464205"
"FES228727","0","33.0000","4014549464403"
"FES228729","2","30.2000","4014549464502"
"FES228733","8","30.2000","4014549464809"
"FES228736","8","33.0000","4014549465103"
"FES228737","10","33.0000","4014549465301"
"FES228738","20","33.0000","4014549465509"
"FES228746","27","161.5000","4014549466506"
"FES228756","3","203.5000","4014549466605"
"FES228759","21","30.2000","4014549466902"
"FES228798","15","122.0000","4014549467602"
"FES2309","0","341.5000","4014549688403"
"FES233066","4","82.8000","4014549640906"
"FES234883","5","30.2000","4014549564400"
"FES342088","16","33.0000","4014549702703"
"FES345395","10","485.5000","4014549004111"
"FES35000864","1","2960.0000","4014549372371"
"FES400004","9","247.0000","4014549510209"
"FES400005","2","30.2000","4014549510308"
"FES400008","-1","81.0000","4014549510506"
"FES400014","6","33.0000","4014549510902"
"FES400048","25","162.5000","4014549511800"
"FES400050","0","33.0000","4014549512005"
"FES400059","10","395.5000","4014549627105"
"FES400063","2","33.0000","4014549512302"
"FES400065","39","179.5000","4014549619704"
"FES400077","1","33.0000","4014549624401"
"FES400080","1","33.0000","4014549641507"
"FES400090","2","33.0000","4014549702901"
"FES400094","11","35.4000","4014549826102"
"FES400103","3","33.0000","4014549642009"
"FES400106","0","30.2000","4014549642108"
"FES400136","8","57.8000","4014549703809"
"FES400144","5","782.0000","4014549642405"
"FES400174","23","33.0000","4014549642900"
"FES400211","3","33.0000","4014549827703"
"FES400213","1","31.4000","4014549643105"
"FES400225","38","120.5000","4014549705308"
"FES400230","17","128.5000","4014549705407"
"FES400233","28","33.0000","4014549705605"
"FES400234","14","33.0000","4014549705704"
"FES400235","10","33.0000","4014549705803"
"FES400257","11","34.6000","4014549706206"
"FES400273","0","827.5000","4014549706701"
"FES400286","1","90.4000","4014549706909"
"FES400290","2","33.0000","4014549707302"
"FES400291","9","308.0000","4014549707401"
"FES400382","3","33.0000","4014549710203"
"FES400440","2","33.0000","4014549711408"
"FES400447","4","33.0000","4014549711705"
"FES400462","4","745.0000","4014549712306"
"FES400467","5","454.5000","4014549712504"
"FES400468","15","33.0000","4014549712603"
"FES400469","2","33.0000","4014549835401"
"FES400477","1","33.0000","4014549713303"
"FES400478","4","33.0000","4014549713402"
"FES400480","3","30.2000","4014549713501"
"FES400488","3","34.6000","4014549836002"
"FES400492","8","138.5000","4014549836309"
"FES400528","2","33.0000","4014549838501"
"FES400552","3","33.0000","4014549068571"
"FES400565","5","30.2000","4014549003336"
"FES400576","2","33.0000","4014549003732"
"FES400582","0","285.5000","4014549759059"
"FES400583","10","146.0000","4014549003794"
"FES400584","12","30.2000","4014549003763"
"FES400607","7","33.0000","4014549004272"
"FES400620","2","33.0000","4014549004548"
"FES400626","23","115.0000","4014549004661"
"FES400635","26","281.5000","4014549005538"
"FES400636","0","30.2000","4014549005545"
"FES400643","0","31.4000","4014549040560"
"FES400644","5","19.5000","4014549006689"
"FES400663","4","33.0000","4014549757857"
"FES400673","8","33.0000","4014549083932"
"FES400678","7","47.0000","4014549010518"
"FES400680","4","112.0000","4014549011911"
"FES400681","11","36.6000","4014549046289"
"FES400686","5","30.2000","4014549019016"
"FES400688","9","30.2000","4014549018996"
"FES400691","1","30.2000","4014549019023"
"FES400693","2","33.0000","4014549015223"
"FES400695","23","30.2000","4014549019276"
"FES400710","15","30.2000","4014549019412"
"FES400743","0","194.0000","4014549046722"
"FES400750","18","33.0000","4014549018828"
"FES400798","18","138.5000","4014549116227"
"FES400823","5","31.4000","4014549116463"
"FES400827","1","30.2000","4014549074688"
"FES400848","0","48.0000","4014549072226"
"FES400859","7","33.0000","4014549049471"
"FES400862","7","33.0000","4014549058091"
"FES400866","12","33.0000","4014549054987"
"FES400879","6","23.4000","4014549068588"
"FES400881","1","29.6000","4014549068595"
"FES400884","6","30.2000","4014549083130"
"FES400904","14","33.0000","4014549069660"
"FES400905","2","34.6000","4014549115824"
"FES400908","10","361.5000","4014549111239"
"FES400922","2","33.0000","4014549091180"
"FES400928","11","33.0000","4014549091647"
"FES400929","2","30.2000","4014549092019"
"FES400932","9","189.5000","4014549115282"
"FES400953","16","134.5000","4014549116364"
"FES400982","11","34.6000","4014549083918"
"FES400983","0","30.2000","4014549110225"
"FES400988","5","31.4000","4014549117729"
"FES400989","10","33.0000","4014549092880"
"FES400996","3","30.2000","4014549092941"
"FES401007","5","246.5000","4014549118191"
"FES401015","0","33.0000","4014549118467"
"FES401018","7","271.5000","4014549118528"
"FES401057","2","376.0000","4014549173466"
"FES401063","4","33.0000","4014549147566"
"FES401072","10","607.0000","4014549173374"
"FES401073","6","638.0000","4014549173350"
"FES401076","0","112.4000","4014549169292"
"FES401089","12","33.0000","4014549154366"
"FES401118","15","714.5000","4014549188828"
"FES401125","14","720.0000","4014549185544"
"FES401150","2","83.0000","4014549284131"
"FES401162","13","34.6000","4014549280638"
"FES401165","20","27.2000","4014549304860"
"FES401191","0","30.2000","4014549540909"
"FES401244","0","30.2000","4014549542408"
"FES401518","12","184.0000","4014549550502"
"FES401523","16","99.2000","4014549551004"
"FES401524","6","109.5000","4014549551202"
"FES401525","12","102.0000","4014549840009"
"FES401550","9","200.5000","4014549643600"
"FES401576","11","161.5000","4014549552308"
"FES401600","8","227.5000","4014549553800"
"FES401601","16","172.5000","4014549554005"
"FES401612","-1","933.5000","4014549554500"
"FES401739","-1","110.0000","4014549557303"
"FES402365","3","33.0000","4014549576205"
"FES402935","2","30.2000","4014549596104"
"FES403100","0","30.2000","4014549599709"
"FES403848","2","1168.0000","8590163046455"
"FES405420","2","694.5000","8590163049920"
"FES406043","3","200.5000","8590163014652"
"FES406528","3","618.5000","8590163046431"
"FES410223","10","82.0000","4014549322208"
"FES410226","21","359.0000","4014549322604"
"FES410229","5","222.0000","4014549322802"
"FES410290","2","119.0000","4014549325001"
"FES410423","10","156.0000","4014549330104"
"FES410653","3","364.5000","4014549336007"
"FES411549","1","6278.0000","4014549060209"
"FES411745","2","370.0000","4014549360507"
"FES411756","1","291.5000","4014549361504"
"FES411887","2","4679.0000","4014549060902"
"FES411969","10","5764.0000","4014549061107"
"FES412000","6","48.4000","4014549367803"
"FES412006","1","421.0000","4014549368107"
"FES412010","0","739.0000","4014549368602"
"FES415839","1","99.2000","4039793024005"
"FES425575","5","202.5000","8590163977353"
"FES432436","9","34.6000","4014549482803"
"FES432776","0","30.2000","4039793027396"
"FES434430","2","54.6000","4014549497609"
"FES434525","1","163.0000","4014549498101"
"FES434596","0","42.8000","4014549068632"
"FES434597","2","32.8000","4014549068649"
"FES434696","5","208.0000","4014549061404"
"FES435103","0","56.6000","4014549504109"
"FES435475","6","360.5000","4014549507605"
"FES435490","9","175.5000","4014549507704"
"FES435496","5","497.0000","4014549507902"
"FES435509","3","1679.0000","4014549508107"
"FES435510","4","233.0000","4014549508206"
"FES436189","1","97.6000","4014549523506"
"FES436192","2","205.0000","4014549523704"
"FES436195","5","34.0000","4014549523902"
"FES436300","5","38.4000","4014549527900"
"FES436305","15","197.0000","4014549528204"
"FES436392","4","104.0000","4014549528907"
"FES436451","4","43.8000","4014549529607"
"FES436477","3","396.5000","4014549531105"
"FES436520","7","313.5000","4014549531907"
"FES436528","6","31.6000","4014549532102"
"FES436811","1","37.4000","4014549541807"
"FES436812","1","43.4000","4014549541906"
"FES436813","1","48.2000","4014549542002"
"FES436828","1","30.2000","4014549542705"
"FES436965","7","203.5000","4014549547304"
"FES436966","6","123.0000","4014549547403"
"FES437086","14","38.4000","4014549550304"
"FES437102","1","43.8000","4014549551103"
"FES437172","0","528.0000","4014549553206"
"FES437225","1","380.5000","4014549555705"
"FES437278","3","36.0000","4014549556306"
"FES437292","2","51.0000","4014549556405"
"FES437478","4","36.0000","4014549562307"
"FES437499","4","79.8000","4014549562505"
"FES437610","3","409.5000","4014549563403"
"FES437611","2","1933.0000","4014549563502"
"FES437615","0","456.0000","4014549563908"
"FES437616","0","1713.0000","4014549564004"
"FES437811","1","30.2000","4014549849101"
"FES437884","13","154.0000","4014549575109"
"FES438198","5","52.8000","4014549585405"
"FES438509","8","37.4000","4014549595701"
"FES438515","6","75.2000","4014549596302"
"FES438608","6","66.6000","4014549598306"
"FES438613","17","30.2000","4014549598504"
"FES438855","0","49.4000","4014549606704"
"FES438856","3","41.2000","4014549606803"
"FES438943","2","79.4000","4014549609101"
"FES438944","3","32.8000","4014549609200"
"FES439042","0","58.0000","4014549303108"
"FES439269","2","43.4000","4014549309407"
"FES439275","1","43.8000","4014549309605"
"FES439282","10","109.5000","4014549309902"
"FES439288","8","30.2000","4014549310007"
"FES439331","1","56.6000","4014549310809"
"FES439333","2","104.5000","4014549311004"
"FES439580","2","425.0000","4014549065006"
"FES439696","2","171.5000","4014549317709"
"FES439789","3","39.6000","4014549322000"
"FES439803","0","115.0000","4014549322505"
"FES439824","0","197.0000","4014549323007"
"FES439860","1","243.5000","4014549324608"
"FES439887","5","1397.0000","4014549325506"
"FES439889","4","225.0000","4014549325704"
"FES439890","1","66.6000","4014549325803"
"FES439911","2","127.5000","4014549326909"
"FES439922","1","53.8000","4014549327401"
"FES439956","2","73.6000","4014549328408"
"FES440009","3","380.0000","4014549330203"
"FES440089","0","116.0000","4014549332504"
"FES440102","2","593.0000","4014549333105"
"FES440171","3","45.6000","4014549334300"
"FES440404","198","407.0000","4014549066508"
"FES440419","1","1079.0000","4014549067604"
"FES440441","1","65.4000","4014549340509"
"FES440469","3","1786.5000","4014549341506"
"FES440495","1","179.5000","4014549342107"
"FES440506","2","211.5000","4014549342602"
"FES440554","1","37.6000","4014549342909"
"FES440675","2","30.2000","4014549344606"
"FES440676","5","2999.5000","4014549344705"
"FES440685","2","94.8000","4014549345009"
"FES440691","2","329.5000","4014549345504"
"FES440713","4","64.2000","4014549345702"
"FES440729","1","31.6000","4014549346808"
"FES440974","0","243.0000","4014549350102"
"FES440975","0","208.0000","4014549350201"
"FES440991","4","105.0000","4014549350607"
"FES441034","2","1159.5000","4014549351406"
"FES441035","0","1303.5000","4014549351604"
"FES441059","1","683.0000","4014549352205"
"FES441108","1","429.0000","4014549611203"
"FES441155","0","545.0000","4014549353806"
"FES441278","2","389.5000","4014549357408"
"FES441279","2","345.0000","4014549357606"
"FES441282","2","350.0000","4014549358108"
"FES441311","5","330.5000","4014549359709"
"FES441381","14","1614.0000","4014549362600"
"FES441386","6","539.0000","4014549625101"
"FES441731","3","72.2000","4014549375808"
"FES441841","2","369.5000","4014549376607"
"FES442024","0","210.8000","4014549376805"
"FES442066","2","128.5000","4014549377307"
"FES442067","3","120.5000","4014549377406"
"FES442087","1","192.0000","4014549378106"
"FES442202","1","96.0000","4014549378809"
"FES442267","2","711.0000","4014549380505"
"FES442275","0","174.0000","4014549380604"
"FES442276","3","1936.0000","4014549380703"
"FES442404","0","89.2000","4014549382202"
"FES442413","0","34.2000","4014549382608"
"FES442415","8","30.2000","4014549382806"
"FES442500","1","176.5000","4014549384602"
"FES442501","4","112.0000","4014549384701"
"FES442506","3","72.2000","4014549647103"
"FES442597","8","36.0000","4014549386200"
"FES442809","3","31.2000","4014549388402"
"FES442925","8","188.0000","4014549390009"
"FES443109","6","66.6000","4014549410400"
"FES443249","1","52.4000","4014549648407"
"FES443318","0","153.5000","4014549412701"
"FES443331","11","34.6000","4014549412909"
"FES443660","8","27.2000","4014549416501"
"FES443760","1","419.5000","4014549649305"
"FES443841","4","150.5000","4014549649701"
"FES443971","5","30.2000","4014549420706"
"FES444018","5","45.6000","4014549421802"
"FES444114","0","192.5000","4014549423301"
"FES444126","4","31.2000","4014549423806"
"FES444127","4","32.6000","4014549424001"
"FES444235","5","35.6000","4014549623008"
"FES444362","2","33.0000","4014549650905"
"FES444486","2","799.0000","4014549652008"
"FES444708","1","122.5000","4014549653807"
"FES444724","4","370.0000","4014549654606"
"FES444725","4","276.5000","4014549654705"
"FES444726","5","370.0000","4014549654804"
"FES444727","5","297.0000","4014549654903"
"FES444739","3","1030.5000","4014549655603"
"FES444746","2","219.5000","4014549717707"
"FES444748","2","1330.0000","4014549655900"
"FES444753","0","53.4000","4014549717806"
"FES444754","9","31.6000","4014549656204"
"FES444805","1","1198.5000","4014549656600"
"FES444869","2","61.0000","4014549718209"
"FES444878","2","31.6000","4014549718407"
"FES444881","1","102.0000","4014549718704"
"FES444883","0","66.6000","4014549718902"
"FES444885","1","60.6000","4014549719008"
"FES444887","1","74.2000","4014549719107"
"FES444906","9","78.0000","4014549657300"
"FES444914","1","1038.5000","4014549657409"
"FES445148","3","33.0000","4014549904107"
"FES445171","2","1194.0000","4014549659007"
"FES445205","4","220.5000","4014549719503"
"FES445450","0","6776.5000","4014549911105"
"FES445459","2","1389.0000","4014549721506"
"FES445461","1","299.5000","4014549721605"
"FES445463","0","701.5000","4014549721803"
"FES445466","1","1587.0000","4014549722107"
"FES445467","3","519.0000","4014549722206"
"FES445468","1","1636.5000","4014549722305"
"FES445469","2","168.5000","4014549722404"
"FES445472","0","2731.5000","4014549722503"
"FES445497","0","256.0000","4014549040546"
"FES445503","0","47.2000","4014549664308"
"FES445566","12","33.4000","4014549722800"
"FES445738","4","39.6000","4014549666500"
"FES445873","2","845.5000","4014549723807"
"FES445877","0","356.0000","4014549724101"
"FES445880","0","804.5000","4014549724408"
"FES445922","0","654.0000","4014549667507"
"FES446002","3","32.8000","4014549668207"
"FES446063","0","215.5000","4014549725504"
"FES446072","1","81.0000","4014549725603"
"FES446146","2","39.4000","4014549726006"
"FES446281","1","517.0000","4014549669303"
"FES446282","2","471.0000","4014549669402"
"FES446293","1","60.6000","4014549728109"
"FES446294","1","148.5000","4014549728208"
"FES446295","1","36.6000","4014549728307"
"FES446297","1","175.5000","4014549728505"
"FES446309","5","464.5000","4014549728901"
"FES446370","1","208.5000","4014549729205"
"FES446467","2","308.0000","4014549729809"
"FES446469","3","185.0000","4014549730003"
"FES447115","0","100.2000","4014549733509"
"FES447207","3","1284.0000","4014549735909"
"FES447239","7","818.5000","4014549736302"
"FES447262","5","30.2000","4014549736708"
"FES447263","4","31.6000","4014549736807"
"FES447357","1","31.2000","4014549737408"
"FES447358","3","55.6000","4014549737507"
"FES447365","0","220.5000","4014549737606"
"FES447418","1","41.2000","4014549738009"
"FES447426","6","2220.5000","4014549738207"
"FES447519","2","2209.5000","4014549738405"
"FES447534","13","46.0000","4014549738702"
"FES447584","1","138.5000","4014549739303"
"FES447657","2","164.0000","4014549739709"
"FES447703","1","190.5000","4014549740002"
"FES447704","1","107.5000","4014549740101"
"FES447750","2","110.5000","4014549740804"
"FES447768","1","34.6000","4014549740903"
"FES447949","10","49.4000","4014549741504"
"FES447961","8","38.4000","4014549741801"
"FES447968","0","52.4000","4014549742303"
"FES447995","4","415.0000","4014549742402"
"FES447996","1","161.5000","4014549742501"
"FES447997","0","82.0000","4014549742600"
"FES448071","2","83.6000","4014549743904"
"FES448178","2","53.8000","4014549365755"
"FES448234","2","93.8000","4014549745601"
"FES448235","3","526.0000","4014549745700"
"FES448475","2","376.0000","4014549746103"
"FES448477","11","33.0000","4014549746301"
"FES448596","0","477.5000","4014549687901"
"FES448784","0","65.4000","4014549750209"
"FES448785","2","43.8000","4014549750308"
"FES448805","3","271.5000","4014549750605"
"FES448833","25","104.0000","4014549751305"
"FES448858","2","260.0000","4014549752302"
"FES448870","2","200.5000","4014549752609"
"FES448871","6","274.0000","4014549752708"
"FES448884","5","152.5000","4014549753101"
"FES448927","0","223.0000","4014549753606"
"FES448928","0","344.5000","4014549753705"
"FES448951","3","158.5000","4014549754207"
"FES448953","6","128.5000","4014549754306"
"FES449200","1","55.0000","4014549756805"
"FES449273","2","64.6000","4014549757109"
"FES449666","1","69.2000","4014549759103"
"FES449830","1","34.6000","4014549760406"
"FES449836","1","35.6000","4014549760505"
"FES449837","1","89.2000","4014549760604"
"FES449888","30","33.0000","4014549761205"
"FES449907","1","789.0000","4014549474150"
"FES450129","1","312.0000","4014549486450"
"FES450149","2","86.6000","4014549763407"
"FES450190","2","152.5000","4014549764008"
"FES450194","2","25.2000","4014549764107"
"FES450206","19","30.2000","4014549491751"
"FES450507","5","39.6000","4014549212202"
"FES450508","13","34.6000","4014549212301"
"FES450576","4","329.5000","4014549218303"
"FES450590","1","316.0000","4014549765005"
"FES450592","2","168.0000","4014549765104"
"FES450677","10","69.4000","4014549224304"
"FES450682","6","45.2000","4014549765401"
"FES450782","4","1430.0000","4014549767405"
"FES450935","0","52.8000","4014549768105"
"FES450967","5","41.8000","4014549242704"
"FES451047","4","53.8000","4014549246504"
"FES451346","8","127.5000","4014549267004"
"FES451347","6","30.2000","4014549267103"
"FES451354","11","79.0000","4014549267806"
"FES451366","5","30.2000","4014549269008"
"FES451372","3","98.4000","4014549269602"
"FES451383","9","257.0000","4014549270608"
"FES451430","6","128.5000","4014549274804"
"FES451454","2","951.0000","4014549276808"
"FES451535","9","36.0000","4014549282601"
"FES451536","4","36.0000","4014549282700"
"FES451537","10","36.0000","4014549282809"
"FES451538","1","45.8000","4014549282908"
"FES451583","1","1389.5000","4014549286104"
"FES451754","1","138.5000","4014549299302"
"FES451796","4","73.2000","4014549501559"
"FES451886","2","1490.0000","4014549508954"
"FES451917","0","26.8000","4014549510858"
"FES451918","0","27.2000","4014549510957"
"FES452009","1","102.5000","4014549517956"
"FES452016","1","36.0000","4014549518656"
"FES452091","1","73.2000","4014549526057"
"FES452099","1","156.0000","4014549526859"
"FES452384","1","1416.0000","4014549103852"
"FES452386","13","1908.5000","4014549104057"
"FES452450","11","32.8000","4014549016022"
"FES452837","5","532.0000","4014549749258"
"FES452840","2","525.5000","4014549749357"
"FES452841","2","4269.0000","4014549749456"
"FES452847","2","430.5000","4014549749852"
"FES452862","3","480.0000","4014549750759"
"FES452866","4","187.5000","4014549750957"
"FES452869","1","2404.0000","4014549751152"
"FES452870","2","525.0000","4014549751251"
"FES452872","4","319.5000","4014549751459"
"FES452876","5","1025.0000","4014549751756"
"FES452882","0","4733.0000","4014549092651"
"FES452888","2","5472.0000","4014549093252"
"FES452891","1","581.0000","4014549093559"
"FES452896","12","1391.0000","4014549094051"
"FES452897","1","663.5000","4014549094150"
"FES452898","0","1709.0000","4014549094259"
"FES452902","2","2101.0000","4014549094655"
"FES452904","0","292.5000","4014549095652"
"FES452908","1","5108.0000","4014549095157"
"FES452910","6","5744.0000","4014549095355"
"FES452921","4","2024.5000","4014549099254"
"FES452923","1","1231.0000","4014549096055"
"FES452924","1","631.0000","4014549099056"
"FES452951","3","1219.0000","4014549752159"
"FES452960","4","1415.5000","4014549752456"
"FES452970","8","1520.0000","4014549098356"
"FES452971","4","1652.0000","4014549098455"
"FES452972","5","1793.5000","4014549098554"
"FES452973","1","1930.5000","4014549098653"
"FES452986","1","5174.5000","4014549107454"
"FES452992","1","267.0000","4014549752852"
"FES453067","1","76.4000","4014549551455"
"FES453072","0","313.5000","4014549551752"
"FES453082","1","43.8000","4014549552254"
"FES453315","1","47.2000","4014549002964"
"FES453316","6","45.6000","4014549002933"
"FES453370","10","39.4000","8590163073536"
"FES453371","2","39.4000","8590163073543"
"FES453373","0","132.0000","4014549002872"
"FES453374","0","74.2000","4014549002865"
"FES453490","5","37.6000","4014549573754"
"FES453491","1","62.2000","4014549573853"
"FES453547","13","33.0000","4014549019047"
"FES453584","13","33.0000","4014549578353"
"FES453707","7","226.0000","4014549585955"
"FES453841","1","725.5000","4014549002414"
"FES453978","5","195.0000","4014549755952"
"FES454089","0","2194.2000","4014549753156"
"FES454402","0","2413.4000","4014549004975"
"FES454642","4","348.0000","4014549016244"
"FES454737","2","4683.5000","4014549748053"
"FES454743","1","279.5000","4014549753453"
"FES454746","1","1166.0000","4014549753552"
"FES454747","1","525.5000","4014549753651"
"FES454749","1","2112.5000","4014549753859"
"FES454750","1","660.5000","4014549753958"
"FES454757","1","4332.0000","4014549104651"
"FES454770","3","3408.0000","4014549103050"
"FES454869","0","2633.0000","4014549128657"
"FES454966","1","3754.5000","4014549060124"
"FES455289","5","134.0000","4014549003527"
"FES455356","4","305.0000","4014549004388"
"FES455365","8","408.0000","4014549008263"
"FES455593","1","30.2000","4014549114810"
"FES455609","3","76.6000","4014549004814"
"FES455615","2","126.0000","4014549757352"
"FES455695","0","1003.0000","4014549006375"
"FES455770","4","126.0000","4014549003930"
"FES455852","1","182.5000","4014549008270"
"FES455953","4","247.0000","4014549005187"
"FES455961","1","36.6000","4014549004371"
"FES455974","2","31.6000","4014549004869"
"FES456057","2","122.5000","4014549016114"
"FES456737","2","5661.0000","4014549121757"
"FES456738","2","5957.5000","4014549121856"
"FES456773","1","3261.5000","4014549008188"
"FES456790","0","756.0000","4014549013786"
"FES456805","1","469.5000","4014549013748"
"FES456813","2","194.0000","4014549016510"
"FES456814","7","364.5000","4014549016527"
"FES456817","3","1349.0000","4014549016565"
"FES456821","0","1121.5000","4014549016626"
"FES456822","0","409.0000","4014549016633"
"FES456826","5","489.5000","4014549016688"
"FES456870","0","1545.0000","4014549033487"
"FES457043","0","32.8000","4014549004449"
"FES457074","0","30.2000","4014549005033"
"FES457115","3","43.8000","4014549004821"
"FES457116","3","34.0000","4014549004838"
"FES457184","1","401.0000","4014549011126"
"FES457284","9","53.8000","4014549004999"
"FES457333","8","9168.5000","4014549005583"
"FES457337","2","47.0000","4014549005064"
"FES457351","2","71.0000","4014549005439"
"FES457383","3","53.8000","4014549005071"
"FES457408","5","579.0000","4014549005248"
"FES457410","13","652.5000","4014549015483"
"FES457599","0","821.0000","4014549005224"
"FES457600","6","652.5000","4014549005231"
"FES457638","4","465.5000","4014549008836"
"FES457741","2","432.5000","4014549038239"
"FES457742","16","30.2000","4014549038284"
"FES457743","3","62.2000","4014549038178"
"FES457744","8","30.2000","4014549038314"
"FES457748","6","30.2000","4014549038369"
"FES457753","0","31.6000","4014549038345"
"FES457766","1","31.6000","4014549038222"
"FES457920","0","160.0000","4014549005668"
"FES458614","3","36.0000","4014549006313"
"FES458753","0","666.0000","4014549006283"
"FES458756","2","544.0000","4014549006368"
"FES459179","1","52.8000","4014549018897"
"FES459182","4","1208.0000","4014549018927"
"FES459185","1","336.0000","4014549018972"
"FES459186","12","33.0000","4014549019221"
"FES459187","5","43.2000","4014549019139"
"FES459195","2","52.8000","4014549019313"
"FES459199","7","66.6000","4014549018989"
"FES459202","9","33.0000","4014549019245"
"FES459212","4","162.5000","4014549018934"
"FES459213","6","93.8000","4014549018941"
"FES459220","1","36.0000","4014549019368"
"FES459222","0","39.6000","4014549019337"
"FES459224","1","30.2000","4014549019344"
"FES459225","9","31.6000","4014549019375"
"FES459226","5","175.0000","4014549018910"
"FES459229","1","63.8000","4014549019085"
"FES459254","1","63.2000","4014549187784"
"FES459255","2","51.0000","4014549019238"
"FES459271","1","39.0000","4014549084236"
"FES459319","0","1298.0000","4014549006955"
"FES459427","3","164.0000","4014549038215"
"FES459433","4","39.2000","4014549038642"
"FES459936","3","30.2000","4039793023572"
"FES460463","1","652.5000","4014549007020"
"FES460673","6","222.0000","4014549007167"
"FES460674","0","178.5000","4014549007099"
"FES460675","0","178.5000","4014549007112"
"FES460737","0","708.5000","4014549084311"
"FES460738","2","152.5000","4014549084328"
"FES460820","1","143.0000","4014549084335"
"FES461121","3","652.5000","4014549035047"
"FES461124","9","652.5000","4014549084342"
"FES461678","0","36.0000","4014549007365"
"FES461902","1","1055.0000","4014549015162"
"FES461904","2","30.2000","4014549038260"
"FES461987","10","194.0000","4014549059036"
"FES462072","9","539.0000","4014549021668"
"FES462096","1","310.5000","4014549015179"
"FES462115","1","128.5000","4014549019078"
"FES462119","4","1199.5000","4014549009697"
"FES462187","7","79.4000","4014549015063"
"FES462193","2","996.5000","4014549008867"
"FES462228","1","674.0000","4014549053645"
"FES462275","6","58.2000","4014549019269"
"FES462309","0","63.8000","4014549055687"
"FES462385","0","105.0000","4014549009031"
"FES462575","8","154.5000","4014549014561"
"FES462603","3","123.0000","4014549038475"
"FES462604","5","35.6000","4014549038567"
"FES462606","1","53.8000","4014549038741"
"FES462611","6","87.6000","4014549038529"
"FES462620","3","248.5000","4014549038482"
"FES462621","1","90.4000","4014549038543"
"FES462628","0","30.2000","4014549039571"
"FES462637","3","359.0000","4014549039588"
"FES462647","-1","517.0000","4014549038598"
"FES462668","1","85.4000","4014549038581"
"FES462760","0","59.2000","4014549187791"
"FES462795","6","206.5000","4014549014585"
"FES462864","3","1464.5000","4014549009123"
"FES462865","4","1095.0000","4014549009161"
"FES462877","0","30.2000","4014549015636"
"FES463001","2","129.0000","4014549011171"
"FES463004","1","97.6000","4014549011164"
"FES463082","3","47.2000","4014549033890"
"FES463087","0","513.5000","4014549011546"
"FES463088","6","418.0000","4014549011584"
"FES463090","1","158.5000","4014549011621"
"FES463093","2","156.0000","4014549011591"
"FES463095","3","30.2000","4014549011560"
"FES463162","2","3196.0000","4014549038680"
"FES463201","3","575.5000","4014549037133"
"FES463277","2","779.0000","4014549022993"
"FES463280","1","89.2000","4014549039236"
"FES463317","4","31.6000","4014549022962"
"FES463325","3","97.6000","4014549015643"
"FES463326","10","75.4000","4014549015667"
"FES463352","0","109.4000","4014549063057"
"FES463357","9","206.5000","4014549046586"
"FES463360","1","254.0000","4014549046616"
"FES463361","3","567.5000","4014549046623"
"FES463362","3","156.0000","4014549046630"
"FES463567","10","319.5000","4014549011669"
"FES463590","6","31.6000","4014549039311"
"FES463673","9","39.8000","4014549036891"
"FES463751","0","64.8000","4014549036990"
"FES463936","5","819.5000","4014549037171"
"FES463970","0","365.5000","4026657113906"
"FES464087","11","33.4000","4014549139868"
"FES464116","6","127.0000","4014549031322"
"FES464164","2","374.5000","4014549049549"
"FES464212","0","452.0000","4014549056066"
"FES464213","1","2129.0000","4014549056073"
"FES464218","3","158.5000","4014549056127"
"FES464239","1","94.8000","4014549056196"
"FES464736","7","712.5000","4014549046036"
"FES464821","0","105.5000","4014549068694"
"FES464829","3","114.0000","4014549068731"
"FES464837","0","30.2000","4014549068762"
"FES464839","0","31.2000","4014549068779"
"FES464840","2","1067.0000","4014549068786"
"FES464847","1","36.0000","4014549068816"
"FES464873","7","299.5000","4014549075678"
"FES465006","0","36.0000","4014549074732"
"FES465015","1","56.6000","4014549020937"
"FES465024","14","36.0000","4014549068830"
"FES465032","1","90.4000","4014549068861"
"FES465070","0","754.0000","4014549021644"
"FES465072","5","86.6000","4014549056233"
"FES465079","4","30.2000","4014549068878"
"FES465111","3","302.5000","4014549074763"
"FES465112","2","184.0000","4014549074770"
"FES465113","4","359.0000","4014549074787"
"FES465163","11","71.0000","4014549114896"
"FES465171","0","525.5000","4014549074817"
"FES465174","2","683.0000","4014549074831"
"FES465175","2","1038.5000","4014549074862"
"FES465176","1","686.0000","4014549074879"
"FES465184","4","86.6000","4014549037515"
"FES465203","0","31.2000","4014549068939"
"FES465204","3","158.5000","4014549068960"
"FES465360","3","47.4000","4014549074886"
"FES465387","2","105.0000","4014549116586"
"FES465393","2","170.0000","4014549118382"
"FES465394","8","643.5000","4014549116395"
"FES465398","2","96.0000","4014549116432"
"FES465407","1","457.5000","4014549116845"
"FES465449","0","199.5000","4014549037577"
"FES465465","2","36.0000","4014549074916"
"FES465469","15","222.0000","4014549074923"
"FES465470","3","209.0000","4014549074930"
"FES465489","4","126.0000","4014549044032"
"FES465559","0","32.8000","4014549074978"
"FES465561","1","30.2000","4014549074985"
"FES465565","4","36.0000","4014549075012"
"FES465575","0","76.4000","4014549068984"
"FES465842","7","58.4000","4014549037874"
"FES465883","4","305.0000","4014549037881"
"FES465947","6","384.0000","4014549069011"
"FES466015","17","38.4000","4014549069028"
"FES466084","0","39.6000","4014549038017"
"FES466093","7","30.2000","4014549069035"
"FES466094","13","30.2000","4014549069066"
"FES466262","11","45.6000","4014549069073"
"FES466338","10","36.0000","4014549043981"
"FES466354","0","959.5000","4014549044049"
"FES466357","2","3131.5000","4014549032695"
"FES467297","3","269.5000","4014549058114"
"FES467493","4","87.4000","8590163929130"
"FES467534","2","965.0000","4014549058121"
"FES467673","3","80.4000","4014549056240"
"FES467692","4","53.4000","4014549069134"
"FES467884","2","51.6000","4014549075067"
"FES467934","4","79.2000","4014549057414"
"FES467959","12","31.6000","4014549069158"
"FES467996","1","173.5000","4014549069172"
"FES469040","2","97.6000","4014549070468"
"FES469074","22","87.6000","4014549056271"
"FES469075","0","209.5000","4014549070475"
"FES469141","1","69.4000","4014549070482"
"FES469152","2","41.2000","4014549075975"
"FES469328","4","46.0000","4014549083161"
"FES469459","10","31.4000","4014549075081"
"FES469499","3","26.4000","4014549115046"
"FES469515","2","115.0000","4014549120279"
"FES469516","1","59.6000","4014549096987"
"FES469620","10","58.4000","4014549070611"
"FES469643","8","39.6000","4014549069318"
"FES469682","4","42.8000","4014549116418"
"FES469725","3","67.0000","4014549063293"
"FES469763","0","48.4000","4014549075180"
"FES469800","1","124.5000","4014549069325"
"FES469881","1","108.5000","4014549115145"
"FES469882","1","114.0000","4014549115169"
"FES469886","1","74.6000","4014549067116"
"FES469942","3","442.0000","4014549058664"
"FES469943","2","934.0000","4014549058626"
"FES469944","0","573.5000","4014549058633"
"FES470024","6","3744.0000","4014549058572"
"FES470026","1","1704.0000","4014549058589"
"FES470029","1","94.8000","4014549115428"
"FES470030","2","164.0000","4014549115978"
"FES470033","0","46.0000","4014549115299"
"FES470034","0","360.0000","4014549115435"
"FES470035","6","467.5000","4014549115442"
"FES470049","0","290.0000","4014549116135"
"FES470064","9","56.6000","4014549072837"
"FES470216","2","33.0000","4014549069387"
"FES470301","0","100.4000","4014549079348"
"FES470342","1","289.0000","4014549115312"
"FES470345","2","625.5000","4014549063231"
"FES470381","5","69.4000","4026657109145"
"FES470502","1","346.5000","4014549115848"
"FES470505","5","31.4000","4014549115497"
"FES470518","1","175.0000","4014549091760"
"FES470560","2","36.0000","4014549091821"
"FES470574","1","69.0000","4014549115381"
"FES470593","4","322.0000","4014549115817"
"FES470599","5","39.8000","4014549115916"
"FES470601","5","97.0000","4014549115343"
"FES470612","2","42.4000","4014549117064"
"FES470613","1","71.0000","4014549117071"
"FES470616","1","48.4000","4014549117118"
"FES470617","3","5536.0000","4014549092095"
"FES470631","1","30.2000","4014549091616"
"FES470634","1","147.0000","4014549091937"
"FES470635","0","209.0000","4014549091920"
"FES470636","9","34.0000","4014549091944"
"FES470641","3","30.2000","4014549091968"
"FES470642","3","279.5000","4014549091999"
"FES470645","0","107.5000","4014549091234"
"FES470647","2","52.8000","4014549091272"
"FES470649","0","39.6000","4014549091319"
"FES470650","0","384.0000","4014549091340"
"FES470657","1","107.5000","4014549092040"
"FES470661","3","84.8000","4014549092170"
"FES470663","0","784.5000","4014549092088"
"FES470665","1","202.5000","4014549092071"
"FES470685","2","51.0000","4014549092187"
"FES470686","3","148.0000","4014549092194"
"FES470687","3","30.2000","4014549092163"
"FES470717","6","47.2000","4014549091197"
"FES470739","0","393.0000","4014549116746"
"FES470762","10","32.8000","4014549091265"
"FES470767","0","190.5000","4014549091296"
"FES470772","16","52.8000","4014549092361"
"FES470783","1","31.6000","4014549091173"
"FES470805","4","31.6000","4014549115985"
"FES470885","2","138.5000","4014549091838"
"FES470886","9","53.8000","4014549091845"
"FES470894","10","824.0000","4014549091548"
"FES470978","17","35.6000","4014549092279"
"FES471013","8","62.6000","4014549092927"
"FES471179","1","127.5000","4014549115787"
"FES471202","0","72.2000","4014549083314"
"FES471209","4","82.0000","4014549091210"
"FES471313","1","61.0000","4014549091869"
"FES471315","10","47.2000","4014549089866"
"FES471316","6","200.5000","4014549089842"
"FES471448","2","34.0000","4014549091227"
"FES471450","1","72.0000","4014549093962"
"FES471476","11","62.2000","4014549115794"
"FES471641","0","161.5000","4014549079737"
"FES471743","1","755.0000","4014549117248"
"FES471744","5","151.5000","4014549118085"
"FES471820","4","30.2000","4014549092392"
"FES471861","1","457.5000","4014549117033"
"FES471863","1","190.5000","4014549117163"
"FES471864","1","1625.5000","4014549118696"
"FES471929","1","38.6000","4014549120194"
"FES471952","1","97.6000","4014549117149"
"FES472015","0","31.6000","4014549081471"
"FES472017","5","33.0000","4014549120231"
"FES472034","2","96.0000","4014549137550"
"FES472035","3","92.0000","4014549120330"
"FES472647","8","33.4000","4014549120248"
"FES472770","4","30.2000","4014549081389"
"FES472860","1","775.5000","4014549118818"
"FES472861","3","775.5000","4014549118795"
"FES472863","1","2009.0000","4014549118832"
"FES472982","1","55.6000","4014549133835"
"FES472994","2","122.0000","4014549133736"
"FES473060","8","40.8000","4014549120361"
"FES473090","0","590.0000","4014549133712"
"FES473159","0","810.0000","8590163914679"
"FES473244","1","54.4000","4014549117279"
"FES473324","1","75.4000","4014549117385"
"FES473334","1","132.0000","4014549117873"
"FES473344","2","87.6000","4014549117774"
"FES473363","3","546.0000","4014549092798"
"FES473432","6","42.8000","4014549092811"
"FES473479","6","30.2000","4014549092828"
"FES473480","2","31.6000","4014549092835"
"FES473505","1","35.6000","4014549092866"
"FES473550","11","146.0000","4014549097014"
"FES473901","29","33.0000","4026657104553"
"FES473991","2","652.0000","4014549123034"
"FES474036","0","137.5000","4014549118924"
"FES474228","3","365.0000","4014549118245"
"FES474364","7","240.5000","4014549097076"
"FES474450","3","90.4000","4014549118443"
"FES474553","3","631.0000","4014549118412"
"FES474554","3","367.0000","4014549118429"
"FES474681","6","30.2000","4014549120439"
"FES474909","1","165.0000","4014549119013"
"FES474911","8","40.8000","4014549134689"
"FES474913","2","138.5000","4014549120446"
"FES474969","1","197.0000","4014549119037"
"FES475607","5","30.2000","4014549155820"
"FES475775","7","117.5000","4014549160046"
"FES476004","6","24.8000","4014549134771"
"FES476013","1","34.6000","4014549119549"
"FES476348","2","106.0000","4014549139899"
"FES476349","4","45.0000","4014549139912"
"FES476350","4","45.0000","4014549139929"
"FES476490","1","1620.5000","4014549134825"
"FES476668","3","189.0000","4014549220627"
"FES476795","9","35.2000","4014549135761"
"FES477081","2","87.6000","4014549153321"
"FES477253","4","46.0000","4014549139936"
"FES477255","0","122.0000","4014549243381"
"FES477289","4","501.5000","4014549155974"
"FES477356","5","360.5000","4014549147979"
"FES477524","0","564.5000","4014549153994"
"FES477705","3","652.5000","4014549133972"
"FES477836","6","195.0000","4014549154939"
"FES477905","0","2708.5000","4014549139769"
"FES477962","6","36.0000","4014549137772"
"FES477964","4","36.0000","4014549137765"
"FES478193","1","34.6000","4014549154168"
"FES478302","1","55.6000","4014549141724"
"FES478375","1","99.2000","4014549160329"
"FES478969","1","90.8000","4014549172933"
"FES479117","2","438.5000","4014549135662"
"FES479118","2","685.0000","4014549135679"
"FES479156","3","36.6000","4014549259467"
"FES479254","9","83.8000","4014549238783"
"FES479637","6","33.4000","4014549173138"
"FES479643","3","502.5000","4014549173480"
"FES479656","1","193.0000","4014549173398"
"FES479674","10","38.6000","4014549173268"
"FES479703","5","175.5000","4014549141786"
"FES479734","2","339.0000","4014549156391"
"FES479814","10","33.0000","4014549173596"
"FES481984","0","50.2000","4014549406007"
"FES482039","5","691.5000","4014549406601"
"FES482083","1","2054.0000","4014549407103"
"FES482110","3","52.0000","4014549407608"
"FES482182","10","404.0000","4014549408704"
"FES482524","2","1131.5000","4014549411605"
"FES483350","6","157.5000","4014549422304"
"FES483358","5","1272.0000","4014549075906"
"FES483372","1","300.5000","4014549076200"
"FES483582","0","208.5000","4014549077207"
"FES483674","12","360.0000","4014549079607"
"FES483679","3","1215.0000","4014549080009"
"FES483723","48","146.0000","4014549428306"
"FES483783","0","205.0000","4014549429709"
"FES483785","39","207.0000","4014549429808"
"FES483786","7","1202.5000","4014549429907"
"FES483787","4","821.5000","4014549430002"
"FES483905","5","879.5000","4014549081006"
"FES483906","2","879.5000","4014549081105"
"FES483922","2","839.5000","4014549081303"
"FES484152","2","680.0000","4014549085806"
"FES484176","0","433.0000","4014549087503"
"FES484247","1","516.0000","4014549438206"
"FES484280","2","99.4000","4014549439401"
"FES484288","3","2815.0000","4014549088203"
"FES484289","9","2664.0000","4014549088302"
"FES484453","0","988.5000","4014549094303"
"FES484455","12","548.0000","4014549094402"
"FES484487","3","1444.5000","4014549442005"
"FES484507","0","579.0000","4014549094907"
"FES484509","2","2178.5000","4014549095003"
"FES484515","0","904.5000","4014549095201"
"FES484521","1","6057.5000","4014549095706"
"FES484522","1","6057.5000","4014549095805"
"FES484542","3","1010.5000","4014549442906"
"FES484685","1","1117.5000","4014549445600"
"FES484733","2","7386.5000","4014549098400"
"FES485108","4","99.2000","4014549467404"
"FES485172","2","4206.5000","4014549673201"
"FES485202","4","889.5000","4014549469309"
"FES485242","0","1496.0000","4014549109403"
"FES485246","49","1401.0000","4014549109809"
"FES485253","0","1595.5000","4014549110409"
"FES485274","1","1405.5000","4014549111901"
"FES485296","2","1595.5000","4014549113301"
"FES485331","1","6057.5000","4014549116104"
"FES485332","11","1104.5000","4014549116203"
"FES485618","6","567.5000","4014549473108"
"FES485665","1","182.5000","4014549473504"
"FES485666","0","189.5000","4014549473603"
"FES485724","10","781.5000","4014549125908"
"FES485737","1","252.5000","4014549771501"
"FES485758","2","2299.0000","4014549126608"
"FES485802","2","29.6000","4014549476000"
"FES485826","1","489.0000","4014549673409"
"FES485827","1","1814.0000",""
"FES486029","0","433.0000","4014549130308"
"FES486030","0","433.0000","4014549130407"
"FES486032","0","433.0000","4014549130605"
"FES486033","0","433.0000","4014549130704"
"FES486034","0","433.0000","4014549130803"
"FES486052","1","1444.0000","4014549131008"
"FES486058","3","2188.5000","4014549131107"
"FES486202","2","61.0000","4014549602805"
"FES486242","0","1179.5000","4014549131800"
"FES486297","0","2710.5000","4014549132104"
"FES486317","8","367.5000","4014549598153"
"FES486333","17","147.0000","4014549608906"
"FES486418","0","1459.5000","4014549136607"
"FES486534","4","2924.5000","4014549138502"
"FES486546","13","183.0000","4014549138700"
"FES486547","3","295.0000","4014549138809"
"FES486549","0","347.0000","4014549139004"
"FES486553","3","457.0000","4014549139400"
"FES486554","1","415.5000","4014549139509"
"FES486557","1","336.0000","4014549139707"
"FES486558","1","470.5000","4014549139806"
"FES486559","2","470.5000","4014549139905"
"FES486560","23","498.0000","4014549140000"
"FES486561","32","416.0000","4014549140109"
"FES486563","0","220.5000","4014549140307"
"FES486618","3","4581.0000","4014549306307"
"FES486636","4","2198.0000","4014549307700"
"FES486643","10","1411.0000","4014549609903"
"FES486686","8","1433.5000","4014549610008"
"FES486688","3","1249.0000","4014549620700"
"FES486744","2","365.0000","4014549621004"
"FES486775","0","3050.0000","4014549772102"
"FES486880","2","132.0000","4014549676400"
"FES486938","3","5625.5000","4014549676905"
"FES486951","1","7666.5000","4014549677100"
"FES486963","1","752.5000","4014549158807"
"FES487070","1","1833.0000","4014549157305"
"FES487230","3","697.5000","4014549773307"
"FES487304","1","2267.0000","4014549168509"
"FES487424","8","288.0000","4014549774700"
"FES487436","0","225.5000","4014549684009"
"FES487466","1","288.0000","4014549775202"
"FES487492","5","1199.5000","4014549684801"
"FES487506","4","156.0000","4014549775905"
"FES487507","2","210.5000","4014549776001"
"FES487530","2","412.0000","4014549685105"
"FES487535","1","1367.0000","4014549685402"
"FES487536","1","1267.0000","4014549685501"
"FES487537","2","485.5000","4014549685600"
"FES487554","3","110.5000","4014549776605"
"FES487555","0","152.5000","4014549776704"
"FES487568","1","1278.5000","4014549776902"
"FES487569","0","214.0000","4014549777008"
"FES487674","8","536.5000","4014549778500"
"FES487681","5","3442.0000","4014549778708"
"FES487751","4","2697.5000","4014549779606"
"FES487779","9","313.5000","4014549177105"
"FES487791","4","1013.0000","4014549780305"
"FES487792","2","723.0000","4014549780404"
"FES487794","2","400.0000","4014549780602"
"FES487795","1","533.5000","4014549780701"
"FES487798","2","725.5000","4014549781005"
"FES487800","13","872.0000","4014549781203"
"FES487808","1","482.5000","4014549781500"
"FES487822","8","1978.0000","4014549782002"
"FES487824","1","672.0000","4014549782200"
"FES487825","1","1467.5000","4014549782309"
"FES487826","6","621.0000","4014549782408"
"FES487828","2","427.0000","4014549182505"
"FES487842","1","1662.0000","4014549782903"
"FES487845","6","1069.5000","4014549783207"
"FES487847","2","1182.5000","4014549783405"
"FES487851","3","1667.5000","4014549783702"
"FES487865","2","308.0000","4014549783801"
"FES487871","6","1267.0000","4014549183106"
"FES487878","20","281.5000","4014549783900"
"FES487893","0","164.0000","4014549784204"
"FES487923","1","197.0000","4014549784501"
"FES487974","1","406.5000","4014549070956"
"FES488030","3","4504.0000","4014549187500"
"FES488036","6","344.5000","4014549061459"
"FES488059","1","34053.0000","4014549007358"
"FES488060","2","14605.0000","4014549007457"
"FES488061","5","10393.5000","4014549007556"
"FES488062","1","10243.0000","4014549007655"
"FES488064","2","4331.0000","4014549064559"
"FES488091","1","1078.0000","4014549785607"
"FES488134","1","877.5000","4014549786505"
"FES488135","-1","1418.5000","4014549786604"
"FES488136","0","1033.0000","4014549786703"
"FES488137","2","353.0000","4014549786802"
"FES488138","5","438.0000","4014549786901"
"FES488139","0","1005.0000","4014549787007"
"FES488140","3","784.5000","4014549787106"
"FES488147","2","626.5000","4014549787809"
"FES488148","1","2635.0000","4014549787908"
"FES488149","0","3008.0000","4014549788004"
"FES488150","1","545.0000","4014549788103"
"FES488151","2","1532.5000","4014549788202"
"FES488153","1","10004.0000","4014549788400"
"FES488158","1","1905.0000","4014549788905"
"FES488159","3","387.0000","4014549789001"
"FES488160","1","1873.5000","4014549789100"
"FES488226","0","1217.5000","4014549070659"
"FES488230","22","546.0000","8590163034582"
"FES488262","2","3576.0000","4014549019863"
"FES488269","0","263.8000","8590163034155"
"FES488271","0","815.5000","4014549792704"
"FES488288","0","2805.5000","4014549066157"
"FES488289","1","3929.5000","4014549066256"
"FES488291","1","3780.5000","4014549066454"
"FES488312","2","1718.5000","4014549071151"
"FES488314","2","1295.0000","4014549793305"
"FES488319","1","867.0000","4014549071359"
"FES488337","8","1015.5000","4014549071953"
"FES488339","0","821.5000","4014549072158"
"FES488341","0","815.5000","4014549072356"
"FES488342","2","1163.0000","4014549072455"
"FES488348","2","1358.0000","4014549073056"
"FES488349","4","1300.0000","4014549073155"
"FES488413","1","1541.0000","4014549794104"
"FES488433","1","951.0000","4014549794203"
"FES488460","6","1681.5000","4014549070451"
"FES488461","2","1807.5000","4014549049648"
"FES488503","8","566.5000","4014549075357"
"FES488505","13","230.5000","4014549795101"
"FES488518","5","2456.5000","4014549795507"
"FES488523","2","67.8000","4014549795705"
"FES488529","3","3343.5000","4014549795903"
"FES488530","2","480.0000","4014549796009"
"FES488531","1","765.0000","4014549796108"
"FES488543","0","454.0000","4014549076156"
"FES488579","2","226.0000","4014549655252"
"FES488598","5","1806.0000","4014549796702"
"FES488630","4","846.5000","4014549656655"
"FES488631","0","388.5000","4014549656754"
"FES488661","3","213.5000","4014549658758"
"FES488663","2","3131.5000","4014549658857"
"FES488715","4","535.0000","4014549077559"
"FES488716","5","544.0000","4014549077658"
"FES488717","4","440.0000","4014549077757"
"FES488752","5","1392.5000","4014549081952"
"FES488754","1","938.5000","4014549085158"
"FES488755","4","1736.0000","4014549083055"
"FES488756","4","1151.5000","4014549081853"
"FES488760","0","1736.0000","4014549083154"
"FES488761","9","1736.0000","4014549083253"
"FES488867","3","906.0000","4014549675052"
"FES488868","2","954.0000","4014549675151"
"FES488869","0","1069.5000","4014549675250"
"FES488870","1","691.5000","4014549675359"
"FES488876","3","18561.0000","4014549675953"
"FES488878","1","3586.5000","4014549676158"
"FES488879","2","3216.5000","4014549676257"
"FES488880","1","3216.5000","4014549676356"
"FES488899","0","616.0000","4014549078150"
"FES488915","19","409.5000","4014549677858"
"FES488916","7","569.5000","4014549677957"
"FES488920","5","409.5000","4014549678350"
"FES488930","6","708.5000","4014549679258"
"FES488931","3","708.5000","4014549679357"
"FES488953","3","2790.5000","4014549681459"
"FES488954","2","2153.0000","4014549681558"
"FES488965","7","76.6000","4014549682456"
"FES488970","6","75.4000","4014549682951"
"FES489018","10","230.5000","4014549686850"
"FES489022","1","625.0000","4014549081259"
"FES489083","3","917.5000","4014549690154"
"FES489122","1","987.5000","4014549691151"
"FES489125","14","559.0000","4014549083758"
"FES489128","8","349.5000","4014549083451"
"FES489129","1","876.5000","4014549083550"
"FES489161","7","3134.5000","4014549693353"
"FES489181","0","626.5000","4014549694756"
"FES489184","2","688.0000","4014549694954"
"FES489185","2","587.5000","4014549695050"
"FES489186","10","364.5000","4014549695159"
"FES489187","2","1473.0000","4014549695258"
"FES489190","3","601.0000","4014549695555"
"FES489211","1","1064.0000","4014549697153"
"FES489213","2","361.5000","4014549697351"
"FES489215","3","708.5000","4014549697559"
"FES489224","3","1241.5000","4014549698150"
"FES489252","-6","861.5000","4014549090251"
"FES489267","1","866.5000","4014549045732"
"FES489284","0","4676.0000","4014549095751"
"FES489286","0","949.0000","4014549095850"
"FES489342","2","1086.5000","4014549003077"
"FES489355","2","1772.0000","4014549003169"
"FES489356","1","1534.5000","4014549003176"
"FES489397","1","869.5000","4014549013243"
"FES489426","4","1573.0000","8590163037163"
"FES489570","23","1565.0000","4014549104958"
"FES489571","0","1921.5000","4014549105054"
"FES489608","9","1837.0000","4014549003978"
"FES489620","3","192.5000","4014549004210"
"FES489629","3","1070.5000","4014549021125"
"FES489630","3","899.0000","4014549021132"
"FES489631","6","949.0000","4014549107157"
"FES489632","11","230.5000","4014549004197"
"FES489641","3","1342.5000","4014549756157"
"FES489661","1","829.5000","4014549111055"
"FES489700","4","443.5000","4014549004593"
"FES489742","0","210.5000","4014549755457"
"FES489744","7","1837.0000","4014549004739"
"FES489773","4","3261.5000","4014549004890"
"FES489790","1","1865.0000","4014549113851"
"FES489830","1","1899.5000","4014549754658"
"FES489831","2","1947.0000","4014549754757"
"FES489886","9","1789.0000","4014549005774"
"FES489924","2","175.0000","4014549014844"
"FES489925","6","190.5000","4014549012581"
"FES489926","0","177.0000","4014549018262"
"FES489927","20","179.5000","4014549014691"
"FES490031","0","542.5000","4014549116753"
"FES490085","1","1783.5000","4014549113950"
"FES490092","2","1994.0000","4014549114254"
"FES490093","4","1994.0000","4014549114353"
"FES490094","1","2160.5000","4014549114452"
"FES490095","1","2331.0000","4014549114551"
"FES490111","2","5373.0000","4014549005620"
"FES490118","1","980.5000","4014549116852"
"FES490120","4","300.5000","4014549117057"
"FES490121","3","544.5000","4014549117156"
"FES490136","4","670.0000","4014549005811"
"FES490143","0","513.5000","4014549006245"
"FES490144","0","2311.0000","4014549005798"
"FES490160","5","545.5000","4014549118054"
"FES490161","4","743.5000","4014549118153"
"FES490162","1","1100.0000","4014549118252"
"FES490163","1","1100.0000","4014549118351"
"FES490164","3","1100.0000","4014549118450"
"FES490166","2","1100.0000","4014549118658"
"FES490167","1","1100.0000","4014549118757"
"FES490178","4","457.0000","4014549116258"
"FES490180","8","598.5000","4014549116456"
"FES490181","1","336.0000","4014549116555"
"FES490188","2","1498.5000","4014549006733"
"FES490200","9","344.0000","4014549006054"
"FES490205","7","493.5000","4014549006238"
"FES490207","4","1569.0000","4014549006139"
"FES490208","2","1702.0000","4014549006061"
"FES490209","5","528.0000","4014549006177"
"FES490210","8","1608.5000","4014549006160"
"FES490212","-1","547.5000","4014549006184"
"FES490213","1","965.0000","4014549006085"
"FES490214","10","841.0000","4014549006092"
"FES490215","2","409.5000","4014549006146"
"FES490217","-2","641.0000","4014549006122"
"FES490218","1","519.0000","4014549006115"
"FES490219","15","404.0000","4014549057247"
"FES490220","8","404.0000","4014549006047"
"FES490223","1","226.0000","4014549057261"
"FES490224","1","226.0000","4014549006191"
"FES490249","-1","630.5000","4014549115954"
"FES490250","4","709.0000","4014549116050"
"FES490253","10","536.5000","4014549005897"
"FES490254","0","1760.5000","4014549005910"
"FES490282","1","208.0000","4014549006399"
"FES490286","1","1433.5000","4014549006436"
"FES490297","5","1307.0000","4014549758458"
"FES490300","4","404.0000","4014549758755"
"FES490301","2","771.0000","4014549758854"
"FES490305","1","2787.5000","4014549006528"
"FES490312","6","18003.5000","4014549122754"
"FES490340","13","863.0000","4014549122358"
"FES490458","1","104.0000","4014549038277"
"FES490460","2","102.0000","4014549038376"
"FES490503","9","288.0000","4014549124550"
"FES490508","1","397.5000","4014549125052"
"FES490514","3","1278.5000","4014549131954"
"FES490537","1","2575.5000","8590163950264"
"FES490557","1","545.5000","4014549065778"
"FES490558","0","722.0000","4014549065280"
"FES490560","5","417.0000","4014549065426"
"FES490564","5","1978.0000","4014549017425"
"FES490651","7","444.5000","4014549007044"
"FES490714","15","404.0000","4014549011249"
"FES490724","3","1871.0000","4014549047811"
"FES490725","4","1921.5000","4014549017470"
"FES490743","2","2926.0000","4014549017517"
"FES490755","5","6731.5000","4014549001837"
"FES490770","1","542.5000","4014549072196"
"FES490772","1","542.5000","4014549072295"
"FES490780","6","1608.5000","4014549071946"
"FES490818","1","599.5000","4014549071298"
"FES490823","-1","606.8000","4014549071540"
"FES490824","0","376.0000","4014549071595"
"FES490825","1","599.5000","4014549071649"
"FES490828","3","6766.5000","4014549071793"
"FES490839","8","391.0000","4014549011263"
"FES490843","1","1061.0000","4014549011317"
"FES490844","4","444.5000","4014549011324"
"FES490864","2","1636.5000","4014549011928"
"FES490885","8","1027.0000","4014549007266"
"FES490900","0","1698.5000","4014549007525"
"FES490901","0","97.0000","4014549054925"
"FES490912","2","813.0000","4014549012130"
"FES490917","3","658.0000","4014549011898"
"FES490918","4","226.0000","4014549012017"
"FES490919","4","1036.0000","4014549072790"
"FES490928","0","2218.0000","4014549075142"
"FES490929","5","595.5000","4014549017081"
"FES490930","1","1416.5000","4014549017432"
"FES490931","1","1380.0000","4014549017449"
"FES490932","4","1190.5000","4014549072899"
"FES490933","2","1038.5000","4014549017494"
"FES490934","1","1788.5000","4014549017487"
"FES490935","3","2042.0000","4014549031742"
"FES490944","3","899.0000","4014549000366"
"FES490945","2","694.0000","4014549000373"
"FES490946","2","1041.5000","4014549000380"
"FES490947","2","855.5000","4014549000397"
"FES490949","0","1041.5000","4014549000427"
"FES490952","0","1119.5000","4014549000465"
"FES490953","1","1119.5000","4014549000472"
"FES490954","0","1143.5000","4014549000489"
"FES490955","0","1168.5000","4014549000496"
"FES490959","0","1061.0000","4014549000540"
"FES490962","0","1207.5000","4014549000588"
"FES490977","0","1760.0000","4014549000779"
"FES490978","1","1852.5000","4014549000786"
"FES490979","0","1959.5000","4014549000793"
"FES490980","0","2297.0000","4014549000816"
"FES490984","1","1231.5000","4014549000861"
"FES490986","0","1481.0000","4014549000885"
"FES490991","1","782.0000","4014549000939"
"FES490992","0","1363.5000","4014549000946"
"FES490996","0","1549.0000","4014549000984"
"FES490999","1","1231.5000","4014549001028"
"FES491000","2","1637.5000","4014549001035"
"FES491001","2","2155.0000","4014549001042"
"FES491003","0","1637.5000","4014549001073"
"FES491009","0","1891.0000","4014549001141"
"FES491010","1","1921.0000","4014549001165"
"FES491012","1","1959.5000","4014549001189"
"FES491015","2","2165.5000","4014549001226"
"FES491017","1","2521.5000","4014549001240"
"FES491018","1","1691.5000","4014549001264"
"FES491022","1","1909.0000","4014549001318"
"FES491025","1","1828.0000","4014549001349"
"FES491027","1","1828.0000","4014549001370"
"FES491031","2","2520.0000","4014549001424"
"FES491032","1","1915.5000","4014549001431"
"FES491033","0","2898.0000","4014549001448"
"FES491035","0","1231.5000","4014549001479"
"FES491036","4","686.0000","4014549001486"
"FES491050","5","2928.5000","4014549008058"
"FES491051","2","4388.0000","4014549008041"
"FES491053","0","1173.5000","4014549007693"
"FES491054","0","819.0000","4014549007686"
"FES491066","0","1049.5000","4014549001684"
"FES491067","1","1079.0000","4014549001691"
"FES491069","1","1249.5000","4014549001721"
"FES491077","2","2448.5000","4014549001820"
"FES491082","0","3777.5000","4014549075593"
"FES491085","1","3854.5000","4014549075692"
"FES491089","0","3220.0000","4014549075890"
"FES491092","1","2785.5000","4014549076040"
"FES491101","1","2839.5000","4014549076491"
"FES491120","1","3826.0000","4014549077399"
"FES491135","1","2898.0000","4014549077498"
"FES491136","2","2960.5000","4014549077542"
"FES491137","1","2707.5000","4014549077597"
"FES491139","2","2751.0000","4014549077696"
"FES491140","0","2727.5000","4014549077740"
"FES491152","1","6172.0000","4014549075296"
"FES491153","1","6172.0000","4014549075340"
"FES491155","2","379.5000","4014549018866"
"FES491164","1","1427.0000","4014549000014"
"FES491165","0","1647.0000","4014549000021"
"FES491176","2","2547.0000","4014549008683"
"FES491177","0","1760.0000","4014549008690"
"FES491195","2","629.5000","4014549011461"
"FES491198","6","1100.0000","4014549000137"
"FES491199","2","758.5000","4014549000243"
"FES491207","0","1159.5000","4014549012499"
"FES491213","6","1131.5000","4014549017876"
"FES491251","3","1766.5000","4014549015216"
"FES491278","0","409.5000","4014549019092"
"FES491312","3","446.0000","4014549012710"
"FES491341","3","1270.0000","4014549050712"
"FES491353","1","192.5000","4014549038444"
"FES491366","4","642.5000","4014549007822"
"FES491385","0","709.0000","4014549010716"
"FES491391","1","1305.5000","4014549010563"
"FES491393","1","2257.5000","4014549010822"
"FES491396","2","757.5000","4014549010693"
"FES491406","0","1999.0000","4014549010815"
"FES491416","3","208.0000","4014549015582"
"FES491427","4","4498.5000","4014549014042"
"FES491441","4","1033.0000","4014549009970"
"FES491443","0","2620.0000","4014549008447"
"FES491444","0","2297.0000","4014549008430"
"FES491470","2","12241.0000","4014549011430"
"FES491471","0","13834.5000","4014549011423"
"FES491473","12","594.5000","4014549013571"
"FES491498","16","3726.0000","4014549015834"
"FES491499","2","2741.5000","4014549015810"
"FES491500","1","18638.5000","4014549015889"
"FES491501","3","11767.0000","4014549015872"
"FES491502","0","8784.5000","4014549015865"
"FES491503","-1","5811.0000","4014549015841"
"FES491504","2","3456.5000","4014549015827"
"FES491512","1","1738.5000","4014549011195"
"FES491513","2","376.0000","4014549011393"
"FES491519","3","2311.0000","4014549038864"
"FES491520","4","670.0000","4014549038871"
"FES491522","19","5397.0000","4014549012741"
"FES491528","0","172.5000","4014549046579"
"FES491533","1","1783.5000","4014549010419"
"FES491538","3","1371.0000","4014549012994"
"FES491539","0","1371.0000","4014549013014"
"FES491540","1","1371.0000","4014549013021"
"FES491542","0","1371.0000","4014549012949"
"FES491543","0","1371.0000","4014549012963"
"FES491544","0","1371.0000","4014549012970"
"FES491545","0","1371.0000","4014549012987"
"FES491559","2","869.5000","4014549011683"
"FES491566","10","1233.5000","4014549015629"
"FES491582","2","579.0000","4014549013557"
"FES491588","0","3149.0000","4014549013564"
"FES491590","2","192.5000","4014549038628"
"FES491592","2","7431.5000","4014549015698"
"FES491593","15","1109.5000","4014549015674"
"FES491594","8","2145.5000","4014549012543"
"FES491605","1","1921.5000","4014549013380"
"FES491606","8","889.5000","4014549015285"
"FES491607","5","94.0000","4014549012635"
"FES491615","5","562.0000","4014549015681"
"FES491622","0","10724.5000","4014549015797"
"FES491649","1","1431.5000","4014549012680"
"FES491666","5","1393.0000","4014549013113"
"FES491703","7","444.5000","4014549019542"
"FES491704","41","404.0000","4014549019528"
"FES491713","4","1495.5000","4014549019580"
"FES491715","4","1851.0000","4014549019474"
"FES491716","-1","426.5000","4014549019535"
"FES491718","2","502.5000","4014549019481"
"FES491719","17","606.5000","4014549019429"
"FES491720","2","485.5000","4014549019436"
"FES491722","5","457.5000","4014549019566"
"FES491723","2","652.0000","4014549019573"
"FES491729","6","2962.5000","4014549019634"
"FES491730","0","1557.5000","4014549019467"
"FES491741","0","1443.0000","4014549014776"
"FES491743","10","2962.5000","4014549019597"
"FES491744","13","1495.5000","4014549019627"
"FES491750","1","1677.0000","4014549013892"
"FES491751","2","208.0000","4014549038833"
"FES491760","3","776.5000","4014549036785"
"FES491766","0","3169.0000","4014549014714"
"FES491767","1","674.5000","4014549014721"
"FES491794","0","1196.5000","4014549018071"
"FES491801","5","3261.5000","4014549038932"
"FES491806","1","1682.0000","4014549038895"
"FES491828","5","1343.5000","4014549038963"
"FES491829","4","2539.5000","4014549038970"
"FES491830","2","1129.0000","4014549038987"
"FES491832","4","838.5000","4014549039038"
"FES491833","3","821.0000","4014549039045"
"FES491834","4","1389.5000","4014549038994"
"FES491835","8","1389.5000","4014549039014"
"FES491837","2","406.0000","4014549014868"
"FES491844","0","1272.5000","4014549017227"
"FES491847","1","615.5000","4014549016718"
"FES491851","18","1247.0000","4014549018767"
"FES491861","1","635.5000","4014549017197"
"FES491884","4","3377.5000","4014549017074"
"FES491885","3","1289.5000","4014549054369"
"FES491886","1","1741.5000","4014549015414"
"FES491922","0","31263.0000","4014549017012"
"FES491927","1","536.5000","4014549021682"
"FES491936","0","674.5000","4014549018613"
"FES491937","0","10543.0000","4014549017395"
"FES491938","1","1702.0000","4014549018231"
"FES491940","4","593.0000","4014549036778"
"FES491952","9","2556.5000","4014549017593"
"FES491983","3","485.5000","4014549056295"
"FES491984","17","6001.0000","4014549017678"
"FES491985","24","6001.0000","4014549017692"
"FES491986","13","6001.0000","4014549017685"
"FES492000","1","343.0000","4014549037331"
"FES492001","4","990.5000","4014549037294"
"FES492002","10","404.0000","4014549037232"
"FES492003","1","2390.0000","4014549037287"
"FES492004","9","559.0000","4014549037348"
"FES492006","2","2341.0000","4014549037317"
"FES492007","1","1013.0000","4014549037324"
"FES492040","3","3169.0000","4014549053270"
"FES492048","0","2221.0000","4014549033616"
"FES492049","2","2521.5000","4014549033623"
"FES492086","3","632.0000","4014549037270"
"FES492090","0","10905.0000","4014549031582"
"FES492092","0","8480.5000","4014549031575"
"FES492100","0","13823.6000","4014549031599"
"FES492117","5","141.5000","4014549037423"
"FES492125","5","1369.0000","4014549040324"
"FES492126","0","1278.5000","4014549040331"
"FES492127","2","1342.0000","4014549040317"
"FES492128","10","789.0000","4014549040348"
"FES492135","4","917.5000","4014549034323"
"FES492148","6","93.8000","4014549037485"
"FES492179","0","715.0000","4014549032992"
"FES492180","3","715.0000","4014549033012"
"FES492181","0","715.0000","4014549033029"
"FES492182","1","715.0000","4014549033036"
"FES492184","3","715.0000","4014549032961"
"FES492185","3","715.0000","4014549032978"
"FES492186","0","715.0000","4014549032985"
"FES492187","0","881.0000","4014549021316"
"FES492190","2","2084.0000","4014549021729"
"FES492197","6","2196.0000","4014549021347"
"FES492208","2","1808.5000","4014549047774"
"FES492216","7","900.5000","4014549056318"
"FES492217","2","854.0000","4014549056325"
"FES492228","0","1260.5000","4014549033982"
"FES492241","3","719.5000","4014549032466"
"FES492242","1","3492.5000","4014549022870"
"FES492243","0","1887.0000","4014549034026"
"FES492255","2","406.5000","4014549036518"
"FES492271","5","423.0000","4014549044285"
"FES492274","5","1324.5000","4014549037737"
"FES492280","-2","1523.0000","4014549040393"
"FES492284","6","1710.0000","4014549040362"
"FES492286","-1","1710.0000","4014549040379"
"FES492288","2","1710.0000","4014549040386"
"FES492300","5","3493.0000","4014549031537"
"FES492310","1","816.0000","4014549022979"
"FES492322","2","2407.0000","4014549036624"
"FES492348","1","1623.0000","4014549022214"
"FES492363","3","1405.5000","4014549022412"
"FES492364","0","1405.5000","4014549022429"
"FES492365","1","1677.5000","4014549022436"
"FES492368","2","1355.5000","4014549022467"
"FES492370","2","1355.5000","4014549022481"
"FES492371","1","1360.5000","4014549022498"
"FES492372","1","1360.5000","4014549022511"
"FES492390","0","3651.0000","4014549032213"
"FES492391","1","264.0000","4014549032220"
"FES492392","0","527.0000","4014549032237"
"FES492398","1","2661.0000","4014549045961"
"FES492418","1","134.0000","4014549069189"
"FES492431","0","2799.5000","4014549049389"
"FES492443","2","1792.5000","4014549032381"
"FES492456","11","1921.5000","4014549037898"
"FES492492","1","652.0000","4014549036648"
"FES492493","2","293.5000","4014549037928"
"FES492495","2","533.5000","4014549037942"
"FES492496","0","533.5000","4014549037966"
"FES492509","4","550.5000","4014549054352"
"FES492512","3","405.5000","4014549033845"
"FES492513","1","405.5000","4014549034125"
"FES492514","1","416.5000","4014549034132"
"FES492515","2","440.0000","4014549034149"
"FES492516","2","452.0000","4014549034163"
"FES492517","1","540.5000","4014549034170"
"FES492518","1","633.5000","4014549034187"
"FES492520","0","1036.5000","4014549034385"
"FES492521","3","1280.5000","4014549034392"
"FES492523","2","2329.0000","4014549034347"
"FES492525","0","2329.0000","4014549034118"
"FES492526","2","411.0000","4014549034378"
"FES492530","3","510.5000","4014549034231"
"FES492540","0","830.5000","4014549034668"
"FES492585","0","1491.0000","4014549033111"
"FES492587","0","776.5000","4014549032725"
"FES492601","6","2351.0000","4014549033128"
"FES492602","3","171.5000","4014549032732"
"FES492606","3","731.0000","4014549032763"
"FES492610","1","11055.5000","4014549033999"
"FES492611","3","17284.0000","4014549034019"
"FES492617","0","2815.0000","4014549049723"
"FES492621","1","796.0000","4014549045893"
"FES492629","10","226.0000","4014549045947"
"FES492630","11","498.5000","4014549045978"
"FES492631","11","1969.5000","4014549046012"
"FES492632","6","1064.0000","4014549046029"
"FES492636","0","1778.0000","4014549038048"
"FES492638","4","581.0000","4014549050088"
"FES492643","6","185.0000","4014549069219"
"FES492709","1","3626.5000","4014549036365"
"FES492722","1","4112.5000","4014549034873"
"FES492723","2","4806.0000","4014549034880"
"FES492724","4","8480.5000","4014549034897"
"FES492725","7","10086.0000","4014549034910"
"FES492726","1","12515.5000","4014549034927"
"FES492732","7","735.5000","4014549038147"
"FES492776","1","1921.5000","4014549043967"
"FES492779","4","394.5000","4014549069226"
"FES492780","40","200.0000","4014549036761"
"FES492794","8","644.0000","4014549041017"
"FES492795","2","598.5000","4014549041024"
"FES492798","1","1097.0000","4014549041062"
"FES492801","3","1124.5000","4014549041093"
"FES492805","3","200.5000","4014549041147"
"FES492822","1","1071.0000","4014549041369"
"FES492823","1","977.0000","4014549041376"
"FES492828","1","1619.0000","4014549041437"
"FES492829","0","1619.0000","4014549041444"
"FES492832","2","1619.0000","4014549041482"
"FES492853","2","856.0000","4014549041741"
"FES492854","1","856.0000","4014549041765"
"FES492859","2","180.0000","4014549041826"
"FES492861","1","150.5000","4014549041840"
"FES492879","2","155.0000","4014549042076"
"FES492887","3","721.5000","4014549042175"
"FES492916","1","1217.0000","4014549042533"
"FES492947","1","1015.5000","4014549042922"
"FES492949","1","698.5000","4014549042946"
"FES493044","5","4471.5000","4014549045992"
"FES493047","0","762.0000","4014549043912"
"FES493048","0","67.2000","4014549062647"
"FES493069","1","188.5000","4014549039663"
"FES493078","0","1002.5000","4014549045015"
"FES493094","0","782.0000","4014549044070"
"FES493095","7","315.0000","4014549044087"
"FES493131","2","1131.5000","4014549040263"
"FES493133","16","2028.5000","4014549040287"
"FES493134","7","1461.5000","4014549040294"
"FES493135","9","2999.5000","4014549040430"
"FES493140","3","2253.0000","4014549044995"
"FES493153","0","157.0000","4014549069233"
"FES493154","6","250.5000","4014549069264"
"FES493157","8","2028.5000","4014549045220"
"FES493160","6","2909.0000","4014549045244"
"FES493161","0","953.0000","4014549045268"
"FES493162","2","1670.5000","4014549045275"
"FES493165","7","1871.0000","4014549044131"
"FES493168","3","3169.0000","4014549045329"
"FES493177","1","1068.5000","4014549044827"
"FES493178","1","956.5000","4014549044834"
"FES493179","1","956.5000","4014549044841"
"FES493180","8","745.5000","4014549045077"
"FES493196","-1","2741.5000","4014549044988"
"FES493197","0","1459.5000","4014549044971"
"FES493198","2","2647.5000","4014549044964"
"FES493199","0","3841.0000","4014549044957"
"FES493200","0","3372.5000","4014549044940"
"FES493201","-2","5648.0000","4014549044933"
"FES493218","12","3008.0000","4014549045398"
"FES493219","1","3665.0000","4014549045411"
"FES493221","3","1746.5000","4014549045435"
"FES493229","2","1662.0000","4014549057315"
"FES493233","1","4175.5000","4014549045183"
"FES493243","8","2962.5000","4014549056394"
"FES493245","8","3197.0000","4014549056424"
"FES493251","0","1524.0000","4014549056462"
"FES493255","7","1972.5000","4014549056486"
"FES493261","1","589.5000","4014549045695"
"FES493282","4","649.0000","4014549047781"
"FES493296","0","2502.0000","4014549058923"
"FES493297","1","2529.5000","4014549058930"
"FES493298","29","2584.0000","4014549058947"
"FES493299","13","2457.0000","4014549058961"
"FES493300","20","2502.0000","4014549058978"
"FES493313","2","3673.5000","4014549054970"
"FES493314","0","813.0000","8590163914877"
"FES493336","3","7431.5000","4014549057421"
"FES493337","4","1622.5000","4014549057438"
"FES493351","0","3952.5000","4014549049693"
"FES493405","8","1261.5000","4014549075128"
"FES493406","4","908.5000","4014549054994"
"FES493407","3","5019.0000","4014549055014"
"FES493414","1","319.5000","4014549062654"
"FES493415","1","1713.0000","4014549053638"
"FES493421","1","463.0000","4014549050132"
"FES493424","1","551.5000","4014549050170"
"FES493427","0","586.5000","4014549050217"
"FES493428","1","616.5000","4014549050224"
"FES493462","3","279.5000","4014549055021"
"FES493471","11","404.0000","4014549053249"
"FES493487","4","1762.5000","4014549063323"
"FES493490","74","1114.5000","4014549058985"
"FES493491","5","1134.0000","4014549058992"
"FES493492","75","1187.5000","4014549059012"
"FES493493","21","1233.0000","4014549059029"
"FES493503","0","2085.0000","4014549072776"
"FES493504","1","4785.0000","4014549059173"
"FES493540","3","89.0000","4014549120262"
"FES493558","3","2262.5000","4014549059425"
"FES493566","5","528.0000","4014549059548"
"FES493569","5","3665.0000","4014549056042"
"FES493570","1","457.0000","4014549058848"
"FES493572","1","880.0000","4014549063354"
"FES493710","9","4785.0000","4014549058596"
"FES493720","-1","570.0000","4014549083185"
"FES493779","2","245.0000","4014549069363"
"FES493783","2","937.0000","846799000900"
"FES493785","6","4159.0000","4014549072882"
"FES493787","1","3442.0000","4014549072912"
"FES493791","2","4914.5000","4014549061145"
"FES493815","-2","166.5000","4014549069417"
"FES493826","1","1912.0000","4014549062630"
"FES493828","0","5264.5000","4014549069783"
"FES493835","2","1987.0000","4014549065822"
"FES493842","1","1169.5000","4014549066331"
"FES493849","2","858.0000","4014549066478"
"FES493853","3","2687.5000","4014549066539"
"FES493854","1","721.0000","4014549066546"
"FES493868","2","751.5000","4014549066126"
"FES493870","1","820.0000","4014549066140"
"FES493884","4","782.5000","4014549066836"
"FES493886","2","1546.5000","4014549066867"
"FES493893","7","1546.5000","4014549069424"
"FES493895","2","1808.5000","4014549069431"
"FES493896","2","1481.5000","4014549069462"
"FES493897","1","779.0000","4014549069479"
"FES493898","3","1786.5000","4014549069486"
"FES493900","1","3524.0000","4014549069561"
"FES493904","1","2167.0000","4014549069622"
"FES493906","-1","1631.0000","4014549069585"
"FES493912","1","412.0000","4014549061848"
"FES493913","6","511.0000","4014549067369"
"FES493920","4","1752.0000","4014549069523"
"FES493921","4","1811.5000","4014549069530"
"FES493923","3","1885.0000","4014549083246"
"FES493928","0","1394.0000","4014549069578"
"FES493959","11","3151.5000","4014549400944"
"FES494004","3","128.5000","4014549120323"
"FES494014","4","677.5000","4014549069677"
"FES494062","17","404.0000","4014549075418"
"FES494063","5","776.5000","4014549075388"
"FES494064","7","349.5000","4014549075364"
"FES494066","2","485.5000","4014549075326"
"FES494067","6","313.5000","4014549075333"
"FES494074","5","1131.5000","4014549075265"
"FES494076","2","1131.5000","4014549075272"
"FES494078","4","1261.5000","4014549075289"
"FES494089","2","607.0000","4014549075425"
"FES494096","2","1036.0000","4014549091432"
"FES494103","9","652.5000","4014549091326"
"FES494145","4","425.5000","4014549079720"
"FES494166","1","708.5000","4014549070536"
"FES494170","1","517.0000","4014549091975"
"FES494172","0","339.0000","4014549091913"
"FES494267","1","3278.5000","4014549090961"
"FES494307","3","203.5000","4014549092323"
"FES494340","0","5702.0000","4014549076972"
"FES494348","12","2277.0000","4014549105788"
"FES494369","2","2679.5000","4014549075883"
"FES494383","0","559.5000","4014549117125"
"FES494387","5","581.0000","4014549079133"
"FES494388","0","1720.5000","4014549076132"
"FES494391","0","1965.5000","4014549079096"
"FES494445","0","627.5000","4014549077078"
"FES494446","0","627.5000","4014549077085"
"FES494459","0","2048.5000","4014549080160"
"FES494460","1","2048.5000","4014549080184"
"FES494461","2","2048.5000","4014549080214"
"FES494462","10","2048.5000","4014549080221"
"FES494463","12","2048.5000","4014549080177"
"FES494465","4","2048.5000","4014549080238"
"FES494499","3","1704.0000","4014549098936"
"FES494501","1","1483.0000","4014549098943"
"FES494511","4","79.4000","4014549120316"
"FES494588","3","519.0000","4014549091043"
"FES494589","3","1896.0000","4014549090862"
"FES494602","3","518.0000","4014549120347"
"FES494604","7","3925.5000","4014549085479"
"FES494605","1","4487.5000","4014549085462"
"FES494607","2","6282.5000","4014549085486"
"FES494624","0","672.5000","4014549080283"
"FES494625","3","672.5000","4014549080290"
"FES494627","3","464.5000","4014549080245"
"FES494631","2","5409.5000","4014549081228"
"FES494632","3","5174.0000","4014549081235"
"FES494643","7","2241.5000","4014549084557"
"FES494670","9","1532.5000","4014549082263"
"FES494680","0","3878.5000","4014549087282"
"FES494681","4","4597.0000","4014549083031"
"FES494693","2","563.5000","4014549082744"
"FES494780","3","864.0000","4014549090992"
"FES494785","9","587.5000","4014549090947"
"FES494788","4","319.5000","4014549088746"
"FES494792","1","486.0000","4014549117736"
"FES494859","2","3785.5000","4014549085080"
"FES494861","0","2312.0000","4014549085110"
"FES494862","1","3601.5000","4014549085127"
"FES494869","0","716.5000","4014549085028"
"FES494870","0","925.0000","4014549085035"
"FES494871","3","716.5000","4014549085042"
"FES494872","0","952.0000","4014549085066"
"FES494873","0","834.0000","4014549085073"
"FES494884","0","302.5000","4014549118214"
"FES494886","2","166.0000","4014549118092"
"FES494902","4","2687.0000","4026657104928"
"FES494933","0","2521.0000","4014549098875"
"FES494938","8","471.5000","4014549086483"
"FES494939","0","471.5000","4014549086490"
"FES494940","-5","471.5000","4014549086513"
"FES494941","-1","471.5000","4014549086520"
"FES494942","15","471.5000","4014549086537"
"FES494967","1","4898.5000","4014549091012"
"FES494968","1","5955.0000","4014549090985"
"FES494970","1","2085.0000","4014549090831"
"FES494977","0","9073.0000","4014549086667"
"FES495008","3","51.2000","4014549111666"
"FES495013","1","807.5000","4014549088326"
"FES495014","6","1471.0000","4014549088333"
"FES495019","0","1444.5000","4014549186572"
"FES495035","1","708.5000","4014549090848"
"FES495043","0","909.0000","4014549105894"
"FES495066","3","781.0000","4014549089262"
"FES495067","9","781.0000","4014549089279"
"FES495090","0","2799.5000","4014549098844"
"FES495091","2","1107.5000","4014549098868"
"FES495094","3","1859.5000","4014549097045"
"FES495128","3","4099.0000","4014549090312"
"FES495130","2","1499.0000","4014549106990"
"FES495131","1","825.5000","4014549090268"
"FES495133","0","1158.0000","4014549090282"
"FES495142","4","1921.5000","4014549129821"
"FES495144","5","230.5000","4014549129944"
"FES495165","4","6292.0000","4014549090428"
"FES495166","1","990.5000","4014549090435"
"FES495167","4","1643.0000","4014549090442"
"FES495168","3","2511.5000","4014549090466"
"FES495169","1","7308.5000","4014549090473"
"FES495174","0","1568.5000","4014549097144"
"FES495175","1","1568.5000","4014549097168"
"FES495182","4","2507.5000","4014549090640"
"FES495188","1","798.0000","4014549090718"
"FES495195","2","4096.5000","4014549111598"
"FES495196","1","4096.5000","4014549111611"
"FES495197","4","838.5000","4014549110522"
"FES495201","2","1171.5000","4014549110874"
"FES495202","2","773.0000","4014549110881"
"FES495207","21","391.0000","4014549093047"
"FES495209","10","948.5000","4014549093061"
"FES495215","0","954.0000","4014549105870"
"FES495220","10","4153.0000","4014549105764"
"FES495246","4","9801.5000","4014549096345"
"FES495247","4","777.0000","4014549095478"
"FES495284","4","590.0000","4014549099315"
"FES495315","6","29634.5000","4014549096420"
"FES495348","6","4982.5000","4014549108222"
"FES495368","1","1473.0000","4014549099322"
"FES495409","2","4091.0000","4026657104737"
"FES495411","3","4153.0000","4026657105062"
"FES495426","2","1994.5000","4014549118962"
"FES495465","1","17722.5000","4014549098066"
"FES495502","3","4398.0000","4014549099025"
"FES495541","2","1366.0000","4014549099421"
"FES495542","-2","988.5000","4014549099438"
"FES495543","0","4052.5000","4014549099445"
"FES495544","1","2945.5000","4014549099476"
"FES495601","3","160.0000","4014549108468"
"FES495623","-1","1114.5000","4014549130223"
"FES495625","4","1114.5000","4014549131794"
"FES495627","2","2305.5000","4014549102497"
"FES495647","1","2305.5000","4014549101490"
"FES495648","3","6203.5000","4014549099889"
"FES495653","1","5685.0000","4014549102473"
"FES495661","-14","490.0000","4014549101230"
"FES495663","8","1305.5000","4014549101247"
"FES495665","0","5391.5000","4014549141878"
"FES495666","6","881.0000","4014549101261"
"FES495672","0","2576.5000","4014549104064"
"FES495716","2","705.5000","4014549139233"
"FES495717","0","7282.0000","4014549105276"
"FES495718","1","4337.0000","4014549105283"
"FES495747","1","7256.0000","4014549105030"
"FES495758","0","1241.5000","4014549112267"
"FES495778","2","4523.0000","4014549112243"
"FES495798","2","1098.0000","4014549106143"
"FES495802","0","2752.0000","4014549121627"
"FES495925","1","1287.5000","4014549107577"
"FES495926","11","1124.5000","4014549107584"
"FES495927","3","907.0000","4014549107591"
"FES495928","1","780.0000","4014549107614"
"FES495932","5","781.0000","4014549107669"
"FES495939","4","806.5000","4014549107720"
"FES495964","10","3131.5000","4014549121771"
"FES495965","0","897.0000","4014549108390"
"FES495966","0","950.0000","4014549108413"
"FES495967","1","950.0000","4014549108420"
"FES495968","3","10041.5000","4014549109977"
"FES495969","3","10041.5000","4014549109984"
"FES496010","2","228.0000","4014549108963"
"FES496011","3","155.0000","4014549108994"
"FES496042","3","1456.0000","4014549110478"
"FES496044","0","902.0000","4014549122297"
"FES496076","4","5371.5000","4014549162040"
"FES496081","12","3326.5000","4014549162057"
"FES496106","17","2756.0000","4014549113349"
"FES496114","1","872.0000","4014549111673"
"FES496120","5","5661.0000","4014549113325"
"FES496121","2","5957.5000","4014549113332"
"FES496122","0","1824.5000","4014549114674"
"FES496134","4","4311.0000","4014549112687"
"FES496140","7","1231.5000","4014549113363"
"FES496141","2","8253.5000","4014549114032"
"FES496142","3","1916.0000","4014549114049"
"FES496143","2","2446.5000","4014549114063"
"FES496151","2","1104.5000","4014549120699"
"FES496152","2","821.5000","4014549120644"
"FES496169","4","636.5000","4014549121689"
"FES496170","13","1231.0000","4014549121696"
"FES496186","7","1652.0000","4014549121733"
"FES496187","33","1520.0000","4014549121740"
"FES496210","3","1861.5000","4014549130193"
"FES496215","9","1663.0000","4014549121320"
"FES496216","12","1523.0000","4014549121337"
"FES496230","1","921.0000","4014549134245"
"FES496234","8","477.0000","4014549134276"
"FES496236","2","596.5000","4014549134290"
"FES496243","7","1182.5000","4014549134344"
"FES496244","3","482.5000","4014549134351"
"FES496246","10","480.0000","4014549134368"
"FES496247","2","426.5000","4014549134375"
"FES496249","10","457.5000","4014549134382"
"FES496250","2","1162.0000","4014549134399"
"FES496251","6","796.5000","4014549134412"
"FES496252","2","587.5000","4014549134429"
"FES496255","20","722.0000","4014549134214"
"FES496256","12","587.5000","4014549134443"
"FES496258","12","1019.5000","4014549134450"
"FES496262","5","545.5000","4014549134474"
"FES496267","0","454.5000","4014549134528"
"FES496268","7","877.5000","4014549133569"
"FES496297","1","618.0000","4014549134627"
"FES496301","1","1414.5000","4014549120491"
"FES496302","2","2139.5000","4014549120514"
"FES496303","1","1242.0000","4014549120521"
"FES496306","1","3046.0000","4014549120569"
"FES496308","13","4139.5000","4014549120583"
"FES496322","2","2009.0000","4014549139745"
"FES496372","0","15443.0000","4014549121887"
"FES496379","2","1245.0000","4014549121214"
"FES496380","4","1202.5000","4014549121191"
"FES496405","23","1916.0000","4014549121641"
"FES496406","8","2070.0000","4014549121665"
"FES496450","1","674.5000","4014549122570"
"FES496451","0","2574.5000","4014549122563"
"FES496476","3","1557.0000","4014549122495"
"FES496482","0","1278.5000","4014549129968"
"FES496508","4","1097.0000","4014549122792"
"FES496509","3","1254.0000","4014549122815"
"FES496510","2","789.0000","4014549122822"
"FES496511","2","1162.5000","4014549122839"
"FES496621","2","305.5000","4014549124345"
"FES496625","3","1124.5000","4014549124390"
"FES496633","2","1251.0000","4014549125120"
"FES496636","2","1396.5000","4014549125168"
"FES496637","1","1396.5000","4014549125175"
"FES496707","4","99.6000","4014549153314"
"FES496713","1","3235.0000","4014549130322"
"FES496784","2","3199.5000","4014549130339"
"FES496802","0","907.0000","4014549131770"
"FES496803","0","1115.5000","4014549131787"
"FES496804","2","1114.5000","4014549130216"
"FES496820","0","366.0000","4014549132470"
"FES496821","3","515.0000","4014549132487"
"FES496874","7","1354.5000","4014549139554"
"FES496911","3","7805.5000","4014549136843"
"FES496916","5","1820.0000","4014549136850"
"FES496938","0","1762.5000","4014549135273"
"FES496939","0","6255.0000","4014549135297"
"FES496962","0","2546.0000","4014549135716"
"FES496964","2","5324.5000","4014549135730"
"FES496972","1","4986.5000","4014549135839"
"FES496975","0","798.0000","4014549135938"
"FES496981","1","1915.5000","4014549135990"
"FES496984","4","1915.5000","4014549136034"
"FES496987","5","1915.5000","4014549136065"
"FES496988","6","1915.5000","4014549136072"
"FES496990","1","1033.5000","4014549136096"
"FES496991","1","1835.0000","4014549136119"
"FES496992","2","1835.0000","4014549136126"
"FES497023","1","1828.5000","4014549138656"
"FES497088","1","1186.5000","4014549137192"
"FES497091","1","2775.0000","4014549137239"
"FES497093","1","2775.0000","4014549137253"
"FES497094","1","2775.0000","4014549137260"
"FES497095","0","2775.0000","4014549137277"
"FES497096","0","2775.0000","4014549137284"
"FES497098","0","2775.0000","4014549137314"
"FES497104","7","4096.5000","4014549152249"
"FES497117","5","1169.5000","4014549138342"
"FES497118","2","943.0000","4014549138359"
"FES497119","1","1023.5000","4014549138366"
"FES497120","0","1715.5000","4014549138373"
"FES497121","1","1715.5000","4014549138380"
"FES497122","5","1715.5000","4014549138397"
"FES497123","4","1847.5000","4014549138410"
"FES497124","4","1715.5000","4014549138427"
"FES497125","2","1715.5000","4014549138434"
"FES497126","2","1715.5000","4014549138441"
"FES497127","5","378.5000","4014549138458"
"FES497128","4","330.5000","4014549138465"
"FES497129","1","289.0000","4014549138472"
"FES497130","0","289.0000","4014549138489"
"FES497131","6","272.0000","4014549138496"
"FES497132","0","317.5000","4014549138519"
"FES497133","1","281.5000","4014549138526"
"FES497134","11","292.0000","4014549138533"
"FES497135","8","907.0000","4014549138540"
"FES497136","1","852.5000","4014549138557"
"FES497139","0","1342.0000","4014549138588"
"FES497140","6","1541.5000","4014549138595"
"FES497142","1","1423.5000","4014549138618"
"FES497144","0","1314.5000","4014549138632"
"FES497145","6","363.0000","4014549138663"
"FES497146","4","344.5000","4014549138670"
"FES497147","10","390.0000","4014549138687"
"FES497148","7","363.0000","4014549138694"
"FES497149","5","272.0000","4014549138717"
"FES497150","11","317.5000","4014549138724"
"FES497152","1","379.5000","4014549138748"
"FES497159","0","1487.0000","4014549137932"
"FES497160","0","1260.5000","4014549137949"
"FES497162","0","1260.5000","4014549137963"
"FES497163","0","1450.5000","4014549137970"
"FES497164","14","1109.5000","4014549137987"
"FES497165","0","1106.0000","4014549138045"
"FES497166","1","1505.0000","4014549138038"
"FES497167","8","1287.5000","4014549138021"
"FES497168","0","1876.5000","4014549138069"
"FES497169","1","2257.5000","4014549138076"
"FES497170","0","2275.5000","4014549138083"
"FES497171","5","2257.5000","4014549138052"
"FES497172","4","2257.5000","4014549138090"
"FES497173","4","2203.0000","4014549138113"
"FES497174","2","1659.0000","4014549138120"
"FES497175","13","2257.5000","4014549138137"
"FES497176","19","1632.0000","4014549138144"
"FES497177","16","2275.5000","4014549138151"
"FES497178","14","2112.5000","4014549138168"
"FES497179","24","2303.0000","4014549138175"
"FES497180","4","1904.0000","4014549138182"
"FES497181","3","2158.0000","4014549138199"
"FES497182","20","2158.0000","4014549138212"
"FES497183","4","879.5000","4014549137796"
"FES497195","3","1724.0000","4014549138984"
"FES497204","7","911.0000","4014549139448"
"FES497208","1","10796.0000","4014549140154"
"FES497209","3","12767.0000","4014549140147"
"FES497210","2","16472.0000","4014549140161"
"FES497214","2","2679.5000","4014549140215"
"FES497215","2","2319.0000","4014549140222"
"FES497295","2","4884.5000","4014549150481"
"FES497297","3","381.0000","4014549141441"
"FES497298","4","381.0000","4014549141458"
"FES497299","1","574.0000","4014549141465"
"FES497300","2","574.0000","4014549141472"
"FES497301","7","574.0000","4014549141489"
"FES497303","1","548.0000","4014549141519"
"FES497304","1","1798.0000","4014549141526"
"FES497305","2","297.0000","4014549172964"
"FES497306","5","564.5000","4014549173091"
"FES497335","0","1568.0000","4014549156339"
"FES497341","0","1183.5000","4014549154731"
"FES497344","3","160.0000","4014549173121"
"FES497347","5","154.5000","4014549173213"
"FES497351","10","14584.5000","4014549141830"
"FES497352","3","8913.5000","4014549141847"
"FES497353","2","8913.5000","4014549141854"
"FES497354","0","32379.5000","4014549141861"
"FES497363","3","861.5000","4014549142189"
"FES497364","1","916.0000","4014549142196"
"FES497365","4","807.0000","4014549142219"
"FES497366","4","1432.5000","4014549142226"
"FES497367","1","1469.0000","4014549142233"
"FES497368","2","1414.5000","4014549142240"
"FES497369","2","1405.5000","4014549142349"
"FES497370","0","1469.0000","4014549142356"
"FES497371","0","1450.5000","4014549142363"
"FES497372","8","1033.5000","4014549142370"
"FES497373","0","1496.0000","4014549142387"
"FES497381","2","381.0000","4014549142479"
"FES497390","2","789.0000","4014549142578"
"FES497391","10","743.5000","4014549142585"
"FES497392","3","653.0000","4014549142592"
"FES497393","1","1006.5000","4014549142608"
"FES497394","6","870.5000","4014549142615"
"FES497395","3","1169.5000","4014549142646"
"FES497396","0","789.0000","4014549142639"
"FES497397","6","834.0000","4014549142653"
"FES497398","3","789.0000","4014549142660"
"FES497399","11","834.0000","4014549142622"
"FES497400","10","807.0000","4014549142677"
"FES497405","8","453.5000","4014549142691"
"FES497407","3","499.0000","4014549142721"
"FES497409","1","671.0000","4014549142745"
"FES497412","1","671.0000","4014549142776"
"FES497436","6","4096.5000","4014549160244"
"FES497444","8","407.0000","4014549147351"
"FES497461","4","945.5000","4014549156377"
"FES497467","3","1134.5000","4014549173558"
"FES497469","1","1261.5000","4014549154250"
"FES497474","1","2659.5000","4014549152034"
"FES497478","0","9447.0000","4014549152072"
"FES497480","0","20962.5000","4014549152096"
"FES497481","14","352.0000","4014549146460"
"FES497483","0","852.5000","4014549147092"
"FES497495","1","2373.0000","4014549145135"
"FES497504","11","517.0000","4014549151747"
"FES497514","5","10631.5000","4014549147115"
"FES497525","3","2961.0000","4014549147788"
"FES497539","1","1793.5000","4014549150818"
"FES497542","3","2424.5000","4014549150832"
"FES497571","3","987.5000","4014549154755"
"FES497573","1","1049.5000","4014549154779"
"FES497574","6","1143.0000","4014549154786"
"FES497575","0","640.4000","4014549154793"
"FES497577","3","2015.0000","4014549154823"
"FES497578","0","424.0000","4014549154830"
"FES497579","2","4096.5000","4014549154847"
"FES497587","2","4096.5000","4014549154861"
"FES497607","1","714.5000","4014549154885"
"FES497612","8","959.5000","4014549160374"
"FES497615","4","1078.0000","4014549160398"
"FES497634","6","1135.0000","4014549162798"
"FES497698","0","4402.5000","4014549149775"
"FES497699","1","6585.0000","4014549149782"
"FES497765","4","646.5000","4014549188262"
"FES497770","10","3180.0000","4014549152430"
"FES497771","2","3642.5000","4014549152447"
"FES497772","4","996.5000","4014549154373"
"FES497773","0","4939.0000","4014549154380"
"FES497780","1","1131.5000","4014549154441"
"FES497784","3","1871.0000","4014549154489"
"FES497799","2","3197.0000","4014549156742"
"FES497819","0","383.5000","4014549157121"
"FES497840","1","291.5000","4014549173633"
"FES497850","7","1006.5000","4014549155028"
"FES497851","2","2739.0000","4014549154991"
"FES497855","0","201.5000","4014549154984"
"FES497859","1","3961.0000","4026657126517"
"FES497868","7","1608.5000","4014549155042"
"FES497869","-2","1720.5000","4014549155059"
"FES497870","7","1793.5000","4014549155066"
"FES497871","10","1916.0000","4014549155073"
"FES497880","3","320.5000","4014549155462"
"FES497881","3","5119.0000","4014549155479"
"FES497892","16","213.0000","4014549155486"
"FES497898","0","1181.0000","4014549155554"
"FES497899","52","214.0000",""
"FES497925","0","4127.0000","4014549155776"
"FES497926","2","1782.5000","4014549155783"
"FES497936","1","1116.5000","4014549156773"
"FES497951","1","2840.5000","4014549157022"
"FES497961","1","1093.5000","4014549157244"
"FES497963","2","1022.5000","4014549157268"
"FES498038","8","340.0000","4014549159934"
"FES498040","0","226.0000","4014549159958"
"FES498060","2","1273.0000","4014549160619"
"FES498064","3","965.0000","4014549160657"
"FES498065","3","965.0000","4014549160664"
"FES498066","1","992.5000","4014549160671"
"FES498068","1","5346.0000","4014549160695"
"FES498079","1","494.5000","4014549161104"
"FES498081","2","502.0000","4014549161128"
"FES498082","4","480.0000","4014549161135"
"FES498183","0","417.5000","4014549162163"
"FES498192","2","3428.0000","4014549179420"
"FES498200","2","2996.0000","4014549177983"
"FES498212","1","1586.5000","4014549162231"
"FES498213","3","943.0000","4014549162248"
"FES498214","0","1342.0000","4014549162255"
"FES498215","4","1342.0000","4014549162262"
"FES498216","10","1342.0000","4014549162279"
"FES498217","4","1342.0000","4014549162286"
"FES498218","5","1342.0000","4014549162224"
"FES498219","5","1342.0000","4014549162293"
"FES498297","2","299.5000","4014549163481"
"FES498316","-1","375.6000","4014549172681"
"FES498322","2","1206.0000","4014549163580"
"FES498323","3","1206.0000","4014549163597"
"FES498324","7","1301.0000","4014549163610"
"FES498325","2","644.0000","4014549163627"
"FES498326","3","1532.5000","4014549163535"
"FES498327","4","1351.0000","4014549163542"
"FES498328","6","1224.0000","4014549163559"
"FES498329","6","1378.0000","4014549163566"
"FES498330","6","934.0000","4014549163573"
"FES498410","0","684.5000","4014549164259"
"FES498411","8","992.0000","4014549164266"
"FES498412","10","2996.0000","4014549166758"
"FES498413","1","2996.0000","4014549166765"
"FES498414","2","2613.0000","4014549166772"
"FES498451","6","607.0000",""
"FES498506","3","6260.5000","4014549166413"
"FES498509","4","1694.5000","4014549166994"
"FES498510","12","2071.0000","4014549167014"
"FES498514","1","489.5000","4026657129730"
"FES498527","0","579.0000","4014549166840"
"FES498590","0","1882.0000","4014549169070"
"FES498618","4","3146.0000","4014549171462"
"FES498619","9","3146.0000","4014549171479"
"FES498641","4","827.5000","4014549177877"
"FES498642","3","736.0000","4014549177860"
"FES498660","1","6922.0000","4014549170458"
"FES498664","1","765.0000","4014549173671"
"FES498686","0","1369.0000","4014549171035"
"FES498687","4","1641.0000","4014549171042"
"FES498688","14","1650.0000","4014549171059"
"FES498689","0","1650.0000","4014549171066"
"FES498691","2","2230.5000","4014549170991"
"FES498694","74","1031.5000","4014549174746"
"FES498697","8","404.0000","4014549173534"
"FES498698","1","1285.5000","4014549173312"
"FES498769","2","3490.0000","4014549172575"
"FES498780","8","7714.5000","4014549174210"
"FES498818","41","739.0000","4014549172285"
"FES498820","1","2973.0000","4014549174920"
"FES498827","5","625.5000","4026657132693"
"FES498832","3","1617.0000","4014549188460"
"FES498840","12","2991.0000","4014549188576"
"FES498842","1","1129.5000","4014549188583"
"FES498848","1","630.0000","4014549178577"
"FES498863","15","1063.5000","4014549172421"
"FES498866","6","714.0000","4014549172445"
"FES498886","1","3299.0000","4014549174647"
"FES498891","0","3075.0000","4014549233467"
"FES498932","1","879.5000","4014549175866"
"FES498933","3","1526.5000","4014549176412"
"FES498934","3","1421.5000","4014549176429"
"FES498935","2","1337.5000","4014549176436"
"FES498936","1","2255.5000","4014549176443"
"FES498937","1","2255.5000","4014549176450"
"FES498938","1","2255.5000","4014549176467"
"FES498940","1","2255.5000","4014549176481"
"FES498942","1","1765.5000","4014549176511"
"FES498943","1","1765.5000","4014549176528"
"FES498945","1","1978.0000","4014549176542"
"FES498946","1","1852.0000","4014549176559"
"FES498947","2","3131.5000","4014549176566"
"FES498948","2","2856.0000","4014549176573"
"FES498949","2","3131.5000","4014549176580"
"FES498950","3","3131.5000","4014549176597"
"FES498951","2","3131.5000","4014549176610"
"FES498953","2","2682.5000","4014549176634"
"FES498954","2","3131.5000","4014549176641"
"FES498961","1","184.0000","4014549177075"
"FES498962","2","1986.0000","4014549188798"
"FES498963","5","1995.0000","4014549188804"
"FES498964","4","1374.5000","4014549188811"
"FES498966","2","24424.5000","4014549178027"
"FES498967","0","13956.0000","4014549177310"
"FES498971","3","1266.0000","4014549177129"
"FES498974","21","425.5000","4014549177198"
"FES498979","0","8444.0000","4014549177891"
"FES498994","2","2717.0000","4014549178430"
"FES499011","13","594.5000","4014549181829"
"FES499012","4","141.0000","4014549181836"
"FES499023","3","762.0000","4014549181294"
"FES499031","2","1802.5000","4014549179529"
"FES499034","4","1605.0000","4014549179550"
"FES499037","1","1475.5000","4014549179581"
"FES499042","1","356.5000","4014549179598"
"FES499043","1","356.5000","4014549179611"
"FES499044","2","356.5000","4014549179628"
"FES499047","10","1086.0000","4014549179680"
"FES499048","10","1023.5000","4014549179710"
"FES499049","7","865.5000","4014549179727"
"FES499050","8","865.5000","4014549179734"
"FES499052","0","589.5000","4014549179758"
"FES499053","8","865.5000","4014549179765"
"FES499073","1","248.5000","4014549180082"
"FES499077","1","1015.5000","4014549180136"
"FES499078","1","671.0000","4014549181638"
"FES499079","0","807.0000","4014549180327"
"FES499083","3","689.0000","4014549180365"
"FES499093","2","1432.5000","4014549180471"
"FES499097","0","1033.5000","4014549180525"
"FES499098","0","1033.5000","4014549180532"
"FES499099","1","1033.5000","4014549180549"
"FES499101","1","335.5000","4014549180563"
"FES499103","3","444.5000","4014549180587"
"FES499107","1","299.5000","4014549180631"
"FES499112","1","305.0000","4014549180686"
"FES499115","2","312.0000","4014549180723"
"FES499123","3","743.5000","4014549180815"
"FES499125","1","1750.0000","4014549180846"
"FES499129","1","1070.0000","4014549180877"
"FES499133","2","734.5000","4014549180143"
"FES499135","1","625.5000","4014549180167"
"FES499137","0","580.5000","4014549180181"
"FES499138","1","480.5000","4014549180198"
"FES499141","2","208.5000","4014549180235"
"FES499145","8","261.0000","4014549180273"
"FES499146","0","339.0000","4014549180280"
"FES499147","0","199.5000","4014549180297"
"FES499148","10","326.5000","4014549180310"
"FES499150","3","1254.0000","4014549180938"
"FES499151","0","1169.5000","4014549180945"
"FES499152","0","997.0000","4014549180952"
"FES499153","0","997.0000","4014549180969"
"FES499155","1","1033.5000","4014549180983"
"FES499156","3","955.0000","4014549180990"
"FES499157","0","902.5000","4014549181010"
"FES499158","1","771.5000","4014549181027"
"FES499161","0","644.0000","4014549181058"
"FES499164","0","426.5000","4014549181089"
"FES499165","2","517.0000","4014549181096"
"FES499167","2","462.5000","4014549181126"
"FES499168","1","435.5000","4014549181133"
"FES499169","1","197.5000","4014549181140"
"FES499170","1","185.0000","4014549181157"
"FES499172","1","130.0000","4014549181171"
"FES499173","1","140.0000","4014549181188"
"FES499174","0","140.0000","4014549181195"
"FES499175","1","140.0000","4014549181218"
"FES499186","0","1019.0000","4014549181348"
"FES499214","1","1053.0000","4014549181720"
"FES499233","2","1687.5000","4014549181898"
"FES499323","3","1084.5000","4014549185834"
"FES499332","0","1461.5000","4014549192962"
"FES499379","5","2316.5000","4014549189238"
"FES499402","0","2985.0000","4014549196441"
"FES499477","18","546.0000","4014549189351"
"FES499478","1","774.5000","4014549189368"
"FES499479","0","2004.0000","4014549193457"
"FES499480","0","2184.0000","4014549193440"
"FES499559","-2","810.0000","4014549206386"
"FES499587","2","812.5000","4014549195659"
"FES499628","2","1715.5000","4014549196991"
"FES499630","3","1405.5000","4014549197028"
"FES499631","0","1260.5000","4014549197035"
"FES499633","5","2255.5000","4014549197059"
"FES499639","2","1097.5000","4014549197127"
"FES499640","9","1097.5000","4014549197134"
"FES499642","4","1097.5000","4014549197158"
"FES499644","5","852.5000","4014549197172"
"FES499651","2","951.0000","4014549197387"
"FES499654","1","1538.0000","4014549197417"
"FES499657","0","1025.0000","4014549197448"
"FES499658","1","426.5000","4014549197455"
"FES499659","0","2265.5000","4014549197462"
"FES499676","10","2102.5000","4014549202753"
"FES499679","1","226.0000","4014549202791"
"FES499685","2","285.5000","4014549202821"
"FES499704","3","4092.5000","4014549197677"
"FES499707","2","831.0000","4014549238769"
"FES499720","7","2943.0000","4014549200391"
"FES499734","5","548.5000","4014549201992"
"FES499739","1","802.0000","4014549213315"
"FES499748","4","1910.5000","4014549228777"
"FES499749","0","2188.0000","4014549202029"
"FES499756","3","492.5000","4014549206720"
"FES499761","5","2238.0000","4014549228296"
"FES499765","13","4812.5000","4014549228340"
"FES499767","11","5907.5000","4014549228364"
"FES499772","5","7286.5000","4014549228487"
"FES499773","21","12168.0000","4014549228494"
"FES499776","12","1073.5000","4014549228425"
"FES499777","7","2650.5000","4014549228432"
"FES499782","0","2647.0000","4014549228555"
"FES499785","1","2280.5000","4014549228548"
"FES499797","0","2130.5000","4014549202166"
"FES499798","1","2101.5000","4014549202180"
"FES499799","2","1964.5000","4014549202197"
"FES499800","0","1858.0000","4014549202210"
"FES499801","4","1828.0000","4014549202227"
"FES499806","3","4081.0000","4014549202272"
"FES499807","3","4081.0000","4014549202289"
"FES499808","1","4544.5000","4014549202296"
"FES499809","8","4544.5000","4014549202319"
"FES499810","0","4544.5000","4014549202326"
"FES499811","1","4544.5000","4014549202333"
"FES499812","14","3768.0000","4014549202654"
"FES499813","6","3768.0000","4014549202661"
"FES499814","3","1918.0000","4014549202692"
"FES499815","0","7394.5000","4014549202678"
"FES499889","1","1899.5000","4014549243435"
"FES499892","0","1264.0000","4014549206690"
"FES499894","0","575.0000","4014549206614"
"FES499896","0","5505.0000","4014549206584"
"FES499901","0","3928.5000","4014549207628"
"FES499949","4","2152.5000","4014549213384"
"FES499968","3","1871.0000","4014549238493"
"FES499969","7","1261.5000","4014549238516"
"FES499972","2","3484.5000","4014549208823"
"FES499973","1","3484.5000","4014549208830"
"FES500044","4","1261.5000","4014549238523"
"FES500045","4","1871.0000","4014549238530"
"FES500064","1","1758.5000","4014549210222"
"FES500065","3","1570.0000","4014549210239"
"FES500067","6","483.0000","4014549210475"
"FES500077","1","1236.5000","4014549210499"
"FES500080","2","1402.0000","853650800990"
"FES500118","1","1174.0000","4014549218419"
"FES500119","0","771.5000","4014549212165"
"FES500120","0","1952.5000","4014549212189"
"FES500121","2","1451.5000","4014549212196"
"FES500122","0","5883.5000","4014549212219"
"FES500123","4","3617.5000","4014549212226"
"FES500124","1","2729.0000","4014549212233"
"FES500125","3","4882.0000","4014549212240"
"FES500130","1","507.5000","4014549212288"
"FES500132","0","606.5000","4014549212332"
"FES500133","1","486.5000","4014549212349"
"FES500134","1","627.0000","4014549212356"
"FES500135","1","531.5000","4014549212363"
"FES500136","1","1342.0000","4014549212370"
"FES500137","1","1761.0000","4014549212387"
"FES500139","2","1577.5000","4014549212417"
"FES500143","0","1459.5000","4014549212455"
"FES500146","2","1913.0000","4014549212486"
"FES500160","4","1827.5000","4014549212653"
"FES500161","5","4035.0000","4014549212660"
"FES500175","0","11759.0000","4014549213773"
"FES500181","1","2963.0000","4014549233191"
"FES500183","6","4153.0000","4014549233160"
"FES500184","2","2654.5000","4014549213360"
"FES500226","2","426.0000","4014549233221"
"FES500245","1","1303.5000","4014549215838"
"FES500246","4","1792.0000","4014549215845"
"FES500256","3","2973.5000","4014549234129"
"FES500296","5","2231.0000","4014549220337"
"FES500312","0","1366.0000","4014549216477"
"FES500315","3","3529.5000","4014549220443"
"FES500316","3","1002.5000","4014549220436"
"FES500317","2","536.5000","4014549220429"
"FES500319","4","773.0000","4014549220382"
"FES500329","0","1252.5000","4014549234044"
"FES500330","3","2705.5000","4014549234051"
"FES500331","2","2226.0000","4014549234068"
"FES500333","2","3123.5000","4014549234075"
"FES500334","1","1219.0000","4014549234082"
"FES500367","7","1101.0000","4014549217634"
"FES500370","0","2629.5000","4014549217672"
"FES500372","3","2629.5000","4014549217696"
"FES500393","4","1188.5000","4014549220658"
"FES500396","6","3123.5000","4014549234181"
"FES500397","13","1760.5000","4014549234198"
"FES500402","0","344.5000","4014549229736"
"FES500404","0","222.5000","4014549229729"
"FES500409","0","1333.5000","4014549231043"
"FES500430","2","928.5000","4014549227886"
"FES500431","3","570.0000","4014549227879"
"FES500438","2","596.5000","4014549222461"
"FES500446","1","4645.5000","4014549223246"
"FES500458","2","934.0000","4014549223598"
"FES500483","5","756.0000","4014549223987"
"FES500493","2","1839.5000","4014549233627"
"FES500533","2","1365.5000","4014549233757"
"FES500535","13","1030.5000","4014549228715"
"FES500537","3","1558.5000","4014549228739"
"FES500538","1","2437.5000","4014549228746"
"FES500543","1","2103.0000","4014549232279"
"FES500558","6","652.0000","4014549227923"
"FES500563","1","793.0000","4014549228784"
"FES500569","1","1481.5000","4014549238837"
"FES500590","4","3738.5000","4014549230411"
"FES500592","1","318.0000","4014549229668"
"FES500608","0","26806.0000","4014549229927"
"FES500618","2","1961.5000","4014549253274"
"FES500626","1","804.0000","4014549253366"
"FES500629","0","1271.0000","4014549253410"
"FES500634","-1","1668.5000","4014549253441"
"FES500636","2","918.0000","4014549230428"
"FES500642","3","2220.5000","4014549232033"
"FES500645","1","1672.0000","4014549232057"
"FES500646","0","1595.5000","4014549232071"
"FES500647","1","1532.5000","4014549232088"
"FES500649","1","3680.5000","4014549232118"
"FES500668","5","689.0000","4014549232651"
"FES500670","2","881.5000","4014549232682"
"FES500671","2","816.5000","4014549232699"
"FES500680","2","4312.0000","4014549232798"
"FES500692","2","1679.5000","4014549232972"
"FES500721","30","6268.0000","4014549233658"
"FES500767","0","8398.5000","4014549233870"
"FES500795","1","1312.5000","4014549242933"
"FES500836","0","1858.6000","4014549238134"
"FES500842","0","571.5000","4014549238325"
"FES500844","3","571.5000","4014549238349"
"FES500845","0","571.5000","4014549238356"
"FES500869","3","37231.0000","4014549238684"
"FES500889","2","3216.5000","4014549243473"
"FES501549","5","39.0000","4014549092729"
"FES514527","2","30.2000","4039793033458"
"FES523001","0","884.0000","4014549189733"
"FES523005","0","1730.0000","4014549189818"
"FES523008","0","337.5000","4014549189917"
"FES523014","0","829.0000","4014549189788"
"FES523056","0","1498.5000","4014549234624"
"FES534358","13","337.5000","4039793036244"
"FES534471","3","37.4000","4039793036367"
"FES561683","0","24554.5000","4014549198759"
"FES561728","1","25337.5000","4014549243060"
"FES570281","1","9533.0000","4014549174715"
"FES570753","2","47.2000","4039793039269"
"FES570761","2","93.2000","4039793039276"
"FES574670","1","3029.0000","4014549254370"
"FES574747","1","8784.5000","4014549260289"
"FES574765","0","46962.5000","4014549265857"
"FES574789","0","54708.0000","4014549276259"
"FES574796","1","8788.0000","4014549270288"
"FES574797","0","5911.5000","4014549270295"
"FES574851","0","14761.5000","4014549315873"
"FES574947","2","17722.5000","4014549283035"
"FES574978","0","31605.0000","4014549283332"
"FES575023","0","13360.0000","4014549285817"
"FES575032","0","17795.5000","4014549285916"
"FES575043","5","17795.5000","4014549286036"
"FES575066","0","19345.5000","4014549286371"
"FES575077","6","20557.0000","4014549286210"
"FES575081","1","21403.0000","4014549286517"
"FES575147","1","1296.5000","4014549297629"
"FES575148","2","1369.0000","4014549297636"
"FES575154","7","553.0000","4014549297247"
"FES575155","0","390.0000","4014549297254"
"FES575156","13","462.5000","4014549297261"
"FES575157","10","390.0000","4014549297278"
"FES575158","16","372.0000","4014549297285"
"FES575159","24","390.0000","4014549297292"
"FES575160","29","1187.5000","4014549297315"
"FES575161","13","1605.0000","4014549297322"
"FES575162","4","1450.5000","4014549297339"
"FES575163","3","2366.5000","4014549297346"
"FES575164","0","2710.5000","4014549297353"
"FES575165","23","2729.0000","4014549297360"
"FES575166","5","2638.0000","4014549297377"
"FES575167","13","2466.0000","4014549297384"
"FES575168","11","2747.0000","4014549297391"
"FES575170","86","2493.0000","4014549297421"
"FES575172","6","2638.0000","4014549297445"
"FES575173","12","2747.0000","4014549297452"
"FES575174","0","2638.0000","4014549297469"
"FES575175","2","2393.5000","4014549297476"
"FES575176","5","2493.0000","4014549297483"
"FES575177","6","2529.5000","4014549297490"
"FES575178","9","535.0000","4014549297032"
"FES575179","4","462.5000","4014549297049"
"FES575180","12","435.5000","4014549297056"
"FES575181","3","308.5000","4014549297063"
"FES575182","8","344.5000","4014549297070"
"FES575183","27","308.5000","4014549297087"
"FES575184","1","399.0000","4014549297094"
"FES575185","3","399.0000","4014549297117"
"FES575186","8","1233.0000","4014549297124"
"FES575187","0","1722.5000","4014549297131"
"FES575188","-1","1450.5000","4014549297148"
"FES575189","6","1269.5000","4014549297155"
"FES575190","1","1242.0000","4014549297162"
"FES575191","3","852.5000","4014549297179"
"FES575192","0","897.5000","4014549297186"
"FES575193","10","1242.0000","4014549297193"
"FES575194","3","1387.0000","4014549296981"
"FES575275","0","76911.5000","4014549298220"
"FES575279","4","11170.0000","4014549298251"
"FES575286","0","83388.0000","4014549298411"
"FES575302","4","47619.0000","4014549299210"
"FES575313","1","67018.0000","4014549299333"
"FES575409","3","2043.5000","4014549309063"
"FES575410","0","2788.5000","4014549309070"
"FES575411","0","2788.5000","4014549309087"
"FES575412","0","3534.0000","4014549309094"
"FES575414","-1","814.0000","4014549306994"
"FES575416","9","689.0000","4014549307021"
"FES575443","0","12958.5000","4014549307885"
"FES575447","0","41628.5000","4014549308097"
"FES575604","5","8934.5000","4014549319925"
"FES575667","1","1487.0000","4014549331941"
"FES575781","1","64441.0000","4014549342824"
"FES575806","0","9127.0000","4014549343388"
"FES575807","1","9127.0000","4014549343395"
"FES575813","2","12735.0000","4014549343470"
"FES575818","3","17584.0000","4014549343531"
"FES575825","3","10086.0000","4014549343340"
"FES575826","2","9961.5000","4014549343586"
"FES575827","1","11775.0000","4014549343593"
"FES575828","2","87924.0000","4014549362648"
"FES575840","4","14188.5000","4014549362716"
"FES575851","0","2941.5000","4014549349533"
"FES575974","0","1840.5000","4014549351390"
"FES575975","5","3798.5000","4014549362723"
"FES575976","10","4805.0000","4014549351413"
"FES575977","3","4043.5000","4014549351420"
"FES575978","0","5717.5000","4014549351437"
"FES575989","0","40529.5000","4014549353578"
"FES576017","1","19345.5000","4014549356739"
"FES576029","2","18414.5000","4014549356883"
"FES576041","0","10837.5000","4014549357033"
"FES576047","1","10837.5000","4014549357118"
"FES576057","0","11892.5000","4014549357231"
"FES576069","0","11892.5000","4014549357385"
"FES576110","0","23832.5000","4014549357897"
"FES576115","-1","26661.0000","4014549359129"
"FES576163","0","13867.5000","4014549358238"
"FES576207","0","20850.0000","4014549358597"
"FES576215","0","29634.5000","4014549358696"
"FES576220","0","46610.5000","4014549359662"
"FES576227","2","13555.0000","4014549358818"
"FES576241","5","13823.5000","4014549358962"
"FES576247","4","10424.0000","4014549353738"
"FES576253","1","20074.5000","4014549353813"
"FES576259","0","17124.5000","4014549353899"
"FES576296","0","20754.0000","4014549354315"
"FES576320","4","16381.0000","4014549354445"
"FES576329","3","16381.0000","4014549354568"
"FES576341","1","17722.5000","4014549354711"
"FES576347","4","10326.0000","4014549354780"
"FES576370","0","10325.5000","4014549355398"
"FES576393","0","24639.5000","4014549355633"
"FES576396","0","30658.0000","4014549356418"
"FES576402","0","19245.0000","4014549356470"
"FES576406","-2","14032.0000","4014549355688"
"FES576420","0","29045.0000","4014549356562"
"FES576426","2","40915.0000","4014549355909"
"FES576434","0","7844.0000","4014549359976"
"FES576435","3","13258.0000","4014549359983"
"FES576446","1","13454.0000","4014549360125"
"FES576448","2","7844.0000","4014549360149"
"FES576481","6","10065.0000","4014549360712"
"FES576482","1","14777.5000","4014549360729"
"FES576492","1","19973.5000",""
"FES576521","7","11168.5000","4014549361566"
"FES576530","0","11168.5000","4014549361641"
"FES576552","5","11054.0000","4014549361887"
"FES576563","0","37031.5000","4014549361962"
"FES576571","0","14547.5000","4014549362037"
"FES576591","3","8722.0000","4014549361177"
"FES576592","0","14357.5000","4014549361184"
"FES576678","0","12655.5000","4014549371978"
"FES576703","0","13552.5000","4014549373392"
"FES576712","5","16381.0000","4014549373514"
"FES576721","6","17381.0000","4014549373620"
"FES576730","0","24576.0000","4014549373736"
"FES576743","0","13600.5000","4014549376737"
"FES576759","0","1732.0000","4014549377574"
"FES576781","13","2444.0000","4014549379516"
"FES576784","13","2418.0000","4014549379547"
"FES576785","46","2859.0000","4014549379561"
"FES576789","0","8652.5000","4014549381168"
"FES576791","1","6672.0000","4014549381182"
"FES576792","0","6828.5000","4014549381199"
"FES576794","10","6917.0000","4014549381229"
"FES576795","-1","7443.0000","4014549381236"
"FES576797","-1","15645.0000","4014549381267"
"FES576803","0","22950.5000","4014549381380"
"FES576804","1","16800.5000","4014549381397"
"FES576820","3","40224.0000","4014549381694"
"FES576829","3","15051.5000","4014549381809"
"FES576832","-1","17622.5000","4014549381830"
"FES576834","2","14553.5000","4014549381861"
"FES576835","0","3186.0000","4014549381878"
"FES576864","1","7689.5000","4014549383445"
"FES576865","6","10461.5000","4014549383469"
"FES576873","4","7689.5000","4014549383568"
"FES576874","8","10461.5000","4014549383575"
"FES576883","0","9122.0000","4014549383223"
"FES576884","1","13242.0000","4014549383230"
"FES576895","-1","9122.0000","4014549383360"
"FES576896","8","13242.0000","4014549383377"
"FES576936","14","10253.0000","4014549388891"
"FES576947","1","10978.0000","4014549389072"
"FES576953","17","4494.0000","4014549389379"
"FES576955","0","4034.5000","4014549389393"
"FES576978","7","1437.0000","4014549389713"
"FES576983","0","1038.5000","4014549389775"
"FES576984","26","433.0000","4014549389782"
"FES577001","-1","11843.5000","4014549391037"
"FES577010","56","16381.0000","4014549394588"
"FES577010B","0","16381.0000",""
"FES577017","3","4736.5000","4014549391181"
"FES577039","12","1538.5000","4014549391723"
"FES577040","3","4993.5000","4014549391730"
"FES577041","4","3304.0000","4014549391747"
"FES577042","20","821.5000","4014549391761"
"FES577043","12","4768.5000","4014549391778"
"FES577044","4","7152.5000","4014549391785"
"FES577059","1","33123.5000","4014549399903"
"FES577066","7","17124.5000",""
"FES577072","5","2611.5000","4014549394687"
"FES577082","3","1760.0000","4014549399187"
"FES577131","8","9958.0000","4014549395226"
"FES577132","12","1602.0000","4014549395240"
"FES577154","0","4895.2000","4014549399613"
"FES577155","44","1889.5000","4014549399637"
"FES577157","6","7172.5000","4014549399699"
"FES577158","3","6048.5000","4014549401248"
"FES577159","0","7385.0000","4014549401262"
"FES577160","1","4784.5000","4014549401279"
"FES577161","0","6899.5000","4014549401286"
"FES577162","40","546.5000","4014549401309"
"FES577168","0","20019.5000","4014549399743"
"FES577220","7","2040.5000","4014549401583"
"FES577221","0","256.0000","4014549401569"
"FES577244","5","24362.5000","4014549402313"
"FES577252","10","799.0000","4014549402337"
"FES577253","4","18248.5000","4014549402368"
"FES577257","7","2788.5000","4014549402405"
"FES577261","0","786.0000","4014549402443"
"FES577280","0","3706.5000","4014549404669"
"FES577294","0","3709.0000","4014549404942"
"FES577300","6","1277.5000","4014549405048"
"FES577301","0","1277.5000","4014549405062"
"FES577302","2","1277.5000","4014549405079"
"FES577303","1","1277.5000","4014549405086"
"FES577316","0","1130.4000","4014549405192"
"FES577323","8","6327.0000","4014549405611"
"FES577333","2","9431.0000","4014549405703"
"FES577335","4","9431.0000","4014549405727"
"FES577342","0","52878.0000","4014549405895"
"FES577368","0","1320.0000","4014549406168"
"FES577395","7","2416.5000","4014549408773"
"FES577396","1","2416.5000","4014549408766"
"FES577397","0","2264.0000","4014549408780"
"FES577398","5","2996.5000","4014549408797"
"FES577399","1","1476.5000","4014549408810"
"FES577400","1","2737.0000","4014549408742"
"FES577401","4","860.5000","4014549408827"
"FES577402","13","2885.0000","4014549408834"
"FES577410","0","10832.5000","4014549409343"
"FES577415","0","11817.5000","4014549409411"
"FES577417","1","16381.0000","4014549409435"
"FES577467","8","2132.0000","4014549410813"
"FES577468","5","2132.0000","4014549410820"
"FES577471","2","2132.0000","4014549410844"
"FES577474","16","613.0000","4014549410882"
"FES577486","6","860.5000","4014549412749"
"FES577487","4","717.5000","4014549412763"
"FES577488","10","1004.0000","4014549412770"
"FES577489","4","688.5000","4014549412787"
"FES577490","7","947.0000","4014549412794"
"FES577492","6","717.5000","4014549412824"
"FES577494","9","860.5000","4014549412848"
"FES577495","8","1004.0000","4014549412862"
"FES577496","4","717.5000","4014549412879"
"FES577501","1","6412.5000","4014549413098"
"FES577507","0","10325.5000","4014549413272"
"FES577518","1","11892.0000","4014549413425"
"FES577524","0","1353.0000","4014549413494"
"FES577530","0","979.5000","4014549413661"
"FES577544","7","1215.0000","4014549413838"
"FES577546","1","2058.0000","4014549413869"
"FES577550","0","2221.0000","4014549413913"
"FES577551","1","2221.0000","4014549413920"
"FES577600","1","11002.0000","4014549414637"
"FES577658","13","2729.0000","4014549415429"
"FES577678","0","24679.5000","4014549415443"
"FES577681","3","16524.0000","4014549415511"
"FES577704","28","3149.0000",""
"FES577713","0","14577.2000","4014549418420"
"FES577723","2","13648.5000","4014549418543"
"FES577726","0","22601.5000","4014549418581"
"FES577733","0","12452.0000","4014549418673"
"FES577743","-2","33913.0000","4014549418819"
"FES577769","0","4131.5000","4014549419878"
"FES577770","0","4131.5000","4014549419885"
"FES577775","5","29806.5000","4014549420164"
"FES577807","3","2000.0000","4014549424834"
"FES577808","0","549.5000","4014549425671"
"FES577816","0","4113.0000","4014549424773"
"FES577826","20","2606.5000","4014549428740"
"FES577827","6","2606.5000","4014549428733"
"FES577828","6","2606.5000","4014549428726"
"FES577829","9","2606.5000","4014549428719"
"FES577836","0","79567.0000","4014549428818"
"FES577840","0","88456.5000","4014549428870"
"FES577898","0","19807.5000","4014549431221"
"FES577908","1","27105.0000","4014549431344"
"FES577918","2","28153.0000","4014549431474"
"FES577927","2","36487.5000","4014549431580"
"FES577970","2","5752.0000","4014549433294"
"FES577971","3","7578.0000","4014549435540"
"FES577989","0","2039.5000","4014549436691"
"FES577999","0","933.5000","4014549436714"
"FES578005","54","14876.5000","4014549436820"
"FES578011","1","16674.0000","4014549445297"
"FES578013","1","16611.5000",""
"FES578031","2","82060.0000","4014549437872"
"FES578054","0","1710.0000","4014549437827"
"FES578055","36","2054.0000","4014549437773"
"FES578059","0","20582.5000","4014549437599"
"FES578061","2","15958.0000","4014549437629"
"FES578092","6","403.0000","4014549438244"
"FES578093","0","500.0000","4014549438268"
"FES578094","6","1093.0000","4014549438275"
"FES578105","0","696.0000","4014549438381"
"FES578110","1","5794.0000","4014549438589"
"FES578111","0","4756.0000","4014549438565"
"FES578113","21","2710.5000","4014549438534"
"FES578116","33","3371.5000","4014549438619"
"FES578120","13","35440.0000","4014549441435"
"FES578128","-1","2912.0000","4014549439418"
"FES578132","0","6780.5000","4014549439661"
"FES578133","5","20600.0000","40145494396798"
"FES578142","0","16524.0000",""
"FES578148","0","1059.5000","4014549439845"
"FES578149","0","1187.0000","4014549439869"
"FES578160","0","1017.5000","4014549440094"
"FES578161","0","2340.0000","4014549440117"
"FES578246","39","4347.0000","4014549447390"
"FES578247","0","2576.0000","4014549442166"
"FES578302","1","14529.5000","4014549445976"
"FES578309","0","15601.5000","4014549445112"
"FES578348","12","1309.0000","4014549445587"
"FES578349","9","1309.0000","4014549445594"
"FES578350","12","1309.0000","4014549445617"
"FES578351","12","1309.0000","4014549445624"
"FES578352","11","1309.0000","4014549445631"
"FES578353","12","1309.0000","4014549445648"
"FES578354","12","1309.0000","4014549445662"
"FES578355","12","1309.0000","4014549445679"
"FES578356","12","1309.0000","4014549445686"
"FES578358","12","1435.0000","4014549445730"
"FES578359","11","1435.0000","4014549445747"
"FES578360","10","1435.0000","4014549445761"
"FES578361","12","1435.0000","4014549445778"
"FES578362","12","1435.0000","4014549445785"
"FES578363","12","1435.0000","4014549445792"
"FES578364","12","1435.0000","4014549445815"
"FES578365","11","1435.0000","4014549445822"
"FES578366","11","1435.0000","4014549445839"
"FES578367","0","12648.0000","4014549445846"
"FES578375","0","14203.5000","4014549445945"
"FES578376","0","1857.0000","4014549451175"
"FES578377","0","1857.0000","4014549451182"
"FES578378","0","1857.0000","4014549451199"
"FES578384","0","1125.0000","4014549446171"
"FES578385","0","1125.0000","4014549446188"
"FES578437","0","3635.5000","4014549447239"
"FES578462","0","27860.0000","4014549447970"
"FES578490","0","2523.5000","4014549448441"
"FES578517","0","9220.0000","4014549451212"
"FES578519","38","5885.0000","4014549451489"
"FES578529","2","2054.0000","4014549451618"
"FES578532","0","509.0000","4014549451649"
"FES578533","-2","1833.0000","4014549452493"
"FES578541","-1","32529.4000","4014549452691"
"FES578547","1","5617.0000","4014549453032"
"FES578562","0","6354.0000","4014549453049"
"FES578564","0","8064.5000","4014549453063"
"FES578565","0","5617.0000","4014549453070"
"FES578566","0","5645.5000","4014549453087"
"FES578567","0","6368.5000","4014549453094"
"FES578568","2","8081.0000","4014549453117"
"FES578569","0","10389.5000","4014549453124"
"FES578591","0","2013.5000","4014549453414"
"FES578593","10","1249.0000","4014549453469"
"FES578594","5","880.5000","4014549453476"
"FES578623","4","1779.0000","4014549455999"
"FES578624","0","2690.5000","4014549457047"
"FES578626","0","2444.5000","4014549457061"
"FES578627","0","2221.5000","4014549457078"
"FES578628","0","1719.5000","4014549457085"
"FES578629","0","2026.0000","4014549457092"
"FES578650","21","691.5000","4014549457696"
"FES578651","20","684.5000","4014549457719"
"FES578652","19","582.0000","4014549457726"
"FES578653","19","582.0000","4014549457733"
"FES578654","20","582.0000","4014549457740"
"FES578655","20","582.0000","4014549457764"
"FES578667","0","3010.5000","4014549457849"
"FES578668","0","1963.0000","4014549457863"
"FES578695","0","3023.0000","4014549460849"
"FES578699","0","8731.8000","4014549459119"
"FES578704","3","22672.5000","4014549461426"
"FES578715","0","16674.0000","4014549463710"
"FES578718","2","6455.5000","4014549463840"
"FES578728","137","856.5000",""
"FES578730","0","3534.5000","4014549464564"
"FES578731","-1","10617.4000","4014549464281"
"FES578738","0","16381.0000",""
"FES578745","0","4220.5000","4014549464519"
"FES578746","0","7280.8000","4014549464533"
"FES578792","3","780.0000","4014549465370"
"FES578793","3","780.0000","4014549465387"
"FES578794","4","780.0000","4014549465394"
"FES578795","4","780.0000","4014549465417"
"FES578796","4","636.0000","4014549465424"
"FES578797","4","636.0000","4014549465431"
"FES578798","5","636.0000","4014549465448"
"FES578799","4","636.0000","4014549465462"
"FES578940","0","20850.0000","4014549474181"
"FES580063","0","2711.5000","4014549075869"
"FES580064","0","2793.0000","4014549082218"
"FES580065","0","3978.0000","4014549082225"
"FES580066","0","3298.0000","4014549082232"
"FES581321","2","330.5000","4039793040258"
"FES581496","0","39.6000","4039793040364"
"FES581569","3","160.0000","4039793040401"
"FES583129","0","416.0000","4014549141908"
"FES583290","0","10060.5000","4014549076989"
"FES583821","1","50556.0000",""
"FES58383","0","5597.0000","4014549075739"
"FES58387","2","2735.0000","4014549077122"
"FES58398","4","1487.0000","4014549077177"
"FES584100","0","19708.5000","4014549149317"
"FES58452","43","170.0000","4014549077931"
"FES58537","3","101.0000","4014549078921"
"FES591263","1","30.2000","8590163012634"
"FES591365","1","30.2000","8590163013655"
"FES591401","1","30.2000","8590163014010"
"FES591659","1","117.0000","8590163016595"
"FES591963","2","355.0000","8590163058397"
"FES592064","1","656.5000","8590163020646"
"FES592424","2","517.0000","8590163024248"
"FES592443","2","102.0000","8590163024439"
"FES592532","2","30.2000","8590163025320"
"FES592727","1","32.8000","8590163057956"
"FES593471","2","36.0000","8590163034711"
"FES593960","13","36.0000","8590163039600"
"FES594534","0","83.2000","8590163045342"
"FES594692","1","45.6000","8590163046929"
"FES594704","1","71.0000","8590163047049"
"FES594711","1","66.6000","8590163011798"
"FES594766","1","104.0000","8590163047667"
"FES594951","1","160.0000","8590163049517"
"FES594996","15","491.0000","8590163055426"
"FES598068","1","4359.0000","4026657142289"
"FES598074","1","2084.5000","4026657142326"
"FES598077","1","1411.0000","4014549287224"
"FES599009","0","15499.5000","4014549734353"
"FES599032","0","4724.0000","4014549799505"
"FES599037","0","5310.5000","4014549686805"
"FES599041","0","13884.5000","4014549004678"
"FES599057","1","3518.5000","4014549801703"
"FES599071","1","1931.0000","4014549802601"
"FES599073","1","2744.0000","4014549802700"
"FES599094","0","1621.0000","4014549687000"
"FES599111","1","3391.0000","4014549687109"
"FES599128","0","5880.5000","4014549805206"
"FES599129","1","5111.5000","4014549805305"
"FES599136","0","24720.5000","4014549736555"
"FES599139","1","3341.5000","4014549736852"
"FES599141","1","2229.5000","4014549737057"
"FES599159","1","4741.0000","4014549051481"
"FES599160","1","6112.5000","4014549051498"
"FES599163","1","2517.0000","4014549052839"
"FES599172","1","1344.5000","4014549076071"
"FES599200","0","2439.5000","4014549189566"
"FES599202","1","2489.5000","4014549287347"
"FES599203","1","2412.0000","4014549287354"
"FES599204","1","2467.5000","4014549287361"
"FES599205","1","2489.5000","4014549287378"
"FES599206","0","2639.0000","4014549287385"
"FES599208","0","4232.0000","4014549287415"
"FES599209","0","1709.5000","4014549291535"
"FES599210","0","3828.0000","4014549264454"
"FES60403582","2","579.0000","4026657134802"
"FES60403916","1","960.0000","4026657134642"
"FES60403920","1","492.5000","4026657134673"
"FES60403928","1","71.0000","4026657120515"
"FES611138","1","1617.0000","4014549481509"
"FES611139","0","488.0000","4014549481608"
"FES612050","1","1230.5000","4014549485507"
"FES614201","3","1520.5000","8590163037125"
"FES614313","6","54.4000","8590163041269"
"FES614376","2","365.0000","8590163036661"
"FES614382","4","1197.0000","8590163054498"
"FES614458","2","30.2000","8590163041368"
"FES614481","2","30.2000","8590163031130"
"FES614486","9","30.2000","8590163039402"
"FES614661","1","1185.5000","8590163058922"
"FES614772","11","30.2000","8590163035091"
"FES614773","24","30.2000","8590163038610"
"FES614776","12","32.8000","8590163045847"
"FES614800","1","32.8000","8590163030447"
"FES614818","1","206.5000","8590163030980"
"FES614850","1","106.0000","8590163031727"
"FES614859","2","30.2000","8590163050940"
"FES614860","26","30.2000","8590163031666"
"FES614864","1","132.0000","8590163031734"
"FES614869","14","230.5000","8590163031833"
"FES614877","4","45.6000","8590163031956"
"FES614896","1","4682.5000","8590163032687"
"FES614958","5","104.0000","8590163035473"
"FES614981","1","34.6000","8590163037248"
"FES614992","1","34.6000","8590163037644"
"FES615024","2","29.2000","8590163042778"
"FES615375","2","32.8000","8590163040736"
"FES615480","1","30.2000","8590163039570"
"FES615493","7","123.0000","8590163038542"
"FES615506","1","34.6000","8590163040743"
"FES615594","1","97.2000","8590163031031"
"FES616039","59","30.2000","8590163048480"
"FES616914","27","197.5000","8590163999980"
"FES617687","2","788.5000","8590163982531"
"FES617709","1","619.5000","8590163985730"
"FES617837","1","607.0000","8590163968399"
"FES618056","1","546.0000","8590163971627"
"FES618345","0","2679.5000","8590163982814"
"FES618482","0","31.4000","8590163967606"
"FES618715","3","350.0000","8590163932390"
"FES619046","3","33.0000","8590163971511"
"FES619364","1","30.2000","8590163952008"
"FES619455","41","126.5000","8590163959151"
"FES619622","2","175.0000","8590163958239"
"FES61998","1","2562.5000","4014549179215"
"FES620360","1","455.0000","8590163038900"
"FES620376","0","109.0000","8590163046110"
"FES620428","1","787.5000","8590163011262"
"FES620691","1","401.5000","8590163038566"
"FES620693","8","52.6000","8590163038597"
"FES620697","1","120.5000","8590163014638"
"FES620705","3","765.0000","8590163014614"
"FES620709","2","923.0000","8590163014492"
"FES620717","1","120.5000","8590163014775"
"FES620890","40","827.5000","8590163037866"
"FES621050","1","177.0000","8590163038580"
"FES621081","1","640.5000","8590163036678"
"FES621139","1","156.5000","8590163038825"
"FES621278","3","246.0000","8590163038818"
"FES621906","1","1347.0000","8590163997368"
"FES621931","2","931.5000","8590163983378"
"FES621934","2","1284.0000","8590163980902"
"FES622065","4","652.5000","8590163073376"
"FES622192","2","225.0000","8590163999850"
"FES622203","2","1027.0000","8590163991267"
"FES622560","0","3199.0000","8590163953975"
"FES622934","1","1021.5000","8590163980674"
"FES623079","1","1009.0000","8590163980469"
"FES623124","1","677.5000","8590163980452"
"FES623203","1","547.5000","8590163958727"
"FES623217","1","1529.0000","8590163957638"
"FES623223","1","327.0000","8590163958048"
"FES623224","1","411.5000","8590163958109"
"FES623246","1","1902.0000","8590163958628"
"FES623272","1","30.8000","8590163957768"
"FES623273","1","31.6000","8590163958000"
"FES623275","1","40.4000","8590163957881"
"FES623481","10","4920.0000","8590163958574"
"FES623499","12","30.2000","8590163958956"
"FES623524","2","782.0000","8590163956549"
"FES623786","2","39.6000","8590163952213"
"FES623810","4","110.5000","8590163956174"
"FES623814","3","123.0000","8590163956198"
"FES623979","0","62.2000","8590163936787"
"FES624016","1","239.0000","8590163952190"
"FES624297","1","205.0000","8590163953074"
"FES624306","0","1283.6000","8590163953173"
"FES624545","0","3505.0000","8590163953258"
"FES624584","1","1058.5000","8590163936305"
"FES624586","1","454.5000","8590163936343"
"FES624970","4","55.0000","8590163945000"
"FES625048","5","30.2000","8590163945826"
"FES625175","5","33.0000","8590163949831"
"FES625265","2","30.2000","8590163936848"
"FES625304","1","3703.0000","8590163948285"
"FES625311","1","1499.0000","8590163948421"
"FES625344","1","915.0000","8590163947844"
"FES625361","3","59.4000","8590163938989"
"FES625362","1","219.0000","8590163949121"
"FES625368","5","3713.5000","8590163947868"
"FES625565","4","30.2000","8590163936688"
"FES625619","1","1162.0000","8590163945284"
"FES625620","1","790.5000","8590163945307"
"FES625852","1","724.5000","8590163945321"
"FES626001","7","193.5000","8590163945161"
"FES626031","2","343.0000","8590163947318"
"FES626119","5","264.5000","8590163942641"
"FES626120","1","1989.5000","8590163942627"
"FES626295","1","59.2000","8590163937661"
"FES626351","1","1046.5000","8590163936367"
"FES626548","1","350.0000","8590163943952"
"FES626558","1","1788.5000","8590163944171"
"FES626561","1","1117.5000","8590163944232"
"FES627001","3","239.0000","8590163941101"
"FES627003","4","372.5000","8590163944799"
"FES627004","5","226.0000","8590163944812"
"FES627010","2","239.0000","8590163941705"
"FES627014","0","404.0000","8590163941781"
"FES627015","2","562.0000","8590163941804"
"FES627017","1","210.0000","8590163941842"
"FES627018","4","807.5000","8590163941866"
"FES627021","2","1055.0000","8590163941927"
"FES627024","7","322.0000","8590163941989"
"FES627026","0","1055.0000","8590163942023"
"FES627029","2","1055.0000","8590163939696"
"FES627033","5","239.0000","8590163932383"
"FES627034","1","604.0000","8590163932154"
"FES627036","1","226.0000","8590163924463"
"FES627041","8","409.5000","4026657102801"
"FES627043","3","198.0000","4026657107981"
"FES627047","24","525.5000","4026657130873"
"FES627482","2","661.5000","8590163940296"
"FES627716","1","652.0000","8590163939122"
"FES628201","5","39.4000","8590163937029"
"FES628244","7","666.0000","8590163932871"
"FES629057","2","36.0000","4039793051452"
"FES629370","2","34.6000","8590163936756"
"FES629461","1","36.0000","8590163937920"
"FES630103","8","1230.5000","4014549496503"
"FES630466","8","169.5000","8590163935735"
"FES630478","2","1404.0000","8590163935995"
"FES630495","1","48.4000","8590163936350"
"FES631831","1","1380.0000","8590163932116"
"FES632542","1","273.0000","8590163930778"
"FES632810","0","696.5000","4026657102818"
"FES632829","3","31.6000","4026657126401"
"FES633141","1","2814.5000","4026657102733"
"FES633393","3","353.0000","8590163925965"
"FES633413","1","228.0000","8590163924524"
"FES633436","8","1259.0000","8590163928829"
"FES633582","0","1290.5000","8590163929437"
"FES633836","0","2332.5000","8590163976639"
"FES634472","1","500.0000","4026657101538"
"FES634599","2","838.5000","4026657101163"
"FES635161","1","1524.0000","8590163924401"
"FES635861","0","1106.0000","4026657101217"
"FES636641","8","263.0000","4026657101231"
"FES637655","3","1337.5000","4026657104966"
"FES63788","1","1020.0000","4014549227121"
"FES638721","2","990.5000","4026657110844"
"FES639015","7","2028.5000","4026657108339"
"FES64867","11","544.0000","4014549249673"
"FES648690","1","857.5000","4026657134215"
"FES648720","8","52.8000","4026657134345"
"FES648722","3","84.8000","4026657134369"
"FES648723","1","48.4000","4026657134376"
"FES648830","4","279.5000","4026657135342"
"FES64899","11","742.5000","4014549254288"
"FES64900","23","1102.5000","4014549254295"
"FES649066","0","359.0000","4039793060942"
"FES64907","1","257.0000",""
"FES649241","1","107.5000","4026657108575"
"FES65173","5","1585.5000","4014549259429"
"FES65445","1","903.5000","4014549269251"
"FES65471","0","202.0000",""
"FES65731","9","193.5000","4014549279267"
"FES65732","4","176.5000","4014549279274"
"FES65733","1","193.5000","4014549279281"
"FES65734","5","176.5000",""
"FES66644","1","449.5000","4014549301982"
"FES67089","15","1653.0000","4014549314098"
"FES67090","2","187.5000","4014549314111"
"FES67109","0","5858.0000","4014549316047"
"FES67110","2","10045.5000","4014549316061"
"FES67689","5","637.5000","4014549329412"
"FES68264","69","0.0500","4014549341865"
"FES68313","47","0.0500","4014549342473"
"FES68395","32","0.0500","4014549345740"
"FES68791","0","126.0000","4014549367414"
"FES69021","1","78.6000","4014549374320"
"FES69052","0","0.0500","4014549377932"
"FES69088","1049","0.0500","4014549378380"
"FES69105","3","0.0500","4014549378595"
"FES691131","7","13398.5000","4014549139561"
"FES691139","1","13956.0000","4014549140123"
"FES69221","23","3.2000","4014549380260"
"FES69313","0","41.6000","4014549076019"
"FES69556","20","12.6000","4014549392010"
"FES69623","0","0.0500","4014549395882"
"FES69653","180","11.5000","4014549396261"
"FES69674","7","0.0500","4014549396520"
"FES700020","1","418.0000","4014549173527"
"FES700027","0","221.0000","4014549173459"
"FES700032","0","33.0000","4014549173039"
"FES700176","1","508.0000","4014549162026"
"FES700178","1","30.2000","4014549173084"
"FES700374","1","30.4000","4014549173015"
"FES700375","1","34.6000","4014549173022"
"FES700376","1","77.2000","4014549172988"
"FES700472","3","139.5000","4014549156384"
"FES700505","6","425.5000","4014549173381"
"FES700537","6","336.5000","4014549172650"
"FES700539","5","391.0000","4014549154359"
"FES700573","0","657.0000","4014549157053"
"FES700658","8","31.4000","4014549173275"
"FES700844","1","229.5000","4014549165751"
"FES700859","1","692.0000","4014549165881"
"FES700860","2","251.5000","4014549165874"
"FES700879","0","229.5000","4014549165959"
"FES700979","2","30.2000","4014549188293"
"FES701156","2","173.0000","4014549165690"
"FES701230","3","105.0000","4014549171998"
"FES701274","1","36.0000","4014549173626"
"FES701275","2","150.5000","4014549173619"
"FES701282","2","609.5000","4014549173053"
"FES701458","0","110.5000","4014549171431"
"FES701474","1","330.5000","4014549162415"
"FES701689","1","48.4000","4014549189436"
"FES702066","2","128.5000","4014549170748"
"FES702814","5","102.0000","4014549170625"
"FES702827","1","162.0000","4014549188071"
"FES703070","4","272.5000","4014549179277"
"FES703429","2","92.0000","4014549194072"
"FES703962","0","242.0000","4026657139340"
"FES704459","2","169.5000","4014549233979"
"FES70468","16","0.1100","4014549419472"
"FES704784","56","34.6000","4014549194850"
"FES704785","13","173.0000","4014549194874"
"FES704787","3","297.5000","4014549194881"
"FES704788","12","84.8000","4014549229187"
"FES70511","0","0.1100","4014549420577"
"FES705197","8","525.5000","4014549234211"
"FES705551","3","4221.5000","4014549226773"
"FES705555","0","16794.0000","4014549280898"
"FES706031","17","147.0000","4014549230794"
"FES706450","2","359.0000","4039793084283"
"FES706465","2","1788.5000","4014549254349"
"FES706469","3","418.0000","4039793084290"
"FES706512","2","1164.5000","4014549228654"
"FES706535","23","37.6000","4014549227732"
"FES706785","2","592.5000","4014549255872"
"FES706789","2","1545.0000","4014549245392"
"FES706971","2","123.5000","4014549239193"
"FES707126","4","26661.0000","4014549238882"
"FES707454","0","279.0000","4014549246870"
"FES707691","2","1236.0000","4014549269817"
"FES70786","49","0.0500","4014549434345"
"FES70799","24","0.0500","4014549434499"
"FES707992","1","771.0000","4014549276389"
"FES708097","2","417.0000","4014549273951"
"FES708218","0","239.0000","4014549286623"
"FES708222","2","174.5000","4014549301449"
"FES708223","1","1097.0000","4014549286661"
"FES708289","0","2672.0000","4014549263136"
"FES708291","0","1828.5000","4014549263143"
"FES708427","1","237.5000","4014549270165"
"FES708457","0","224.5000","4014549278048"
"FES709050","9","47.8000","4014549295694"
"FES709976","-1","229.5000","4014549295625"
"FES710108","1","3614.0000","4014549304280"
"FES710111","6","2432.0000","4014549322949"
"FES710192","0","1986.0000","4014549296516"
"FES710193","0","5227.5000","4014549296523"
"FES710194","0","4066.0000","4014549296530"
"FES710195","2","9293.0000","4014549296547"
"FES710276","2","9807.5000","4014549296554"
"FES710662","0","1075.0000","4014549331323"
"FES71397","11","0.0500","4014549459591"
"FES714043","0","337.5000","4014549513101"
"FES71425","10","0.0500","4014549459942"
"FES714302","1","677.5000","4014549515600"
"FES714489","1","41.2000","4014549522806"
"FES714514","0","1831.4000","8590163951735"
"FES714515","1","686.0000","8590163951995"
"FES714534","1","951.0000","8590163950912"
"FES714537","0","114.2000",""
"FES714562","0","420.2000","8590163950844"
"FES714593","0","39.2000","8590163951261"
"FES715022","2","99.4000","4014549536506"
"FES715024","15","45.6000","4014549536704"
"FES715034","2","344.5000","4014549537701"
"FES715052","0","258.0000","4014549539804"
"FES715053","1","146.0000","4014549539903"
"FES715055","1","250.5000","4014549540305"
"FES71546","3","2.1000","4014549466599"
"FES71565","16","0.0500",""
"FES71577","15","0.0500","4014549466988"
"FES71591","15","0.0500","4014549467169"
"FES71607","20","0.0500","4014549467367"
"FES717300","2","234.0000","4014549316429"
"FES717317","0","1123.8000","4014549339688"
"FES717455","3","41.8000","4014549349663"
"FES717687","3","4685.5000","4014549315132"
"FES719654","3","6091.0000","4014549340066"
"FES720089","1","618.0000","4014549569405"
"FES720123","0","206.5000","4014549385371"
"FES720153","2","189.0000","4014549399361"
"FES720199","0","192.0000","4014549399330"
"FES720200","2","216.5000","4014549415672"
"FES720242","1","1291.5000","4014549422120"
"FES720394","0","382.0000","4014549406014"
"FES720438","9","702.0000","4014549581902"
"FES720769","0","395.5000","4014549409022"
"FES720900","5","2858.5000","4014549370889"
"FES720904","9","3901.5000","4014549370896"
"FES720934","3","4002.5000","4014549361290"
"FES721509","0","438.0000","4014549375631"
"FES722091","0","1183.5000","4014549399712"
"FES722092","18","660.5000","4014549399170"
"FES728985","2","317.0000","4039793096330"
"FES729418","0","474.5000","4039793096620"
"FES731967","0","308.0000","4039793108187"
"FES731968","0","203.5000","4039793108194"
"FES761269","0","63.2000","4014549044186"
"FES761270","4","39.4000","4014549044193"
"FES761515","4","30.2000","8590163985044"
"FES761708","2","76.6000","4014549055724"
"FES763129","3","1120.5000","4026657114873"
"FES763140","2","1155.5000","4026657114989"
"FES763543","48","113.0000","4026657131733"
"FES763547","45","72.2000","4026657131467"
"FES764148","12","3360.0000","4026657131665"
"FES764180","6","122.0000","4026657131771"
"FES764184","14","83.8000","4026657131795"
"FES764190","2","83.8000","4026657131580"
"FES765355","2","894.0000","4026657127675"
"FES765661","3","619.5000","4026657128405"
"FES765668","3","2734.0000","4026657128474"
"FES765873","1","1208.0000","4026657134796"
"FES765890","2","3329.0000","4026657134710"
"FES765893","7","1573.0000","4026657134932"
"FES765992","0","987.5000","4026657131528"
"FES766205","6","3377.5000","4026657134956"
"FES766210","8","1573.0000","4026657134741"
"FES766481","1","582.5000","4026657132624"
"FES766496","3","987.5000","4026657134703"
"FES766700","0","1402.5000","4026657135922"
"FES767130","3","1324.5000","4026657140766"
"FES767572","1","1431.0000","4026657141152"
"FES767864","1","3268.5000","4014549214527"
"FES767884","1","1585.5000","4014549216668"
"FES767887","0","1324.5000","4014549206058"
"FES767921","1","1324.5000","4014549206034"
"FES767973","5","198.5000","4014549204924"
"FES767982","1","5603.5000","4014549204672"
"FES767983","3","8277.0000","4014549204757"
"FES767984","1","8277.0000","4014549204764"
"FES767987","3","3938.0000","4014549206522"
"FES768016","3","14891.5000","4014549203514"
"FES768017","6","6944.0000","4014549205181"
"FES768018","0","6944.0000","4014549205198"
"FES768020","6","14861.0000","4014549204726"
"FES768021","0","17071.0000","4014549204795"
"FES768022","1","17071.0000","4014549204818"
"FES768023","0","9250.5000","4014549205235"
"FES768092","0","4765.0000","4014549205686"
"FES768107","20","33.0000","4014549214459"
"FES768113","0","518.5000","4014549205945"
"FES768116","0","1865.0000","4014549204894"
"FES768119","0","12447.0000","4014549204436"
"FES768129","2","1088.0000","4014549205464"
"FES768135","0","942.0000","4014549204597"
"FES768138","1","1481.0000","4014549206041"
"FES768161","0","89.2000","4014549214466"
"FES768164","1","2622.0000","4014549205310"
"FES768184","0","1614.0000","4014549214411"
"FES768223","2","100.4000","4014549215166"
"FES768552","1","482.5000","4014549215432"
"FES768553","0","156.0000","4014549215487"
"FES768556","2","367.0000","4014549215470"
"FES768557","0","230.5000","4014549215418"
"FES768584","3","500.0000","4014549207338"
"FES768585","0","156.0000","4014549215456"
"FES768586","2","156.0000","4014549215463"
"FES768587","1","160.0000","4014549215494"
"FES768594","11","174.0000","4014549215531"
"FES768706","1","1078.0000","4014549216569"
"FES768708","3","1481.0000","4014549206065"
"FES768709","0","1686.0000","4014549206171"
"FES768710","1","1686.0000","4014549206188"
"FES768754","1","1413.5000","4014549215036"
"FES768768","0","12896.0000","4014549204429"
"FES768800","0","4765.0000","4014549205693"
"FES768847","-1","1366.0000","4014549215388"
"FES768875","3","385.5000","4014549215449"
"FES768985","1","30530.5000","4014549204030"
"FES768986","4","30530.5000","4014549204047"
"FES769018","1","369.5000","4014549206539"
"FES769021","1","730.0000","4014549205990"
"FES769026","4","401.0000","4014549206119"
"FES769028","2","733.5000","4014549206133"
"FES769029","1","785.0000","4014549206140"
"FES769030","0","1026.5000","4014549206546"
"FES769032","0","1540.0000","4014549206164"
"FES769040","5","288.0000","4014549204931"
"FES769042","0","18170.5000","4014549204443"
"FES769048","2","2583.5000","4014549204658"
"FES769050","1","9348.5000","4014549205716"
"FES769051","2","7277.0000","4014549205723"
"FES769056","5","4973.0000","4014549204719"
"FES769061","0","4681.0000","4014549204375"
"FES769064","0","2298.5000","4014549204344"
"FES769066","0","1979.0000","4014549205822"
"FES769067","1","2262.5000","4014549204399"
"FES769068","0","683.0000","4014549204511"
"FES769071","0","1169.5000","4014549204412"
"FES769075","1","6046.0000","4014549204948"
"FES769077","1","6266.5000","4014549204986"
"FES769078","0","626.0000","4014549205914"
"FES769082","1","9144.0000","4014549204771"
"FES769083","2","21683.0000","4014549204788"
"FES769090","4","3216.0000","4014549205853"
"FES769091","2","569.0000","4014549204665"
"FES769094","12","1066.5000","4014549205679"
"FES769096","10","1700.5000","4014549205617"
"FES769097","2","6297.0000","4014549206355"
"FES769101","0","1061.0000","4014549205877"
"FES769109","3","14469.5000","4014549204849"
"FES769110","2","1043.5000","4014549204863"
"FES769117","0","1290.5000","4014549206263"
"FES769118","1","1139.5000","4014549206270"
"FES769119","1","874.0000","4014549206287"
"FES769123","18","771.5000","4014549204887"
"FES769124","1","626.0000","4014549205921"
"FES769125","1","328.0000","4014549205938"
"FES769126","14","4404.5000","4014549204368"
"FES769131","1","4769.0000","4014549204689"
"FES769134","5","1094.5000","4014549204542"
"FES769136","3","1094.5000","4014549206362"
"FES769137","0","1407.5000","4014549205396"
"FES769138","5","1407.5000","4014549205419"
"FES769142","53","1258.0000","4014549205426"
"FES769143","36","1258.0000","4014549205433"
"FES769144","16","1258.0000","4014549205440"
"FES769145","16","1258.0000","4014549205457"
"FES769150","2","367.0000","4014549205099"
"FES769151","9","415.0000","4014549205112"
"FES769154","4","2771.0000","4014549206553"
"FES769158","1","3240.0000","4014549205518"
"FES769162","1","1843.0000","4014549205556"
"FES769166","1","6944.0000","4014549205211"
"FES769169","5","6879.5000","4014549204832"
"FES769240","0","245.5000","4014549206379"
"FES769313","1","1600.0000","4014549216651"
"FES769336","0","1733.0000","4014549207765"
"FES769338","1","1682.0000","4014549214824"
"FES769381","3","2262.5000","4014549208250"
"FES769382","2","4153.0000","4014549208144"
"FES769394","0","799.0000","4014549207895"
"FES769411","0","779.2000","4014549208274"
"FES769416","4","2703.5000","4014549208427"
"FES769424","27","581.0000","4014549208786"
"FES769440","1","4530.0000","4014549208137"
"FES769442","2","3955.5000","4014549208670"
"FES769454","3","5452.5000","4014549208687"
"FES769539","1","48532.5000","4014549209059"
"FES769540","2","49809.5000","4014549209066"
"FES769541","1","17766.5000","4014549209073"
"FES769542","2","1237.0000","4014549209080"
"FES769543","1","5057.5000","4014549209097"
"FES769550","1","34172.0000","4014549209172"
"FES769553","0","20651.0000","4014549209219"
"FES769670","0","13698.0000","4014549211922"
"FES769771","1","773.0000","4014549213339"
"FES769772","3","2811.5000","4014549213346"
"FES769801","5","1744.0000","4014549213872"
"FES769909","0","2274.5000","4014549217146"
"FES769941","2","6354.0000","4014549221631"
"FES769942","4","8366.5000","4014549221617"
"FES769943","3","8309.0000","4014549221624"
"FES769953","3","3607.0000","4014549223314"
"FES770273","5","33.0000","4014549300503"
"FES770443","2","33.0000","4014549305003"
"FES771356","0","32.8000","4014549330807"
"FES771793","1","33.0000","4014549341803"
"FES772049","0","189.0000","4014549347300"
"FES772404","4","36.0000","4014549352304"
"FES772531","2","92.0000","4014549355305"
"FES772660","1","33.0000","4014549362105"
"FES773459","1","30.2000","4014549378700"
"FES774568","1","33.0000","4014549392003"
"FES775326","0","344.5000","8590163035459"
"FES775630","2","74.6000","8590163050360"
"FES778503","13","31.6000","4026657117898"
"FES779344","11","144.0000","4026657118314"
"FES779844","6","1032.0000","4026657120553"
"FES779892","4","3360.0000","4026657131658"
"FES779980","1","250.5000","4026657120720"
"FES780395","1","678.5000","4014549394700"
"FES782510","1","33.4000","4014549418901"
"FES789575","7","136.0000","4014549807507"
"FES789595","18","198.0000","4014549487907"
"FES789775","4","198.0000","4014549488904"
"FESKIT002","0","16382.0000",""
"FESKIT003","0","41504.0000",""
"FESTKIT 3","0","15525.5000","6009515888176"
"FESTKIT 4","0","11466.0000","6009515888183"
"FIX A0204","16","172.5000","6940425140667"
"FIX A0205","8","218.0000","6940425140674"
"FIX A0314","58","182.5000","6940425157108"
"FIX A0315","69","207.5000","6940425157115"
"FIX A0404","3","228.5000","6940425140612"
"FIX A0414","56","228.5000","6940425157146"
"FIX A0415","30","207.5000","6940425157153"
"FIX A0519","87","207.5000","6940425157078"
"FIX A0520","83","207.5000","6940425157085"
"FIX A0521","35","207.5000","6940425157092"
"FIX A0603","44","134.5000","6940425157184"
"FIX A0604","75","134.5000","6940425157221"
"FIX A0803","35","134.5000","6940425157191"
"FIX A0804","44","134.5000","6940425157238"
"FIX A0903","138","185.0000","6940425157160"
"FIX A0904","18","134.5000","6940425157207"
"FIX A1001","97","134.5000","6940425140339"
"FIX A1103","108","134.5000","6940425157177"
"FIX A1104","47","134.5000","6940425157214"
"FIX A1202","16","312.0000","6940425140384"
"FIX A1401","26","207.5000","6940425140407"
"FIX A1402","90","218.0000","6940425140414"
"FIX A1403","75","239.0000","6940425140421"
"FIX A1404","74","291.0000","6940425140438"
"FIX A1405","52","239.0000","6940425140445"
"FIX A1406","-8","280.5000","6940425140452"
"FIX A1407","-7","364.0000","6940425140681"
"FIX A1408","66","312.0000","6940425140698"
"FIX A1409","-16","260.0000","6940425140704"
"FIX A2113","0","260.5000","6940425155555"
"FIX A2114","0","118.0000","6940425155562"
"FIX A2116","0","199.5000","6940425155586"
"FIX A2117","0","378.5000","6940425155593"
"FIX B0103","48","312.0000","6940425120270"
"FIX B0111","107","207.5000","6940425155944"
"FIX B0112","324","239.0000","6940425155951"
"FIX B0201","38","51.2000","6940425120287"
"FIX B0202","119","53.2000","6940425120294"
"FIX B0203","75","55.4000","6940425120300"
"FIX B0204","94","57.4000","6940425120317"
"FIX B0205","150","59.6000","6940425120324"
"FIX B0206","118","61.6000","6940425120331"
"FIX B0207","85","63.6000","6940425120348"
"FIX B0208","110","67.8000","6940425120355"
"FIX B0209","88","71.0000","6940425120362"
"FIX B0210","19","75.2000","6940425120379"
"FIX B0211","67","82.4000","6940425120386"
"FIX B0212","44","92.8000","6940425120393"
"FIX B0213","78","103.5000","6940425120409"
"FIX B0214","-19","109.5000","6940425120416"
"FIX B0215","57","114.0000","6940425120423"
"FIX B0216","99","130.5000","6940425120430"
"FIX B0217","82","141.0000","6940425120447"
"FIX B0218","8","156.5000","6940425120454"
"FIX B0219","92","182.5000","6940425120461"
"FIX B0220","58","193.0000","6940425120478"
"FIX B0221","39","224.5000","6940425120485"
"FIX B0222","89","255.5000","6940425120492"
"FIX B0223","34","266.0000","6940425120508"
"FIX B0224","18","308.0000","6940425120515"
"FIX B0225","82","349.5000","6940425120522"
"FIX B0501","73","141.0000","6940425120737"
"FIX B0502","65","156.5000","6940425120744"
"FIX B0503","119","182.5000","6940425120751"
"FIX B0504","11","203.5000","6940425120768"
"FIX B0505","18","235.0000","6940425120775"
"FIX B0506","90","364.0000","6940425120782"
"FIX B0701","39","140.5000","6940425121017"
"FIX B0702","102","146.5000","6940425121024"
"FIX B0703","67","152.0000","6940425121031"
"FIX B0704","-11","157.0000","6940425121048"
"FIX B0705","19","167.5000","6940425121055"
"FIX B0706","17","174.5000","6940425121062"
"FIX B0707","52","185.5000","6940425121079"
"FIX B0708","81","196.5000","6940425121086"
"FIX B0709","30","207.5000","6940425121093"
"FIX B0710","124","219.0000","6940425121109"
"FIX B0711","57","241.5000","6940425121116"
"FIX B0712","-72","253.0000","6940425121123"
"FIX B0714","52","364.5000","6940425121147"
"FIX B0717","1","387.0000","6940425121178"
"FIX B0718","33","398.5000","6940425121185"
"FIX B0719","2","420.5000","6940425121192"
"FIX B0720","0","465.5000","6940425121208"
"FIX B0721","-1","589.0000","6940425121215"
"FIX B0907","8","624.5000","6940425121451"
"FIX B0908","-3","833.0000","6940425121468"
"FIX B0909","-5","1354.5000","6940425121475"
"FIX B0910","76","2501.0000","6940425121482"
"FIX B1001","132","94.0000","6940425121345"
"FIX B1002","0","99.2000","6940425121352"
"FIX B1003","44","106.5000","6940425121369"
"FIX B1004","110","120.0000","6940425121376"
"FIX B1005","60","125.5000","6940425121383"
"FIX B1006","53","130.5000","6940425101668"
"FIX B1007","33","94.0000","6940425121611"
"FIX B1201","120","163.0000","6940425100784"
"FIX B1202","64","178.5000","6940425100791"
"FIX B1203","35","196.5000","6940425100807"
"FIX B1204","17","219.0000","6940425100814"
"FIX B1205","21","247.0000","6940425100821"
"FIX B1206","83","263.5000","6940425100838"
"FIX B1207","59","281.0000","6940425100845"
"FIX B1208","91","292.0000","6940425100852"
"FIX B1209","13","303.0000","6940425100869"
"FIX B1210","20","320.0000","6940425100876"
"FIX B1211","39","342.0000","6940425100883"
"FIX B1212","83","359.5000","6940425100890"
"FIX B1213","13","387.0000","6940425100906"
"FIX B1214","40","420.5000","6940425100913"
"FIX B1215","0","432.0000","6940425100920"
"FIX B1218","1","443.0000","6940425102795"
"FIX B1220","34","471.0000","6940425102818"
"FIX B1223","59","505.0000","6940425117300"
"FIX B1224","45","644.5000","6940425117317"
"FIX B1301","75","111.5000","6940425102405"
"FIX B1302","9","118.0000","6940425102412"
"FIX B1303","26","129.0000","6940425102429"
"FIX B1304","52","140.5000","6940425102436"
"FIX B1305","45","163.0000","6940425102443"
"FIX B1306","27","185.5000","6940425102450"
"FIX B1307","28","196.5000","6940425102467"
"FIX B1308","7","207.5000","6940425102474"
"FIX B1309","114","219.0000","6940425102481"
"FIX B1310","52","230.5000","6940425102498"
"FIX B1311","4","247.0000","6940425102504"
"FIX B1312","24","269.5000","6940425102511"
"FIX B1313","98","297.5000","6940425102528"
"FIX B1314","74","331.5000","6940425102535"
"FIX B1317","-30","353.5000","6940425113302"
"FIX B1318","67","387.0000","6940425113319"
"FIX B1320","19","420.5000","6940425113326"
"FIX B1323","13","477.0000","6940425113333"
"FIX B1324","39","555.5000","6940425113340"
"FIX B2042M","116","895.5000","6940425102146"
"FIX B3020M","0","1041.5000","6940425102139"
"FIX C0201","72","207.5000","6940425160115"
"FIX C0202","47","260.0000","6940425160122"
"FIX C0301","15","260.0000","6940425160139"
"FIX C0302","21","312.0000","6940425160146"
"FIX C0502","68","416.0000","6940425160184"
"FIX C0502-1","88","145.0000","6009515896584"
"FIX C0701","196","239.0000","6940425101767"
"FIX D0101","28","41.8000","6940425130132"
"FIX D0102","81","47.0000","6940425130149"
"FIX D0103","85","52.2000","6940425130156"
"FIX D0104","76","52.2000","6940425130163"
"FIX D0105","27","57.4000","6940425130170"
"FIX D0106","62","62.6000","6940425130187"
"FIX D0110","68","83.4000","6940425130224"
"FIX D0201","97","41.8000","6940425130231"
"FIX D0203","69","51.2000","6940425130255"
"FIX D0205","13","57.4000","6940425156262"
"FIX D0206","7","67.8000","6940425156262"
"FIX D0207","66","62.6000","6940425130293"
"FIX D0209","34","78.2000","6940425130316"
"FIX D0211","22","83.4000","6940425130330"
"FIX D0224","144","31.4000","6940425156255"
"FIX D0225","112","36.6000","6940425156262"
"FIX D0234","0","83.4000","6940425156354"
"FIX D0301","112","52.2000","6940425130347"
"FIX D0302","86","67.8000","6940425130354"
"FIX D0303","68","78.2000","6940425130361"
"FIX D0401","81","62.6000","6940425130378"
"FIX D0402","43","62.6000","6940425130385"
"FIX D0403","42","67.8000","6940425130392"
"FIX D0404","54","67.8000","6940425130408"
"FIX D0405","92","67.8000","6940425130415"
"FIX D0406","57","67.8000","6940425130422"
"FIX D0407","66","78.2000","6940425130439"
"FIX D2201","79","111.5000","6940425131788"
"FIX D2202","-27","111.5000","6940425131795"
"FIX D2203","75","111.5000","6940425131801"
"FIX D2312","63","145.0000","6940425133713"
"FIX D2327","-16","223.5000","6940425158921"
"FIX D2349","145","266.0000","6940425158921"
"FIX F1BT06-1","32","1354.5000","6940425104034"
"FIX F1BT07","14","833.0000","6940425104041"
"FIX F1BT08","10","729.0000","6940425104058"
"FIX F1BT12","5","364.0000","6940425104072"
"FIX F1BT13","14","781.0000","6940425104089"
"FIX F1BT23","38","823.0000","6940425104096"
"FIX F1BT24","7","468.5000","6940425104102"
"FIX F1BT25","40","416.0000","6940425104119"
"FIX F1BT26","35","416.0000","6940425104126"
"FIX F1BT27","16","416.0000","6940425104133"
"FIX F1BT28","21","833.0000","6940425104140"
"FIX F1BT30","21","1354.5000","6940425104157"
"FIX F1BT35","15","729.0000","6940425104188"
"FIX F1BT36","10","1146.0000","6940425104195"
"FIX F1BT37","27","1980.0000","6940425104201"
"FIX F1BT38","33","1563.0000","6940425104218"
"FIX F1BT47","5","2084.0000","6940425104232"
"FIX F1BT48","8","1146.0000","6940425104249"
"FIX F1BT49","13","729.0000","6940425104256"
"FIX F1BT55","6","1771.5000","6940425104287"
"FIX F1BT60","15","989.5000","6940425104294"
"FIX F1BT61","9","1407.5000","6940425104300"
"FIX F1BT62","6","1146.0000","6940425104317"
"FIX F1BT63","26","1354.5000","6940425104324"
"FIX F1BT64","11","1146.0000","6940425104331"
"FIX F1BT65","0","3022.5000","6940425101125"
"FIX F1BT70","15","1354.5000","6940425104348"
"FIX F1BT71","14","937.5000","6940425104355"
"FIX F1BT72","14","1563.0000","6940425104362"
"FIX F1BT73","26","729.0000","6940425104379"
"FIX F1BT75","3","729.0000","6940425104393"
"FIX F1BT76","23","1563.0000","6940425104409"
"FIX F1BT79","3","1041.5000","6940425104416"
"FIX F1BT80","0","1041.5000","6940425104423"
"FIX F1BT83","6","729.0000","6940425104430"
"FIX F1RP7","1","11466.5000",""
"FIX F1RP7-1","0","20849.0000","6940425100029"
"FIX F1RP7-2","0","42.2000","6009515896546"
"FIX F1RP7-3","24","31.4000","6009515896553"
"FIX F1RP7-4","31","41.8000","6009515896560"
"FIX F1RP7-5","7","47.0000","6009515896577"
"FIX F1RP7-6","8","313.0000",""
"FIX F1RP7-7","7","313.0000",""
"FIX F1RP7B","19","11466.5000",""
"FIX H0101M","221","12.6000","6940425113012"
"FIX H0103M","219","15.7000","6940425113036"
"FIX H0105M","199","18.8000","6940425113050"
"FIX H0106M","51","19.9000","6940425113067"
"FIX H0107M","169","21.0000","6940425113074"
"FIX H0108M","287","22.0000","6940425113081"
"FIX H0109M","62","24.0000","6940425113098"
"FIX H0110M","162","24.0000","6940425113104"
"FIX H0111M","168","25.2000","6940425113111"
"FIX H0112M","47","25.2000","6940425113128"
"FIX H0113M","95","25.2000","6940425113135"
"FIX H0201M","21","25.2000","6940425115016"
"FIX H0202M","291","26.2000","6940425115023"
"FIX H0203M","49","26.2000","6940425115030"
"FIX H0204M","47","26.2000","6940425115047"
"FIX H0205M","-2","34.8000","6940425115054"
"FIX H0206M","0","27.2000","6940425115061"
"FIX H0207M","151","27.2000","6940425115078"
"FIX H0208M","211","27.2000","6940425115085"
"FIX H0209M","3","28.2000","6940425115092"
"FIX H0210M","209","29.2000","6940425115108"
"FIX H0211M","78","32.4000","6940425115115"
"FIX H0212M","54","32.4000","6940425115122"
"FIX H0213M","92","34.6000","6940425115139"
"FIX H0214M","119","36.6000","6940425115146"
"FIX H0215M","105","39.8000","6940425115153"
"FIX H0216M","42","42.8000","6940425115160"
"FIX H0217M","2","45.0000","6940425115177"
"FIX H0218M","64","23.0000","6940425115429"
"FIX H0219M","69","23.0000","6940425115436"
"FIX H0301M","78","36.6000","6940425111018"
"FIX H0302M","170","36.6000","6940425111025"
"FIX H0303M","10","36.6000","6940425111032"
"FIX H0304M","254","36.6000","6940425111049"
"FIX H0305M","311","36.6000","6940425111056"
"FIX H0306M","171","36.6000","6940425111063"
"FIX H0307M","187","36.6000","6940425111070"
"FIX H0308M","134","37.6000","6940425111087"
"FIX H0309M","262","37.6000","6940425111094"
"FIX H0310M","216","37.6000","6940425111100"
"FIX H0311M","81","38.6000","6940425111117"
"FIX H0312M","178","38.6000","6940425111124"
"FIX H0313M","262","43.8000","6940425111131"
"FIX H0314M","166","47.0000","6940425111148"
"FIX H0315M","99","50.2000","6940425111155"
"FIX H0316M","140","57.4000","6940425111162"
"FIX H0317M","70","62.6000","6940425111179"
"FIX H0318M","186","67.8000","6940425111186"
"FIX H0319M","112","78.2000","6940425111193"
"FIX H0320M","36","92.8000","6940425111209"
"FIX H0321M","100","99.2000","6940425111216"
"FIX H0401M","104","26.2000","6940425113517"
"FIX H0402M","69","26.2000","6940425113524"
"FIX H0403M","145","26.2000","6940425113531"
"FIX H0404M","91","26.2000","6940425113548"
"FIX H0405M","228","27.2000","6940425113555"
"FIX H0406M","58","27.2000","6940425113562"
"FIX H0407M","105","29.2000","6940425113579"
"FIX H0408M","162","29.2000","6940425113586"
"FIX H0409M","82","31.4000","6940425113593"
"FIX H0410M","229","33.4000","6940425113609"
"FIX H0411M","56","36.6000","6940425113616"
"FIX H0501M","176","38.6000","6940425115511"
"FIX H0502M","22","40.8000","6940425115528"
"FIX H0503M","22","41.8000","6940425115535"
"FIX H0504M","103","43.8000","6940425115542"
"FIX H0505M","114","43.8000","6940425115559"
"FIX H0506M","29","43.8000","6940425115566"
"FIX H0507M","21","46.0000","6940425115573"
"FIX H0508M","33","57.4000","6940425115580"
"FIX H0509M","65","59.6000","6940425115597"
"FIX H0510M","80","62.6000","6940425115603"
"FIX H0511M","26","67.8000","6940425115610"
"FIX H0512M","104","67.8000","6940425115627"
"FIX H0515M","10","88.8000","6940425115658"
"FIX H0516M","87","99.2000","6940425115665"
"FIX H0601M","1","72.0000","6940425111513"
"FIX H0602M","87","72.0000","6940425111520"
"FIX H0603M","373","72.0000","6940425111537"
"FIX H0604M","91","72.0000","6940425111544"
"FIX H0605M","91","72.0000","6940425111551"
"FIX H0606M","97","72.0000","6940425111568"
"FIX H0607M","91","72.0000","6940425111575"
"FIX H0608M","82","72.0000","6940425111582"
"FIX H0609M","113","72.0000","6940425111599"
"FIX H0610M","225","82.4000","6940425111605"
"FIX H0611M","45","82.4000","6940425111612"
"FIX H0612M","259","82.4000","6940425111629"
"FIX H0613M","249","92.8000","6940425111636"
"FIX H0614M","134","92.8000","6940425111643"
"FIX H0615M","87","99.2000","6940425111650"
"FIX H0616M","43","172.5000","6940425111667"
"FIX H0617M","53","245.0000","6940425111674"
"FIX H0618M","34","255.5000","6940425111681"
"FIX H0619M","68","82.4000","6940425100937"
"FIX H0701M","102","21.0000","6940425113142"
"FIX H0702M","85","21.0000","6940425113159"
"FIX H0703M","43","21.0000","6940425113166"
"FIX H0704M","14","21.0000","6940425113173"
"FIX H0705M","48","21.0000","6940425113180"
"FIX H0801M","171","26.2000","6940425115184"
"FIX H0802M","176","26.2000","6940425115191"
"FIX H0803M","156","26.2000","6940425115207"
"FIX H0804M","138","26.2000","6940425115214"
"FIX H0805M","130","26.2000","6940425115221"
"FIX H0806M","212","26.2000","6940425115238"
"FIX H0807M","135","26.2000","6940425115245"
"FIX H0808M","20","26.2000","6940425115252"
"FIX H0809M","74","26.2000","6940425115269"
"FIX H0810M","171","26.2000","6940425115276"
"FIX H0811M","177","26.2000","6940425115283"
"FIX H0812M","174","31.4000","6940425115290"
"FIX H0901M","33","41.8000","6940425111223"
"FIX H0902M","6","41.8000","6940425111230"
"FIX H0903M","289","41.8000","6940425111247"
"FIX H0904M","408","41.8000","6940425111254"
"FIX H0905M","21","41.8000","6940425111261"
"FIX H0906M","68","41.8000","6940425111278"
"FIX H0907M","70","41.8000","6940425111285"
"FIX H0908M","26","47.0000","6940425111292"
"FIX H0909M","223","52.2000","6940425111308"
"FIX H1001M","140","26.2000","6940425113722"
"FIX H1002M","100","26.2000","6940425113739"
"FIX H1003M","109","26.2000","6940425113746"
"FIX H1004M","119","26.2000","6940425113753"
"FIX H1005M","150","26.2000","6940425113760"
"FIX H1101M","12","57.4000","6940425111834"
"FIX H1102M","126","57.4000","6940425111841"
"FIX H1103M","122","57.4000","6940425111858"
"FIX H1104M","154","78.2000","6940425111865"
"FIX H1105M","149","78.2000","6940425111872"
"FIX H1106M","132","78.2000","6940425111889"
"FIX H1107M","93","67.8000","6940425100944"
"FIX H1108M","110","67.8000","6940425100951"
"FIX H1109M","48","67.8000","6940425100968"
"FIX J0111","32","167.5000","6940425156057"
"FIX J0112","12","207.5000","6940425156064"
"FIX J0113","45","312.0000","6940425156071"
"FIX J0301","241","34.6000","6940425116518"
"FIX J0302","173","47.0000","6940425116525"
"FIX J0303","102","41.8000","6940425116532"
"FIX J0304","20","47.0000","6940425116549"
"FIX J0305","112","78.2000","6940425116556"
"FIX J0306","10","103.5000","6940425116563"
"FIX J0307","109","57.4000","6940425116570"
"FIX J0308","159","78.2000","6940425116587"
"FIX J0309","51","141.0000","6940425116594"
"FIX J0401","74","61.8000","6940425117027"
"FIX J0402","83","78.2000","6940425117034"
"FIX J0403","13","103.5000","6940425117041"
"FIX J0501","106","62.8000","6940425117058"
"FIX J0502","81","82.4000","6940425117065"
"FIX J0503","156","67.8000","6940425117072"
"FIX J0504","118","82.4000","6940425117089"
"FIX J0601","78","47.0000","6940425117096"
"FIX J0602","40","47.0000","6940425117102"
"FIX J0603","96","40.8000","6940425117119"
"FIX J0604","45","40.8000","6940425117126"
"FIX J0605","37","40.8000","6940425117133"
"FIX J0606","98","25.8000","6940425117140"
"FIX J0701","218","33.8000","6940425117157"
"FIX J0702","224","34.6000","6940425117164"
"FIX J0703","142","39.8000","6940425117171"
"FIX J0704","209","51.2000","6940425117188"
"FIX J0801","152","25.8000","6940425119076"
"FIX J0802","248","25.8000","6940425119083"
"FIX J0803","247","25.8000","6940425119090"
"FIX J0804","145","25.8000","6940425119106"
"FIX J0805","521","25.8000","6940425119113"
"FIX J0806","117","28.2000","6940425119120"
"FIX J0807","185","28.2000","6940425119137"
"FIX J0808","138","28.2000","6940425119144"
"FIX J0809","0","28.2000","6940425119151"
"FIX J0810","89","28.2000","6940425119168"
"FIX J0811","187","28.2000","6940425119175"
"FIX J0812","114","28.2000","6940425119182"
"FIX J0813","210","24.8000","6940425119199"
"FIX J0814","197","24.8000","6940425119205"
"FIX J0815","239","25.8000","6940425119212"
"FIX J0816","240","22.6000","6940425119229"
"FIX J0817","156","22.6000","6940425119236"
"FIX J0818","205","22.6000","6940425119243"
"FIX J0819","142","22.6000","6940425119250"
"FIX J0820","257","22.6000","6940425119267"
"FIX J0822","42","22.6000","6940425119281"
"FIX J0823","224","22.6000","6940425119298"
"FIX J0901","224","36.6000","6940425119304"
"FIX J0902","214","36.6000","6940425119311"
"FIX J0903","243","36.6000","6940425119328"
"FIX J0904","246","36.6000","6940425119335"
"FIX J0905","199","36.6000","6940425119342"
"FIX J0906","107","38.6000","6940425119359"
"FIX J0907","144","45.0000","6940425119366"
"FIX J0908","27","47.0000","6940425119373"
"FIX J0909","200","51.2000","6940425119380"
"FIX J0910","91","61.6000","6940425119397"
"FIX J0911","188","60.6000","6940425119403"
"FIX J0912","141","37.6000","6940425119410"
"FIX J0913","212","37.6000","6940425119427"
"FIX J0914","111","37.6000","6940425119434"
"FIX J0915","80","37.6000","6940425119441"
"FIX J0916","117","37.6000","6940425119458"
"FIX J0917","85","37.6000","6940425119465"
"FIX J0918","116","37.6000","6940425119472"
"FIX J0919","303","37.6000","6940425119489"
"FIX J0920","72","40.8000","6940425119496"
"FIX J0921","258","40.8000","6940425119502"
"FIX J0922","216","47.0000","6940425119519"
"FIX J0923","146","47.0000","6940425119526"
"FIX J0924","58","26.2000","6940425119533"
"FIX J0925","90","26.2000","6940425119540"
"FIX J0926","67","26.2000","6940425119557"
"FIX J0927","80","26.2000","6940425119564"
"FIX J0928","74","26.2000","6940425119571"
"FIX J0929","67","26.2000","6940425119588"
"FIX J0930","62","26.2000","6940425119595"
"FIX J0931","47","26.2000","6940425119601"
"FIX J0932","45","26.2000","6940425119618"
"FIX J0933","45","26.2000","6940425119625"
"FIX J0935","32","26.2000","6940425119649"
"FIX J0936","22","26.2000","6940425119656"
"FIX J0937","60","26.2000","6940425119663"
"FIX J0938","34","26.2000","6940425119670"
"FIX J0941","215","36.6000","6940425119700"
"FIX J0942","96","36.6000","6940425119717"
"FIX J0943","95","36.6000","6940425119724"
"FIX J0944","188","36.6000","6940425119731"
"FIX J0945","176","36.6000","6940425119748"
"FIX J0946","65","36.6000","6940425119755"
"FIX J0947","134","36.6000","6940425119762"
"FIX J0948","105","39.8000","6940425119779"
"FIX J0949","230","39.8000","6940425119786"
"FIX J0950","274","39.8000","6940425119793"
"FIX J0951","157","41.8000","6940425119809"
"FIX J0952","237","41.8000","6940425119816"
"FIX J0953","214","33.4000","6940425119823"
"FIX J0954","109","36.6000","6940425119830"
"FIX J0955","237","41.8000","6940425119847"
"FIX J0956","35","49.0000","6940425119854"
"FIX J0957","238","49.0000","6940425119861"
"FIX J0958","222","49.0000","6940425119878"
"FIX J1001","59","67.8000","6940425119014"
"FIX J1002","43","83.4000","6940425119021"
"FIX J1003","52","94.0000","6940425119038"
"FIX J1004","146","104.5000","6940425119045"
"FIX J1005","135","109.5000","6940425119052"
"FIX J1006","91","120.0000","6940425119069"
"FIX J1101","161","193.0000","6940425116600"
"FIX J1202","45","207.5000","6940425116648"
"FIX J1203","32","270.5000","6940425116655"
"FIX K0101","100","207.5000","6940425170336"
"FIX K0205","-2","364.0000","6940425159638"
"FIX K0206","25","291.0000","6940425102849"
"FIX K0209","65","260.0000","6940425159638"
"FIX MT26","-16","1980.0000","6940425102283"
"FIX MT26B","0","1980.0000","6940425166780"
"FIX MT42","37","4690.5000","6940425204307"
"FIX OMCBT111","6","5003.0000","6940425101095"
"FIX OMCBT40","7","3856.5000","6940425101132"
"FIX P4012M","120","833.0000","6940425102238"
"FIX TR0034","52","20849.0000","6940425173481"
"FIX Y1001","-13","312.0000","6940425175683"
"FIX Y1009","-2","379.5000","6940425155531"
"FLEX 20510","18","596.0000","5021526205101"
"FLEX 24070","71","178.5000","6009600403901"
"FLEX 44005","55","502.5000","5021526440052"
"FLEX 44010","44","319.0000","5021526440106"
"FLEX 44015","67","472.5000","5021526440151"
"FLEX 48110","22","190.5000","5021526481109"
"FLEX 48115","2","325.5000","5021526481154"
"FLEX AP001","20","960.0000","5055142060745"
"FLEX5AC","371","38.2000","6009600402980"
"FLEX5AF","217","38.2000","6009600402966"
"FLEX5AM","370","38.2000","6009600402973"
"FUDT300-1","2","504.5000","6009515813253"
"FUDT300-2","7","504.5000","6009515840211"
"GAV 60AP S","0","72.0000",""
"GAV AB-2","41","514.0000","6009515874049"
"GAV AB-2P","8","509.0000","6009515815691"
"GAV AB-3","23","592.0000","6009515874056"
"GAV AB-3P","10","602.5000","6009515815721"
"GAV AB-A1","115","457.0000","8011275008372"
"GAV AB-A1P","35","467.5000","6009515815738"
"GAV AB-A2","45","478.0000","6009515874063"
"GAV AB-A2P","9","488.5000","6009515815745"
"GAV AB-C2","8","498.5000","8011275008402"
"GAV AB-C2P","18","509.0000","6009515815752"
"GAV AB-C3","23","498.5000","6009515874070"
"GAV AB-C3P","4","509.0000","6009515815769"
"GAV ABM-1","39","730.0000","6009515874087"
"GAV ABM-2","16","730.5000","6009515874094"
"GAV ABM-A1","27","730.5000","6009515874100"
"GAV ABM-A2","18","730.5000","6009515874117"
"GAV AGO","42","232.0000","8011275001656"
"GAV AT0141-2","25","199.5000","8011275024143"
"GAV AT0142-1","20","325.5000","8011275064927"
"GAV AT081210-1","3","3468.5000","8011275064262"
"GAV AT081220-1","2","5143.0000","8011275064279"
"GAV BL6084-7","5","725.0000","6009515874124"
"GAV BX300-A1","324","218.0000","6009515874131"
"GAV BX300-C2","-19","207.5000","6009515874148"
"GAV BX300-C2P","4","224.5000","6009515844042"
"GAV ECO2000-28","47","69.2000",""
"GAV ECO2200-25","10","476.5000",""
"GAV EVO1","8","2763.0000","6009515874155"
"GAV EVO1-1","29","864.0000","6009515874162"
"GAV EVO2","21","3388.5000","6009515874179"
"GAV EVO2-1","28","1037.0000","6009515874186"
"GAV EVO3","13","5160.5000","6009515874193"
"GAV EVO3-1","19","1660.0000","6009515874209"
"GAV EXTREME 100 PRO 1.4","19","5249.0000","8011275065252"
"GAV EXTREME 100 PRO 1.5","17","5249.0000","8011275064941"
"GAV EXTREME 100 PRO 1.6","8","5249.0000","8011275065269"
"GAV EXTREME 100 PRO 2.0","7","5249.0000","8011275065290"
"GAV EXTREME 100 PRO 2.2","7","5249.0000","8011275065306"
"GAV EXTREME 100 PRO 2.5","4","5249.0000","8011275065313"
"GAV F180","41","937.5000","8011275002172"
"GAV F180-25","48","44.4000",""
"GAV F180-30","45","44.4000",""
"GAV F180-4","24","877.0000",""
"GAV F180-SA","29","1586.5000","8011275057196"
"GAV F200","27","1309.5000","8011275002332"
"GAV F200-32","7","9.4000",""
"GAV F200-4","27","614.0000",""
"GAV F200-SA","31","2072.5000","8011275057202"
"GAV F300","6","3457.0000","8011275011440"
"GAV FR180","23","1287.5000","8011275001762"
"GAV FR180-SA","19","1863.0000","8011275056755"
"GAV FR200","44","1671.5000","8011275002004"
"GAV FR200-26","3","59.8000",""
"GAV FR200-34-35-36","11","1128.0000",""
"GAV FR200-SA","37","2402.0000","8011275057189"
"GAV FR300","28","3944.5000","8011275010993"
"GAV FR300-26","4","143.5000",""
"GAV FR300-34-35-36","3","3810.0000",""
"GAV FRL180","16","2305.5000","8011275001649"
"GAV FRL180-SA","32","2651.5000","8011275057219"
"GAV FRL200","46","2941.5000","8011275001984"
"GAV FRL200-SA","25","3485.5000","8011275057226"
"GAV FRL300","16","6954.0000","8011275011471"
"GAV HVLP","17","3266.5000","8011275010917"
"GAV HVLP R 1.5","18","1368.0000","8011275007498"
"GAV HVLP R 2.0","14","1368.0000","8011275007511"
"GAV HVLP-1","10","86.6000","6009515902018"
"GAV KIT ITALIA","63","1824.5000","8011275019217"
"GAV KIT2","153","1702.5000","8011275024273"
"GAV L180","26","938.5000","8011275002196"
"GAV L180-55","10","21.0000",""
"GAV L180-56","12","12.8000",""
"GAV L200","11","1219.5000","8011275002011"
"GAV L200-50","26","31.0000",""
"GAV L200-51-52","0","61.0000",""
"GAV L200-53","0","68.0000",""
"GAV L200-54","5","15.8000",""
"GAV L300","12","2794.0000","8011275011464"
"GAV M40R","322","164.0000","6009600405233"
"GAV M40R-1","196","164.0000","6009600408951"
"GAV M40R-1P","8","187.0000","6009515875213"
"GAV M40RP","6","187.0000","6009515844059"
"GAV M45R","0","495.5000","6009515874216"
"GAV M50R-1","17","182.5000","6009600407299"
"GAV M50R-1P","12","203.5000","6009515844073"
"GAV M50R-2","-47","187.0000","6009600405240"
"GAV M50R-2P","-6","207.5000","6009515844080"
"GAV M63","24","1563.0000","6009515853440"
"GAV M63D","76","165.0000","6009515839277"
"GAV M63DP","15","187.0000","6009515844097"
"GAV M63P","9","1512.0000","6009515844103"
"GAV M63R","100","193.0000","6009600405257"
"GAV M63RP","9","205.5000","6009515844110"
"GAV M63S","323","193.0000","6009600405264"
"GAV M63SP","2","205.5000","6009515850081"
"GAV MD20","7","3856.5000","6009515812027"
"GAV MD50","7","4065.0000","6009515812034"
"GAV MINI 150","2","2825.5000","6009675082919"
"GAV MINI 200","3","2760.0000","8011275014298"
"GAV NT6","191","30.4000","6009515812041"
"GAV NYCA KIT11","10","1230.5000","8011275036023"
"GAV NYCA L4","26","266.0000",""
"GAV NYCA S","91","124.5000","8011275042413"
"GAV NYCA T3","20","1913.0000","8011275065917"
"GAV OR-1","31","7.3000","6009515839352"
"GAV PAS180","24","629.0000","6009515874223"
"GAV PAS200","51","716.0000","6009515874230"
"GAV PRO P-11","55","331.0000","6009515874247"
"GAV PRO PAINT","-1","1452.0000","8011275001922"
"GAV PRO PAINT-1","9","52.2000","6009515902056"
"GAV QPS-01","10","1890.5000",""
"GAV R180","34","759.0000","8011275002158"
"GAV R200","9","1208.5000","8011275002363"
"GAV R300","27","2556.5000","8011275011457"
"GAV RBL 1-2","111","154.5000","6009600405271"
"GAV RBL 1-2 P","17","188.5000","6009515815578"
"GAV RBL 1-4","524","113.5000","6009600404687"
"GAV RBL 1-4 P","17","136.0000","6009515815585"
"GAV RBL 1-8","214","108.0000","6009600405288"
"GAV RBL 1-8 P","3","130.0000","6009515815592"
"GAV RBL 3-8","208","137.0000","6009600405295"
"GAV RBL 3-8 P","16","168.5000","6009515815608"
"GAV RBS-2","56","231.0000","6009515812058"
"GAV RBS-2 P","4","273.5000","6009515815615"
"GAV RC3010-06","124","71.4000","6009515874254"
"GAV RC3010-08","178","103.0000","6009515874261"
"GAV RC3010-10","85","116.0000","6009515874278"
"GAV RC3010-2","0","58.9800",""
"GAV RC3010-2P","0","62.0000",""
"GAV REC OR SET","0","229.5000",""
"GAV REC-10","18","151.0000",""
"GAV REC-28","33","211.0000",""
"GAV REC2000","12","4312.5000","8011275002516"
"GAV REC2000-1","6","157.5000","6009515901998"
"GAV REC2200","11","2579.0000","8011275002523"
"GAV REC2200-1","8","87.6000","6009515902001"
"GAV RECORD S","10","2724.5000","8011275035934"
"GAV RECORD S-1","10","86.6000","6009515902025"
"GAV RM6030-3","9","64.8000",""
"GAV RM6042-3","10","88.6000",""
"GAV RO6069-10","1","254.0000","6009515874285"
"GAV RO6069-3","48","106.5000","6009515874292"
"GAV RO6069-5","15","122.5000","6009515874308"
"GAV RO6069-6","28","154.5000","6009515874315"
"GAV RO6069-7","26","190.0000","6009515874322"
"GAV RO6069-8","-1","191.0000","6009515874339"
"GAV RO6069-9","41","244.0000","6009515874346"
"GAV RP182","79","550.5000","8011275001779"
"GAV RP182B","56","516.5000",""
"GAV RP192","78","384.0000","8011275002554"
"GAV RP192B","4","363.0000",""
"GAV RPF187","85","888.5000","8011275001854"
"GAV RPF187-10","12","25.4000",""
"GAV RPF187-3","21","58.2000",""
"GAV RPF187-7","21","55.8000",""
"GAV RPF187R-1","30","912.5000","8011275001861"
"GAV RPF188","86","1234.0000","8011275001878"
"GAV RPF188-3","14","69.4000",""
"GAV RPF188-7","1","69.4000",""
"GAV RPF188-8","9","69.4000",""
"GAV RPF188R-1","29","1249.0000","8011275001885"
"GAV RR6035-6","169","91.4000","6009515874353"
"GAV RZ1005","1","2132.0000",""
"GAV RZ1008","2","2132.0000",""
"GAV RZ1010","1","2132.0000",""
"GAV RZ3012","2","2661.5000",""
"GAV RZ3014","2","2661.5000",""
"GAV RZ3016","2","2661.5000",""
"GAV SB1","3","69.6000","8011275009188"
"GAV SPEC-5","10","301.0000","6009600409491"
"GAV SUPER PRO","20","1630.5000","8011275009171"
"GAV SUPER PRO-1","5","52.2000","6009515902063"
"GAV UNI A1","2902","166.0000","6009600403543"
"GAV UNI A1P","91","172.5000","6009600407053"
"GAV UNI A2","430","167.0000","6009600405349"
"GAV UNI A2P","83","177.5000","6009675087648"
"GAV UNI A3","419","207.5000","6009515832735"
"GAV UNI A3P","47","224.5000","6009515844264"
"GAV UNI C1","1033","172.5000","6009600405356"
"GAV UNI C1P","23","181.5000","6009515815493"
"GAV UNI C2","3597","172.5000","6009600405363"
"GAV UNI C2P","108","181.5000","6009600409378"
"GAV UNI C3","1926","172.5000","6009600408777"
"GAV UNI C3P","84","181.5000","6009515815509"
"GAV UNI C4","358","172.5000","6009515832742"
"GAV UNI C4P","14","181.5000","6009515815516"
"GAV UNI-5AM","691","348.5000","6009600404748"
"GAV UNI-5AM-10","10","3302.5000","6009515874643"
"GAV UNI-6AR","4","365.5000","6009600405370"
"GAV UNI1","3254","155.5000","6009600409668"
"GAV UNI1P","82","169.0000","6009675083763"
"GAV UNI2","713","158.5000","6009600405387"
"GAV UNI2P","84","171.0000","6009515815523"
"GAV UNI3","1314","207.5000","6009600405394"
"GAV UNI3P","92","224.5000","6009515815530"
"GAV XP100-3","10","22.0000",""
"GAV XP100R14","7","2200.0000","8011275065023"
"GAV XP100R15","8","2200.0000","8011275065030"
"GAV XP100R16","7","2200.0000","8011275065146"
"GAV XP100R20","8","2200.0000","8011275065054"
"GAV XP100R22","8","2200.0000","8011275065061"
"GAV XP100R25","8","2200.0000","8011275065078"
"GAV Z1000","2","5554.5000","8011275015639"
"GAV Z3000","1","7384.0000","8011275035736"
"GAV00101","20","255.5000","6009515882686"
"GAV00105","23","277.0000","6009515882709"
"GAV00110","15","262.5000","6009515874711"
"GAV00113","3","326.5000","6009515874728"
"GAV00114","2","326.5000","6009515874735"
"GAV00117","17","387.0000","6009515882716"
"GAV00118","7","420.0000","6009515882723"
"GAV00120","18","706.5000","6009515874742"
"GAV00121","19","772.5000","6009515882730"
"GAV00123","10","1086.0000","600951584759"
"GAV00138","19","268.0000","6009515882693"
"GAV01515","612","116.5000",""
"GAV01516","34","1041.5000",""
"GAV01517","0","491.5000",""
"GAV01518","77","491.5000",""
"GAV1000R-1","15","354.5000","8011275004169"
"GAV1000R-3","15","354.5000","8011275004183"
"GAV1006","270","28.6000","6009600405400"
"GAV1006-1","21","28.6000","6009515832759"
"GAV1006P","282","45.0000","6009600407749"
"GAV1008","2962","28.6000","6009600405417"
"GAV1008P","63","45.0000","6009600407756"
"GAV1010","1104","35.4000","6009600405424"
"GAV1010P","86","44.2000","6009600407763"
"GAV112-1","76","148.5000","6009515832773"
"GAV112-1P","10","166.0000","6009515815400"
"GAV112-2","69","151.5000","6009515832780"
"GAV112-2P","17","169.0000","6009515815417"
"GAV112-3","115","158.5000","6009515832797"
"GAV112-3P","13","171.0000","6009515815424"
"GAV112A-1","30","126.5000",""
"GAV112A-2","488","141.5000","6009515832803"
"GAV112A-2P","14","159.0000","6009515815431"
"GAV112C-1","23","146.5000",""
"GAV112C-2","181","159.0000","6009515832810"
"GAV112C-2P","14","176.5000","6009515815448"
"GAV112C-3","72","165.0000","6009515886967"
"GAV112C-3P","14","188.5000","6009515886974"
"GAV113-1","2448","31.4000","6009600405431"
"GAV113-1P","21","67.8000","6009600407770"
"GAV113-2","933","36.6000","6009515818753"
"GAV113-2P","4","83.4000","6009515815455"
"GAV113-3","25","50.2000","6009515832827"
"GAV113-3P","61","59.6000","6009515844288"
"GAV113A-1","1744","38.6000","6009600405448"
"GAV113A-1P","41","91.8000","6009600407787"
"GAV113A-2","523","38.6000","6009515832834"
"GAV113A-2P","14","91.8000","6009515815462"
"GAV113A-3","978","59.4000","6009515845254"
"GAV113C-1","98","38.6000","6009515832841"
"GAV113C-1P","-3","91.8000","6009515815479"
"GAV113C-2","830","38.6000","6009600405455"
"GAV113C-2P","42","91.8000","6009600407800"
"GAV113C-3","686","38.6000","6009600405479"
"GAV113C-3P","36","91.8000","6009600407817"
"GAV113C-4","286","61.6000","6009515832858"
"GAV113C-4P","18","130.5000","6009515815486"
"GAV1200R-1","13","557.5000","8011275009539"
"GAV1215-1","309","25.2000","6009515832865"
"GAV1215-1P","41","30.2000","6009515815547"
"GAV1215-2","732","37.4000","6009600404694"
"GAV1215-2P","65","40.4000","6009600407824"
"GAV1215-3","449","41.2000","6009600405486"
"GAV1215-3P","13","51.6000","6009600407831"
"GAV1215-4","411","37.4000","6009600405493"
"GAV1215-4P","91","47.0000","6009600407848"
"GAV1215-5","580","47.2000","6009600405509"
"GAV1215-5P","24","58.8000","6009600407855"
"GAV1215-6","881","82.4000","6009600405516"
"GAV1215-6P","55","103.0000","6009600407862"
"GAV1215-7","422","53.2000","6009600405523"
"GAV1215-7P","6","66.2000","6009600407879"
"GAV1215-8","667","82.4000","6009600405530"
"GAV1215-8P","64","103.0000","6009600407886"
"GAV1215-9","128","86.6000","6009515832872"
"GAV1215-9P","29","108.5000","6009515815554"
"GAV1217-1","736","25.4000","6009600405547"
"GAV1217-1P","82","32.2000","6009600407893"
"GAV1217-2","293","31.4000","6009600405554"
"GAV1217-2P","41","39.2000","6009600407909"
"GAV1217-3","237","56.2000","6009600405561"
"GAV1217-3P","23","71.2000","6009600407916"
"GAV1217-4","901","31.4000","6009600405578"
"GAV1217-4P","31","39.2000","6009600407923"
"GAV1217-5","1815","49.0000","6009600405585"
"GAV1217-5P","22","62.4000","6009600407930"
"GAV1217-6","813","49.0000","6009600405592"
"GAV1217-6P","48","62.4000","6009600407947"
"GAV1217-7","385","78.4000","6009675084166"
"GAV1217-7P","13","96.2000","6009515810801"
"GAV1217-8","295","152.5000","6009515816810"
"GAV1217-8P","43","178.5000","6009515816827"
"GAV1219-1","429","23.6000","6009600405608"
"GAV1219-1P","82","32.4000","6009600407954"
"GAV1219-2","4847","29.4000","6009600403710"
"GAV1219-2P","111","37.4000","6009600407961"
"GAV1219-3","1667","41.2000","6009600403741"
"GAV1219-3P","46","51.6000","6009600407978"
"GAV1219-4","767","64.8000","6009600405615"
"GAV1219-4P","62","81.0000","6009600407985"
"GAV1219-5","153","128.5000","6009515817398"
"GAV1219-5P","3","156.5000","6009515811600"
"GAV1220-1","1081","31.4000","6009600405622"
"GAV1220-1P","97","39.2000","6009600407992"
"GAV1220-2","321","35.4000","6009600405639"
"GAV1220-2P","66","44.8000","6009600408005"
"GAV1220-3","1186","41.2000","6009600404090"
"GAV1220-3P","60","51.6000","6009600408012"
"GAV1220-4","2950","59.8000","6009600404137"
"GAV1220-4P","83","75.0000","6009600408029"
"GAV1220-5","2011","61.6000","6009600405646"
"GAV1220-5P","23","77.6000","6009600408036"
"GAV1220-6","322","106.0000","6009675084210"
"GAV1220-6P","15","132.5000","6009515815561"
"GAV1224-1","561","21.2000","6009600405653"
"GAV1224-1P","50","26.8000","6009600408043"
"GAV1224-2","1644","23.0000","6009600404700"
"GAV1224-2P","30","29.4000","6009600408050"
"GAV1224-3","606","35.4000","6009600405660"
"GAV1224-3P","20","44.2000","6009600408067"
"GAV1224-4","505","53.2000","6009600405677"
"GAV1224-4P","24","67.0000","6009600408074"
"GAV1224-5","37","70.6000","6009515832889"
"GAV1224-5P","58","87.2000","6009515861087"
"GAV1225-2","158","29.0000","6009600405684"
"GAV1225-2P","14","36.2000","6009600408081"
"GAV1225-3","2128","35.4000","6009600404106"
"GAV1225-3P","123","44.2000","6009600408098"
"GAV1225-4","985","49.0000","6009600405691"
"GAV1225-4P","54","61.2000","6009600408104"
"GAV1225-5","1821","82.4000","6009600405707"
"GAV1225-5P","48","103.0000","6009600408111"
"GAV1226-2","542","29.4000","6009600405714"
"GAV1226-2P","61","37.0000","6009600408128"
"GAV1226-3","179","43.2000","6009600405721"
"GAV1226-3P","9","54.0000","6009600408135"
"GAV1226-4","219","70.6000","6009600405738"
"GAV1226-4P","23","88.4000","6009600408142"
"GAV1226-5","513","49.0000","6009600403758"
"GAV1226-5P","66","62.4000","6009600408159"
"GAV1226-6","1300","70.6000","6009600405745"
"GAV1226-6P","19","88.4000","6009600408166"
"GAV1226-7","696","76.6000","6009600405752"
"GAV1226-7P","89","95.4000","6009600408173"
"GAV1233-1","135","29.4000","6009515843045"
"GAV1233-10","91","82.4000","6009515832896"
"GAV1233-10P","7","103.0000","6009515810597"
"GAV1233-11","341","35.4000","6009515832902"
"GAV1233-11P","2","47.2000","6009515810603"
"GAV1233-12","59","47.2000","6009515832919"
"GAV1233-12P","10","58.8000","6009515812089"
"GAV1233-13","525","42.8000","6009515832926"
"GAV1233-1P","7","37.0000","6009515875220"
"GAV1233-2","609","35.4000","6009600403550"
"GAV1233-20","39","47.2000","6009515832933"
"GAV1233-20P","59","58.8000","6009515812096"
"GAV1233-2P","57","44.2000","6009600408180"
"GAV1233-3","439","32.8000","6009515832940"
"GAV1233-3P","8","45.8000","6009515861070"
"GAV1233-4","3631","35.8000","6009600403567"
"GAV1233-4P","72","44.8000","6009600408197"
"GAV1233-4PHC","48","71.4000","6009675084333"
"GAV1233-5","1549","49.0000","6009600405769"
"GAV1233-5P","64","61.2000","6009600408203"
"GAV1233-6","680","49.0000","6009600405776"
"GAV1233-6P","47","61.4000","6009600408210"
"GAV1233-7","307","70.6000","6009600405783"
"GAV1233-7P","73","88.4000","6009600408227"
"GAV1233-8","1916","35.4000","6009600405790"
"GAV1233-8P","56","47.2000","6009600408234"
"GAV1233-9","289","82.4000","6009515832957"
"GAV1233-9P","18","103.0000","6009515815622"
"GAV1234-1","981","41.2000","6009675084180"
"GAV1234-1P","60","51.8000","6009600409675"
"GAV1234-2","2352","43.8000","6009675084197"
"GAV1234-2P","18","54.8000","6009600409408"
"GAV1234-3","762","45.6000","6009675084203"
"GAV1234-3P","34","57.0000","6009675087655"
"GAV1238-1","488","30.4000","6009515833275"
"GAV1238-1P","8","38.0000","6006515815639"
"GAV1238-2","202","41.8000","6009515833282"
"GAV1238-2P","9","51.4000","6009515815646"
"GAV1238-4","303","60.6000","6009600409682"
"GAV1238-4P","15","70.6000","6009515815653"
"GAV1249-1","178","49.0000","6009515843052"
"GAV1249-2","299","64.8000","6009600409699"
"GAV1249-2P","48","78.4000","6009515810818"
"GAV1249-4","40","136.0000","6009515886981"
"GAV1249-4P","13","156.0000","6009515886998"
"GAV1250-2","1469","64.8000","6009600408883"
"GAV1250-2P","36","78.4000","6009600408890"
"GAV1250-4","58","130.0000","6009515887001"
"GAV1250-4P","12","156.0000","6009515887018"
"GAV1251-1","46","75.6000","6009515897840"
"GAV1251-1P","20","82.6000","6009515897857"
"GAV1251-2","693","88.4000","6009600408692"
"GAV1251-2P","19","106.0000","6009600408784"
"GAV1251-4","157","165.0000","6009515887025"
"GAV1251-4P","18","196.0000","6009515887032"
"GAV1252-2","208","88.4000","6009600408708"
"GAV1252-2P","22","106.0000","6009600408791"
"GAV1252-4","184","178.5000","6009515887049"
"GAV1252-4P","8","204.5000","6009515887056"
"GAV1253-2","388","82.4000","6009600408715"
"GAV1253-2P","15","98.8000","6009600408807"
"GAV1253-4","5","181.0000","6009515887063"
"GAV1253-4P","9","208.5000","6009515887070"
"GAV1254-2","151","141.5000","6009600408722"
"GAV1254-2P","20","155.5000","6009600408814"
"GAV1254-4","3","229.5000","6009515887087"
"GAV1254-4P","9","257.0000","6009515887094"
"GAV1255-2","428","64.8000","6009600408739"
"GAV1255-2P","59","77.6000","6009600408821"
"GAV1255-4","69","123.5000","6009515887223"
"GAV1255-4P","19","141.0000","6009515887230"
"GAV1256-2","168","82.4000","6009600404144"
"GAV1256-2P","35","98.8000","6009600408272"
"GAV1256-4","60","168.5000","6009515887100"
"GAV1256-4P","17","193.5000","6009515887117"
"GAV1257-2","351","82.4000","6009600408746"
"GAV1257-2P","11","98.8000","6009600408838"
"GAV1257-4","69","173.5000","6009515887124"
"GAV1257-4P","22","201.0000","6009515887131"
"GAV1258-2","420","91.2000","6009600408753"
"GAV1258-2P","58","107.0000","6009600408845"
"GAV1258-4","53","173.5000","6009515887148"
"GAV1258-4P","5","201.0000","6009515887155"
"GAV1259-2","257","135.5000","6009600406186"
"GAV1259-2P","8","149.0000","6009600408289"
"GAV1259-4","18","222.0000","6009515887162"
"GAV1259-4P","10","247.0000","6009515887179"
"GAV1260-2","460","76.6000","6009600409705"
"GAV1260-2P","5","88.4000","6009600408296"
"GAV1260-4","38","212.0000","6009515833299"
"GAV1260-4P","14","228.0000","6009515810825"
"GAV1261-2","223","82.4000","6009515833305"
"GAV1261-2P","16","98.0000","6009515812102"
"GAV1261-4","100","158.5000","6009515887186"
"GAV1261-4P","0","184.5000","6009515887193"
"GAV1262-2","261","132.0000","6009515833312"
"GAV1262-2P","2","151.0000","6009515861094"
"GAV1262-4","12","222.0000","6009515887209"
"GAV1262-4P","9","226.5000","6009515887216"
"GAV1265-2","219","271.0000","6009515833329"
"GAV1265-2P","7","288.5000","6009515815660"
"GAV1265-3","189","276.0000","6009515870904"
"GAV1265-3P","13","292.5000","6009515815677"
"GAV1265-4","198","450.5000","6009515874698"
"GAV1266-2","397","278.0000","6009515833336"
"GAV1266-2P","5","294.0000","6009515815684"
"GAV1266-3","142","287.0000","6009515870911"
"GAV1266-4","0","456.0000","6009515874704"
"GAV1267-1","24","211.0000","6009515874780"
"GAV1267-2","150","242.5000","6009515833343"
"GAV1267-2P","20","258.5000","6009515815707"
"GAV1267-3","2","204.0000","6009515874766"
"GAV1267-4","34","232.0000","6009515874773"
"GAV1268-1","16","211.0000","6009515874797"
"GAV1268-2","222","255.0000","6009515833350"
"GAV1268-2P","10","271.0000","6009515815714"
"GAV1268-3","2","212.0000","6009515874803"
"GAV1268-4","21","232.0000","6009515874810"
"GAV1269-2","179","15.4000","6009515833367"
"GAV1269-2P","13","33.4000","6009675088362"
"GAV1269-3","580","15.4000","6009515833374"
"GAV1269-3P","2","33.4000","6009675088379"
"GAV1500R-1","3","360.0000","8011275001502"
"GAV1500R-2","1","360.0000","8011275001519"
"GAV1500R-3","9","360.0000","8011275001526"
"GAV1500R-4","1","360.0000","8011275001533"
"GAV1500R-5","13","360.0000","8011275001540"
"GAV1500R-6","6","360.0000","8011275001557"
"GAV1600R-1","1","517.0000","8011275020176"
"GAV162 OR","0","87.8000",""
"GAV162-11","3","87.8000",""
"GAV162-12","3","66.6000",""
"GAV162-13","3","175.5000",""
"GAV162-15","137","19.6000",""
"GAV162-16","6","23.2000",""
"GAV162-1A 1.5","10","108.0000",""
"GAV162-1A 1.8","5","130.0000",""
"GAV162-1A 2.0","2","130.0000",""
"GAV162-1A 2.2","7","130.0000",""
"GAV162-1A 2.5","-2","136.0000",""
"GAV162-23","225","19.6000",""
"GAV162-3 1.2","2","96.6000",""
"GAV162-3 1.5","32","96.6000",""
"GAV162-3 1.8","2","103.5000",""
"GAV162-3 2.2","4","92.6000",""
"GAV162-3 2.5","10","96.6000",""
"GAV162-4","11","21.6000","6009600407312"
"GAV162-5","14","21.6000",""
"GAV162-7","182","23.2000",""
"GAV162A","117","729.0000","8011275005173"
"GAV162A 2.5","10","136.0000",""
"GAV162A-1","7","59.6000","6009515902100"
"GAV162A-19","136","19.6000",""
"GAV162A-20","10","44.0000",""
"GAV162A-24","0","26.6000",""
"GAV162A-25-26","17","192.5000","6009600407237"
"GAV162A-5-6-7","13","70.2000",""
"GAV162B","26","988.5000","8011275002479"
"GAV162B-1","7","74.2000","6009515902094"
"GAV162B-2","78","19.6000",""
"GAV162B-25","10","35.6000","6009600407213"
"GAV162B-26","99","34.8000",""
"GAV162B-28","34","212.0000","6009600407220"
"GAV162C","82","1306.5000","8011275002493"
"GAV162C-1","8","63.6000","6009515902087"
"GAV162DS","24","1702.0000","8011275002486"
"GAV162DS-1","10","116.0000","6009515902070"
"GAV162DS-25","16","49.2000",""
"GAV162DS-28","4","52.8000",""
"GAV162DS-32","0","352.5000",""
"GAV164A","-16","846.0000","8011275003056"
"GAV166A","73","652.5000","8011275003049"
"GAV166A-1","4","123.0000",""
"GAV166A-1-2-3","1","183.5000","6009675087495"
"GAV166A-2","50","23.2000",""
"GAV166A-3","77","44.4000",""
"GAV166B","68","677.5000","8011275003087"
"GAV167A","104","710.5000","8011275003063"
"GAV167A-15","530","62.6000",""
"GAV167B","22","772.0000","8011275003070"
"GAV180-25","12","76.2000",""
"GAV180-29","61","18.8000","6009600405820"
"GAV180-3","20","53.2000","6009600405837"
"GAV180-34","1","122.5000",""
"GAV180-4","29","30.4000","6009600405844"
"GAV180-5","9","30.4000","6009600405851"
"GAV180-6","16","63.0000","6009600405868"
"GAV180-7","2","63.0000","6009600405875"
"GAV180-8","11","13.5000","6009600405882"
"GAV187-25","11","102.0000",""
"GAV188-25","16","101.0000",""
"GAV200-1","54","44.8000","6009600405899"
"GAV200-10","6","67.6000","6009600405905"
"GAV200-11","7","32.4000","6009600405912"
"GAV200-25","5","205.5000",""
"GAV200-29","5","19.8000","6009600405929"
"GAV200-3","10","142.0000","6009600405936"
"GAV200-30","17","87.4000","6009600405943"
"GAV200-32","13","12.8000",""
"GAV200-33","14","24.0000",""
"GAV200-35","27","629.5000",""
"GAV200-36","78","19.5000",""
"GAV200-4","32","96.8000","6009600405950"
"GAV200-5","19","43.2000","6009600405967"
"GAV200-6","0","42.2000","6009600405974"
"GAV200-7-8","6","111.0000","6009675086900"
"GAV2000ECO","9","2200.5000","8011275006750"
"GAV2000ECO-1","10","97.0000","6009515902032"
"GAV2000ECO-7","0","37.8000",""
"GAV2000R","6","1517.0000","8011275001458"
"GAV2000R 1.8","0","1517.0000","8011275001465"
"GAV2000R 2","1","1517.0000","8011275001472"
"GAV2000R 2.2","0","1517.0000","8011275001489"
"GAV2000R 2.5","4","1452.0000","8011275001496"
"GAV2200ECO","1","1827.0000","8011275002530"
"GAV2200ECO-1","10","75.2000","6009515902049"
"GAV22A","707","123.0000","6009600406001"
"GAV22AP","36","137.5000","6009600407114"
"GAV23-1","5511","28.2000","6009600403574"
"GAV23-1P","115","67.8000","6009600407060"
"GAV23-2","683","38.6000","6009600406018"
"GAV23-2P","25","84.6000","6009515839390"
"GAV23A-1","5209","40.8000","6009600403581"
"GAV23A-1P","118","88.8000","6009600407077"
"GAV23A-2","613","42.8000","6009600406025"
"GAV23A-2P","34","91.8000","6009515843762"
"GAV23C 10MM","657","39.8000","6009600406032"
"GAV23C 6MM","1073","39.8000","6009600403598"
"GAV23C 8MM","1384","39.8000","6009600403604"
"GAV23C10MMP","57","84.6000","6009600407107"
"GAV23C6MMP","59","84.6000","6009600407084"
"GAV23C8MMP","68","84.6000","6009600407091"
"GAV300-25","12","181.5000",""
"GAV4-17-18","0","45.6000",""
"GAV4000-1","100","524.0000","6009515812126"
"GAV4000-2","214","524.0000","6009515812133"
"GAV4000-3","39","524.0000","6009515812140"
"GAV4000A-1","197","524.0000","6009515812157"
"GAV4000A-2","80","546.5000","6009515812164"
"GAV4100-1","73","93.2000","6009515812171"
"GAV4100-2","24","114.5000","6009515812188"
"GAV4100-3","62","160.0000","6009515812195"
"GAV4100A-1","27","157.0000","6009515812201"
"GAV4100A-2","72","159.5000","6009515861193"
"GAV4100C-1","83","144.5000","6009515812225"
"GAV4100C-2","4","144.5000","6009515812232"
"GAV43-1","100","50.2000","6009600406063"
"GAV43-1P","23","112.0000","60095158815882"
"GAV43-2","35","47.6000","6009600406070"
"GAV4500-1","108","370.5000","6009515874360"
"GAV4500-A1","108","370.5000","6009515874377"
"GAV4500-C2","134","370.5000","6009515874384"
"GAV4500-C3","39","370.5000","6009515874391"
"GAV4600-1","316","65.2000","6009515874407"
"GAV4600-A1","155","83.8000","6009515874414"
"GAV46A","35","63.2000","6009515874421"
"GAV46AP","13","127.5000","6009515815905"
"GAV46F 6MM","57","27.2000","6009600403697"
"GAV46F 8MM","123","27.2000","6009600403611"
"GAV46F6P","15","60.6000","6009600408241"
"GAV46F8P","16","60.6000","6009600408258"
"GAV47A 1-4","183","41.2000","6009600406117"
"GAV47A 1-4P","6","51.8000","6009515815912"
"GAV49A","17","27.4000","6009600403727"
"GAV49A 3-8","129","32.4000","6009600406131"
"GAV49A 3-8P","35","49.6000",""
"GAV49AP","0","51.8000","6009600408265"
"GAV5000-1","8","655.0000","6009515896423"
"GAV5000-2","5","817.5000","6009515896430"
"GAV5000-3","13","1146.5000","6009515896447"
"GAV5000-4","8","1470.0000","6009515896454"
"GAV5000-5","6","655.0000","6009515896461"
"GAV54A","130","31.4000","6009600406148"
"GAV54A2","242","35.4000","6009675084173"
"GAV54A2P","13","59.2000","6009515815929"
"GAV54A3","238","43.0000","6009515833381"
"GAV54A3P","15","57.2000","6009515815936"
"GAV54AP","44","55.4000","6009600408326"
"GAV57A-2","15","83.2000",""
"GAV57A-2P","10","107.0000","6009515815950"
"GAV5800-1","167","154.5000","6009515896294"
"GAV5800-2","90","154.5000","6009515896300"
"GAV5800-3","432","166.5000","6009515896317"
"GAV5800-A1","192","159.0000","6009515862008"
"GAV5800-A2","162","155.5000","6009515896324"
"GAV5800-A3","188","164.0000","6009515896331"
"GAV5800-C1","74","168.5000","6009515896348"
"GAV5800-C2","56","168.5000","6009515896355"
"GAV5800-C3","56","176.0000","6009515896362"
"GAV5810-1","-9","41.2000","6009515868574"
"GAV5810-2","97","45.4000","6009515896379"
"GAV5810-3","157","90.6000","6009515896386"
"GAV5810-A1","33","41.2000","6009515855932"
"GAV5810-A2","62","45.4000","6009515896393"
"GAV5810-A3","110","82.0000","6009515896409"
"GAV5810-C1","219","30.2000","6009515896416"
"GAV5810-C2","105","35.4000","6009515868581"
"GAV5810-C3","160","58.8000","6009515868598"
"GAV5820-V2","119","548.5000","6009515861995"
"GAV5820-V3","134","731.5000",""
"GAV5834-1","-4","37.6000","6009515901196"
"GAV5834-2","176","43.2000","6009515855925"
"GAV5834-3","122","48.0000","6009515901202"
"GAV5834-4","3","50.2000","6009515901219"
"GAV5834-5","168","53.2000","6009515874438"
"GAV5834-6","178","58.4000","6009515901226"
"GAV5835-1","1","41.8000","6009515901233"
"GAV5835-2","147","49.0000","6009515874445"
"GAV5835-3","100","51.8000","6009515901240"
"GAV5835-4","1","55.2000","6009515901257"
"GAV5836-2","145","43.2000","6009515855918"
"GAV60A","250","212.0000","8011275002028"
"GAV60A-2","112","156.5000","6009675088423"
"GAV60AP","38","311.0000","8011275001632"
"GAV60AP KIT","0","378.5000","8011275001724"
"GAV60AP S","30","62.2000",""
"GAV60AP UV","4","105.5000",""
"GAV60AP-PROMO","20","5640.5000","8011275011150"
"GAV60AP150","28","324.0000","6009515874667"
"GAV60AP500","13","610.5000","6009515874674"
"GAV60AP800","-2","854.0000","6009515874681"
"GAV60APKIT","33","377.5000","8011275011150"
"GAV60AS","0","271.0000","8011275048033"
"GAV60B","251","264.5000","8011275002813"
"GAV60B-2","0","237.0000","6009515812249"
"GAV60C","33","283.5000","6009515812256"
"GAV60D","181","619.5000","8011275002356"
"GAV60E","149","72.0000","8011275004602"
"GAV60E - 6","156","76.8000","8011275002035"
"GAV60E-1","81","226.5000","8011275007696"
"GAV60E-1 6","7","228.0000","8011275010870"
"GAV60E-2","113","336.0000","6009675088386"
"GAV60EP","21","78.2000","6009600407121"
"GAV60F","78","482.5000","8011275001915"
"GAV60G","6","1439.0000","8011275002400"
"GAV60GD","12","2935.0000","8011275031035"
"GAV61A","25","850.0000","8011275003117"
"GAV61A-2","35","745.5000","6009515812263"
"GAV61AC","10","485.0000","8011275001397"
"GAV61ACG","10","610.5000","8011275011013"
"GAV61B","119","481.0000","8011275003155"
"GAV61B-2","52","424.5000","6009600406179"
"GAV61B1-2","64","59.0000","6009515840228"
"GAV800F","16","98.2000","6009600408678"
"GAV900F","36","156.0000","6009600408661"
"GIO AF01","337","61.6000","6009515807375"
"GIO AF01P","6","69.0000","6009515874605"
"GIO AF02","-28","65.8000","6009515807092"
"GIO AF02P","1","72.0000","6009515874612"
"GIO AF03","324","66.8000","6009515826512"
"GIO AF03P","6","73.0000","6009515874629"
"GIO CONDOR MDR1","-1","541.5000","4014502212140"
"GIO CONDOR MDR2","0","833.0000","4014502213826"
"GIO CONDOR MDR3-1","10","2501.0000","4014502217657"
"GIO CONDOR MDR3-2","-1","2605.5000","4014502217626"
"GIO106A","29","239.0000","6009515874452"
"GIO106B","9","308.0000","6009515874469"
"GIO4002-1","165","94.0000","6009600406209"
"GIO4002-1P","10","103.5000","6009600408302"
"GIO4002-2","318","177.5000","6009600406216"
"GIO4002-2P","1","193.0000","6009600408319"
"GIO4002-3","132","207.5000","6009600408944"
"GIO4002-3P","6","218.0000","6009515855635"
"GIO4002-4","0","818.5000",""
"GIO4002-5","0","818.5000",""
"GIO4003-1","258","99.2000","6009515862015"
"GIO4003-1P","19","109.5000","6009515874483"
"GIO4003-2","95","167.0000","6009515855949"
"GIO4003-3","156","162.0000","6009515874490"
"GIO4003-4","274","203.5000","6009515874506"
"GIO4004-1","-1","2549.0000","6009675088324"
"GIO4004-2","33","3518.5000","6009675088331"
"GIO4101","22","57.4000","6009515874513"
"GIO4102","14","15.7000","6009515874520"
"GIO4110-1","244","573.5000","6009600406223"
"GIO4110-2","191","620.5000","6009600406230"
"GIO4110-3","44","635.0000","6009600408913"
"GIO4110-4","89","672.5000","6009600408920"
"GIO4110-5","0","239.0000","6009515893965"
"GIO4110-6","50","193.0000","6009600408937"
"GIO4110-7","45","172.5000","6009515893972"
"GIO4110-8","3590","15.7000","6009515893989"
"GIO4110-9","52","151.5000","6009515893996"
"GIO4111-1","243","708.0000","6009600407305"
"GIO4111-2","125","709.0000","6009600402997"
"GIO4111-3","0","152.5000","6009515894009"
"GIO4111-4","7","164.0000","6009515894016"
"GIO4112-1","12","2497.0000","6009600409422"
"GIO4112-2","23","2705.5000","6009600409439"
"GIO4112-3","23","2709.5000","6009600409446"
"GIO4113-1","12","1563.0000","6009515809171"
"GIO4113-2","24","2084.0000","6009515809188"
"GIO4113-3","21","2605.5000","6009515861209"
"GIO4113-4","19","2709.5000","6009515809201"
"GIO4113-5","15","2709.5000","6009515809218"
"GIO4113-6","19","2814.0000","6009515809225"
"GIO4113-7","-5","2814.0000","6009515809232"
"GIO4113-8","77","2814.0000","6009515809249"
"GIO5000","17","66.6000","6009600409224"
"GIO5000-1","0","21.0000","6009515874537"
"GL01","39","207.5000","6009515805401"
"GL02","420","207.5000","6009515805418"
"GL03","393","207.5000","6009515805425"
"GL04","274","207.5000","6009515805432"
"GL05","-1","207.5000","6009515808143"
"GL10","329","245.0000","6009515820565"
"GL100","211","624.5000","6009515882860"
"GL101","67","624.5000","6009515882877"
"GL102","276","624.5000","6009515882884"
"GL103","173","624.5000","6009515882891"
"GL104","194","624.5000","6009515882907"
"GL11","350","245.0000","6009515820572"
"GL110","207","781.0000","6009515882914"
"GL111","182","781.0000","6009515882921"
"GL112","159","781.0000","6009515882938"
"GL113","173","781.0000","6009515882945"
"GL114","210","781.0000","6009515882952"
"GL12","240","245.0000","6009515820589"
"GL120","194","407.0000","6009515882969"
"GL121","153","407.0000","6009515882976"
"GL122","49","407.0000","6009515883973"
"GL123","108","407.0000","6009515883980"
"GL124","164","407.0000","6009515883997"
"GL13","172","245.0000","6009515820596"
"GL130","1873","177.5000","6009515911249"
"GL131","1880","177.5000","6009515911256"
"GL132","1915","177.5000","6009515911263"
"GL19","91","391.0000","6009515844486"
"GL20","270","391.0000","6009515820602"
"GL21","228","391.0000","6009515820619"
"GL22","82","391.0000","6009515820626"
"GL23","206","391.0000","6009515820633"
"GL24","167","391.0000","6009515840426"
"GL29","83","391.0000","6009515844493"
"GL30","246","391.0000","6009515830793"
"GL31","218","391.0000","6009515820640"
"GL32","187","416.0000","6009515820657"
"GL33","121","416.0000","6009515820664"
"GL34","18","416.0000","6009515820671"
"GL41","51","260.0000","6009515840457"
"GL42","55","260.0000","6009515840464"
"GL43","214","260.0000","6009515840471"
"GL44","54","260.0000","6009515840488"
"GL47","66","260.0000","6009515840518"
"GL48","242","260.0000","6009515840525"
"GL49","140","260.0000","6009515840532"
"GL50","49","155.5000","6009515844387"
"GL51","357","155.5000","6009515844394"
"GL52","21","155.5000","6009515844400"
"GL53","96","155.5000","6009515844417"
"GL54","208","155.5000","6009515844424"
"GL60","40","155.5000","6009515844431"
"GL61","203","155.5000","6009515844448"
"GL62","250","155.5000","6009515844455"
"GL63","371","155.5000","6009515844462"
"GL64","293","155.5000","6009515844479"
"GL70","375","182.5000","6009515844509"
"GL71","473","182.5000","6009515844516"
"GL72","492","182.5000","6009515844523"
"GL73","200","182.5000","6009515844530"
"GL74","316","182.5000","6009515844547"
"GL80","126","312.0000","6009515857257"
"GL81","47","312.0000","6009515857264"
"GL82","88","312.0000","6009515857271"
"GL83","116","312.0000","6009515857288"
"GL84","147","312.0000","6009515857295"
"GL85","58","312.0000","6009515857301"
"HC103-127","69","25.0000","6009515897123"
"HC11-20","2653","12.6000","6009515830915"
"HC11-23","5916","13.4000","6009515830922"
"HC110-133","1002","26.2000","6009515897130"
"HC116-140","494","26.6000","6009515897147"
"HC122-146","1010","27.2000","6009515897154"
"HC129-152","1000","28.6000","6009515897161"
"HC135-159","653","29.4000","6009515897178"
"HC14-27","3096","10.9000","6009515830908"
"HC17-32","5669","12.1000","6009515830939"
"HC19-38","4674","12.5000","6009515830946"
"HC21-44","2611","12.6000","6009515830953"
"HC27-51","3209","14.7000","6009515830960"
"HC33-57","6767","14.6000","6009515830977"
"HC40-64","4698","14.1000","6009515833022"
"HC46-70","2042","16.3000","6009515832964"
"HC52-76","2389","16.9000","6009515832971"
"HC59-83","1376","17.4000","6009515832988"
"HC6-17","27520","9.4000","6009675084357"
"HC6-17P","2626","18.1000","6009675084371"
"HC6-22","3407","9.8000","6009515850982"
"HC6-22P","637","9.8000","6009515832711"
"HC65-89","786","18.6000","6009515832995"
"HC71-95","858","20.0000","6009515833008"
"HC78-102","2122","20.3000","6009515833015"
"HC8-27","2928","10.5000","6009515832728"
"HC84-108","674","23.0000","6009515897093"
"HC90-114","598","23.6000","6009515897109"
"HC97-121","425","24.2000","6009515897116"
"HCHD104-112","-36","61.8000","6009515897031"
"HCHD113-121","186","62.6000","6009515897048"
"HCHD122-130","174","65.0000","6009515897055"
"HCHD131-139","1394","89.8000","6009515897062"
"HCHD140-148","415","86.8000","6009515897079"
"HCHD149-161","283","95.0000","6009515897086"
"HCHD17-19","1357","24.6000","6009515866303"
"HCHD20-22","2031","24.4000","6009515866310"
"HCHD23-25","990","24.8000","6009515860493"
"HCHD26-28","2588","25.0000","6009515860509"
"HCHD29-31","2903","29.2000","6009515860653"
"HCHD32-35","1037","28.8000","6009515860516"
"HCHD36-39","2169","33.8000","6009515860523"
"HCHD40-43","2531","31.4000","6009515860530"
"HCHD44-47","4327","35.2000","6009515860547"
"HCHD48-51","2163","37.6000","6009515860554"
"HCHD52-55","2561","39.0000","6009515866327"
"HCHD56-59","16134","45.0000","6009515860561"
"HCHD60-63","4680","41.4000","6009515860578"
"HCHD64-67","946","44.0000","6009515860585"
"HCHD68-73","2452","47.6000","6009515860592"
"HCHD74-79","2873","51.4000","6009515860608"
"HCHD80-85","2018","55.0000","6009515860615"
"HCHD86-91","760","54.0000","6009515860622"
"HCHD92-97","333","55.2000","6009515860639"
"HCHD98-103","284","56.4000","6009515860646"
"HCRL006","983","12.0000","6009515896966"
"HCRL008","1298","12.6000","6009515896973"
"HCRL010","106","13.3000","6009515896980"
"HCRL012","635","13.8000","6009515896997"
"HCRL013","423","14.4000","6009515897000"
"HCRL016","275","15.8000","6009515897017"
"HCRL018","1079","17.3000","6009515897024"
"HCRL022","324","19.4000","6009515902445"
"HCRL028","470","24.2000","6009515902452"
"HCSH10-16","2248","11.9000","6009515896812"
"HCSH100-120","711","23.2000","6009515896959"
"HCSH12-20","2618","12.3000","6009515896829"
"HCSH12-22","1316","12.3000","6009515896836"
"HCSH16-25","1863","12.7000","6009515896843"
"HCSH16-27","576","12.9000","6009515896850"
"HCSH20-32","2028","14.8000","6009515896867"
"HCSH25-40","1136","15.4000","6009515896874"
"HCSH32-50","2244","16.2000","6009515896881"
"HCSH40-60","2726","17.7000","6009515896898"
"HCSH50-70","620","18.3000","6009515896904"
"HCSH60-80","1065","18.9000","6009515896911"
"HCSH70-90","1184","19.6000","6009515896928"
"HCSH8-12","1725","11.9000","6009515896805"
"HCSH80-100","1131","20.8000","6009515896935"
"HCSH90-110","1138","21.8000","6009515896942"
"HCSS11-20","646","26.6000","6009515871178"
"HCSS11-23","1979","25.4000","6009515871185"
"HCSS14-27","668","26.6000","6009515871192"
"HCSS17-32","635","26.6000","6009515871208"
"HCSS19-38","945","27.6000","6009515871215"
"HCSS21-44","72","27.6000","6009515871222"
"HCSS27-51","687","29.0000","6009515871239"
"HCSS33-57","383","30.2000","6009515871246"
"HCSS40-64","977","31.2000","6009515871253"
"HCSS46-70","274","32.4000","6009515871260"
"HCSS65-89","130","35.0000","6009515871277"
"HCSS71-95","437","35.0000","6009515871284"
"HCSS78-102","525","36.2000","6009515871291"
"HD102","141","109.0000","6009515850609"
"HPBBB002","181","88.8000","088682790204"
"HPBBB012","128","328.5000","088682791218"
"HPBBC002","183","103.5000","0123456789321"
"HPBBC012","83","360.0000","088682791201"
"HPCB0008","123","228.5000","088682080336"
"HPCBC012","68","255.5000","088682791225"
"HPCS0014","110","729.0000","088682120018"
"HPFW0002","74","114.0000","088682020110"
"HPFW0004","227","151.5000","088682040118"
"HPFW0008","62","276.5000","088682080114"
"HPFW0016","117","433.0000","088682160113"
"HPFW0064","38","1350.5000","088682064114"
"HPLC0002","117","109.5000","6009515854904"
"HPLC0008","212","312.0000","088682110026"
"HPLM0008","41","260.0000","088682080886"
"HPLM0016","52","416.0000","088682160885"
"HPLTC016","182","360.0000","088682110033"
"HPOR0004","176","124.5000","088682040224"
"HPOR0008","51","276.5000","088682080220"
"HPORS016","83","412.0000","088682162223"
"HPRF1008","-17","308.0000","088682080015"
"HPRF2008","110","308.0000","088682080022"
"HPRF3008","38","339.0000","088682080039"
"HPRF4008","7","308.0000","088682080046"
"HPRF5008","32","308.0000","088682080053"
"HPRF6008","51","297.5000","088682080060"
"HPRF7008","43","297.5000","088682080077"
"HPRF8008","66","297.5000","088682080084"
"HPRF9008","0","297.5000","088682080091"
"HPRS0008","68","227.0000","088682162254"
"HPSP0008","28","207.5000","088682080442"
"HPSSC016","65","412.0000","088682780168"
"HPSWAX16","79","495.5000","088682520016"
"HPWAX009","90","485.0000","088682790907"
"HPWF0032","54","495.5000","088682320104"
"HR20215","93","2605.5000","6009515810566"
"HR26230","43","5628.5000","6009515817817"
"HR61020-1","3","235.0000",""
"JAP 1","23","206.0000","6009600404236"
"JAP 10","120","44.4000","6009600404304"
"JAP 2","90","217.5000","6009600404243"
"JAP 20","115","58.8000","6009600404311"
"JAP 3","157","194.5000","6009600404250"
"JAP 30","151","64.8000","6009515833398"
"JAP A1","167","217.5000","6009600404267"
"JAP A10","64","58.8000","6009600404328"
"JAP A2","65","223.5000","6009600404274"
"JAP A20","28","58.8000","6009515886950"
"JAP C1","26","212.0000","6009515886943"
"JAP C10","46","41.2000","6009600404335"
"JAP C2","80","212.0000","6009600404281"
"JAP C20","184","53.2000","6009515833404"
"JAP C3","111","212.0000","6009600404298"
"JAP C30","156","53.2000","6009515839369"
"JJBS18","2816","141.0000","6009515807535"
"JT995002","1516","349.0000","6009600403666"
"JT995003","636","266.0000","6009515904241"
"JT995022","653","178.5000","6009600403673"
"KN004","406","346.5000","6009515844783"
"KN005","-84","280.5000","6009515903541"
"KN006","-60","297.5000","6009515910952"
"KN3486","-29","386.5000","6009515826260"
"KN8126FI","2","438.0000","6009515827472"
"KN8129S","610","603.5000","6009515826253"
"KN8154","226","372.0000","6009515826246"
"KN8155","583","277.0000","6009515827465"
"KNTB007TB","0","114.3100","6009515915179"
"KP COL","233","142.0000","6009600400016"
"KP GRUB","2","7.3000","6009600400023"
"KP GRUB-1","106","7.3000","6009515904289"
"KP RC","20","33.0000","6009600408876"
"KP RC-2","27","33.0000","6009515839338"
"KP TGV01","6","2299.0000","6009515904272"
"KP002","19","267.0000","6009600404632"
"KP003E","51","2140.0000","6009515865634"
"KP003G","87","2005.5000","6009515865641"
"KP003J","82","2538.0000","6009515865658"
"KP003K","69","2130.0000","6009515865665"
"KP10","9","1799.0000","6009600400030"
"KP100 1-2","238","145.0000","6009600400047"
"KP100 3-8","181","145.0000","6009600400054"
"KP100 5-8","69","195.0000","6009600402850"
"KP1001","16","549.0000","6009600400061"
"KP1002","18","609.0000","6009600400078"
"KP1003","37","729.0000","6009600400085"
"KP101","28","169.0000","6009600400092"
"KP102","7","169.0000","6009600400108"
"KP103510","23","1349.0000","6009675088799"
"KP10353","43","1349.0000","6009675088775"
"KP10354","12","1499.0000","6009675088782"
"KP104459","123","599.0000","6009600400115"
"KP107021","27","459.0000","6009600400122"
"KP107041","17","589.0000","6009600400139"
"KP10MM","25","235.0000","6009600400146"
"KP10MM L","112","235.0000","6009600407022"
"KP1101","-17","539.0000","6009600400153"
"KP1102","25","539.0000","6009600400160"
"KP1103","69","539.0000","6009600400177"
"KP1104","99","539.0000","6009600400184"
"KP1134105","20","589.0000","6009600404014"
"KP1134113","46","639.0000","6009600404021"
"KP113453","54","275.0000","6009600404533"
"KP113455","57","459.0000","6009600404038"
"KP113457","65","509.0000","6009600404793"
"KP113487","16","509.0000","6009600404069"
"KP113495","11","559.0000","6009600404007"
"KP114013","46","399.0000","6009600409729"
"KP114033","79","399.0000","6009600409736"
"KP114053","17","459.0000","6009515815219"
"KP114063","18","579.0000","6009600409743"
"KP115415","13","329.0000","6009600403499"
"KP115434","34","409.0000","6009515815202"
"KP115437","87","569.0000","6009515817619"
"KP115439","103","799.0000","6009515839314"
"KP115455","17","475.0000","6009600409750"
"KP115457","17","575.0000","6009600404045"
"KP115459","12","859.0000","6009600404052"
"KP115465","26","595.0000","6009600409767"
"KP115469","34","899.0000","6009600403994"
"KP116011","26","459.0000","6009600404557"
"KP116031","12","529.0000","6009600406292"
"KP12","19","1750.0000","6009600400191"
"KP1200","84","459.0000","6009600407015"
"KP120041","141","399.0000","6009600406643"
"KP1201","66","475.0000","6009600400207"
"KP1202","2","499.0000","6009600400214"
"KP1203","77","569.0000","6009600400221"
"KP1204","67","589.0000","6009600400238"
"KP120451","119","499.0000","6009600406100"
"KP120461","108","569.0000","6009600403291"
"KP1205","40","659.0000","6009600400245"
"KP1206","18","469.0000","6009600405097"
"KP1207","23","499.0000","6009600405103"
"KP1208","26","569.0000","6009600405110"
"KP1209","33","579.0000","6009600405127"
"KP1210","43","689.0000","6009600400252"
"KP1211","21","849.0000","6009600409354"
"KP1212","59","1299.0000","6009600400269"
"KP1213","12","1699.0000","6009600400276"
"KP1214","21","1699.0000","6009600403178"
"KP1215","11","1799.0000","6009600408999"
"KP122009","49","379.0000","6009600409613"
"KP122421","105","759.0000","6009675082209"
"KP122441","44","849.0000","6009600406636"
"KP12MM","122","235.0000","6009600400283"
"KP12MM L","88","249.0000","6009600400290"
"KP13","9","1799.0000","6009600400306"
"KP130007","22","275.0000","6009600403390"
"KP14MM","10","265.0000","6009600407244"
"KP14MM L","1","265.0000","6009600400313"
"KP1501","33","265.0000","6009600400320"
"KP1502","16","260.0000","6009600400337"
"KP1503","50","260.0000","6009600400344"
"KP152007","250","345.0000","6009600400351"
"KP1601","22","539.0000","6009600400368"
"KP1602","60","739.0000","6009600400375"
"KP1603","23","569.0000","6009600400382"
"KP1604","16","759.0000","6009600400399"
"KP16MM","10","275.0000","6009600400405"
"KP16MM L","54","285.0000","6009600400412"
"KP16MML-2","9","485.0000","6009600406612"
"KP17","7","1999.0000","6009600400429"
"KP17022060","11","569.0000","6009600400436"
"KP1703","24","699.0000","6009600400443"
"KP1705","11","1150.0000","6009600400450"
"KP17MM","65","299.0000","6009600400467"
"KP17MM L","69","305.0000","6009600400474"
"KP18","8","1999.0000","6009600400481"
"KP1812","11","899.0000","6009600400498"
"KP1812-S","14","915.0000","6009515807658"
"KP1813","18","999.0000","6009675083497"
"KP18232010","5","1195.0000","6009600400504"
"KP18MM","49","339.0000","6009600400511"
"KP18MM L","40","399.0000","6009600400528"
"KP19","15","1899.0000","6009600400535"
"KP19MM","32","329.0000","6009600400542"
"KP19MM L","14","345.0000","6009600400559"
"KP19MM L-2","73","499.0000","6009600406674"
"KP2","23","1950.0000","6009600400566"
"KP20","26","1650.0000","6009600400573"
"KP201","119","219.0000","6009600400580"
"KP201041","22","539.0000","6009600400597"
"KP201A","67","235.0000","6009600400603"
"KP201L","60","235.0000","6009600400610"
"KP202","68","235.0000","6009600400627"
"KP202011","62","429.0000","6009600400634"
"KP202A","36","235.0000","6009600400641"
"KP202L","39","249.0000","6009600400658"
"KP203","74","235.0000","6009600400665"
"KP203021","7","599.0000","6009600400672"
"KP203411","9","469.0000","6009600400689"
"KP203431","14","729.0000","6009600400702"
"KP203A","11","249.0000","6009600400719"
"KP203L","43","249.0000","6009600400726"
"KP204","71","235.0000","6009600400733"
"KP204L","51","235.0000","6009600400740"
"KP205","55","235.0000","6009600400757"
"KP205L","87","249.0000","6009600400764"
"KP205LA","61","529.0000","6009600403109"
"KP206","89","259.0000","6009600400771"
"KP206L","36","259.0000","6009600400788"
"KP207","80","275.0000","6009600400795"
"KP207L","35","285.0000","6009600400801"
"KP208","56","329.0000","6009600400818"
"KP208041","23","629.0000","6009600400825"
"KP208L","52","325.0000","6009600400832"
"KP209","135","369.0000","6009600400849"
"KP209011","38","329.0000","6009600400856"
"KP209021","19","379.0000","6009600400863"
"KP209L","40","385.0000","6009600400870"
"KP20MM","74","359.0000","6009600400887"
"KP20MM L","0","375.0000","6009600402843"
"KP210","120","395.0000","6009600400894"
"KP210011","24","345.0000","6009600400900"
"KP210021","20","385.0000","6009600400917"
"KP210031","21","729.0000","6009600400924"
"KP210041","13","649.0000","6009600400931"
"KP210L","25","419.0000","6009600400948"
"KP211011","27","389.0000","6009600400955"
"KP211021","18","569.0000","6009600400962"
"KP211031","8","829.0000","6009600400979"
"KP211431","8","699.0000","6009600400986"
"KP211432","22","1499.0000","6009515800505"
"KP212011","20","339.0000","6009600400993"
"KP212021","15","559.0000","6009600401006"
"KP212031","12","799.0000","6009600404441"
"KP212431","8","249.0000","6009600404458"
"KP212441","10","299.0000","6009600404465"
"KP212441-2","9","349.0000","6009515904265"
"KP212461","28","385.0000","6009600404472"
"KP212481","16","399.0000","6009600404489"
"KP212491","8","529.0000","6009600404120"
"KP213011","10","575.0000","6009600401013"
"KP213041","12","1150.0000","6009600401020"
"KP215411","16","769.0000","6009600401037"
"KP216021","38","399.0000","6009600403512"
"KP216461","26","939.0000","6009600403529"
"KP22MM L-2","6","569.0000","6009600406681"
"KP23062010","28","999.0000","6009600401044"
"KP23062020","17","1099.0000","6009600401051"
"KP234011B","11","499.0000","6009600403222"
"KP234021B","15","749.0000","6009600403239"
"KP234411","25","449.0000","6009600403246"
"KP234421B","25","799.0000","6009600403352"
"KP234431B","27","1299.0000","6009600403260"
"KP236011B","19","499.0000","6009600403277"
"KP236021B","19","749.0000","6009600403284"
"KP238431","11","1099.0000","6009600403642"
"KP24132010","-6","439.0000","6009600401068"
"KP24152010","24","739.0000","6009600401075"
"KP25MM L-2","59","575.0000","6009600406698"
"KP2601","25","1599.0000","6009600401082"
"KP2801","39","499.0000","6009600401099"
"KP2802","23","499.0000","6009600401105"
"KP2803","31","549.0000","6009600401112"
"KP2804","21","575.0000","6009600401129"
"KP2805","12","699.0000","6009600401136"
"KP2806","16","575.0000","6009600405059"
"KP2807","17","499.0000","6009600405066"
"KP2808","23","599.0000","6009600405073"
"KP2809","22","599.0000","6009600405080"
"KP2810","16","675.0000","6009600401143"
"KP2812","22","1299.0000","6009600401150"
"KP2813","-4","1699.0000","6009600401167"
"KP2814","13","1650.0000","6009600403185"
"KP301","73","329.0000","6009600403123"
"KP302","276","349.0000","6009600401174"
"KP303","107","329.0000","6009600401181"
"KP303011","34","929.0000","6009600401198"
"KP303021","29","949.0000","6009600401204"
"KP303031","30","1049.0000","6009600401211"
"KP303421","20","949.0000","6009600401228"
"KP303431","10","1099.0000","6009600401235"
"KP304","265","359.0000","6009600401242"
"KP305","57","399.0000","6009600406124"
"KP306031","60","569.0000","6009600401259"
"KP308","140","475.0000","6009600401266"
"KP308431","25","759.0000","6009600408562"
"KP308441","22","759.0000","6009600403345"
"KP309011","26","999.0000","6009600401273"
"KP309021","17","1049.0000","6009600401280"
"KP309411","16","999.0000","6009600401297"
"KP309421","12","1050.0000","6009600401303"
"KP3103","65","549.0000","6009600401310"
"KP310471","13","1450.0000","6009675081530"
"KP311011","25","799.0000","6009600401327"
"KP311021","23","899.0000","6009600401334"
"KP311031","36","1049.0000","6009600401341"
"KP313011","24","899.0000","6009600401358"
"KP313021","19","939.0000","6009600401365"
"KP313031","16","999.0000","6009600401372"
"KP313421","26","949.0000","6009600401389"
"KP313431","19","999.0000","6009600401396"
"KP315011","34","999.0000","6009600401402"
"KP315411","12","999.0000","6009600401419"
"KP316021","19","675.0000","6009600401426"
"KP318421","59","695.0000","6009515826734"
"KP319021","20","559.0000","6009600401433"
"KP319031","7","629.0000","6009600401440"
"KP319041","17","659.0000","6009600401457"
"KP320011","14","699.0000","6009600401464"
"KP3201","27","575.0000","6009515805500"
"KP3202","11","575.0000","6009600401471"
"KP328041","18","659.0000","6009600401488"
"KP329031","2","659.0000","6009600401495"
"KP330031","9","699.0000","6009600401501"
"KP3301","20","275.0000","6009600401518"
"KP332011","8","1049.0000","6009600403659"
"KP3401","27","999.0000","6009600401525"
"KP3402","4","999.0000","6009600401532"
"KP3403","7","1049.0000","6009600401549"
"KP3404","19","1049.0000","6009600401556"
"KP3501","18","575.0000","6009600401563"
"KP3502","39","575.0000","6009600401570"
"KP3503","20","589.0000","6009600401587"
"KP3503-1","40","175.0000","6009515801939"
"KP3503-2","17","169.0000","6009515802905"
"KP3503-3","10","169.0000","6009515804381"
"KP3503-4","21","169.0000","6009515805272"
"KP3503-5","22","169.0000","6009600406322"
"KP3503-6","19","169.0000","6009600406339"
"KP3504","29","585.0000","6009600404496"
"KP3505","21","1799.0000","6009515871314"
"KP3506","23","1799.0000","6009515871321"
"KP351441","10","1799.0000","6009600401594"
"KP351451","9","1799.0000","6009600401600"
"KP351461","17","1799.0000","6009600401617"
"KP353011","8","1699.0000","6009600401624"
"KP355411","10","2099.0000","6009600401631"
"KP357411","16","1799.0000","6009600401648"
"KP358011","31","1049.0000","6009600403000"
"KP358411","22","1049.0000","6009600406308"
"KP360011","11","1049.0000","6009600403024"
"KP3601","26","999.0000","6009600401655"
"KP3602","18","999.0000","6009600401662"
"KP360411","15","1049.0000","6009600403031"
"KP368031","20","649.0000","6009600403536"
"KP368461","11","899.0000","6009600405042"
"KP370021","29","749.0000","6009600403628"
"KP3701","32","1049.0000","6009600401679"
"KP3702","15","1049.0000","6009600401686"
"KP370451","7","999.0000","6009600403635"
"KP372451","14","1049.0000","6009600403048"
"KP372461","4","1199.0000","6009600403055"
"KP3801","16","1175.0000","6009600401693"
"KP387","17","1549.0000","6009600401709"
"KP3901","20","999.0000","6009600401716"
"KP3902","13","999.0000","6009600401723"
"KP3MM","85","169.0000","6009600401730"
"KP3MM-2","43","399.0000","6009600406605"
"KP400","0","219.0000","6009515802783"
"KP401","12","219.0000","6009600403130"
"KP402","-7","219.0000","6009600401747"
"KP402441","7","1899.0000","6009600403406"
"KP403451","8","1899.0000","6009600401754"
"KP404011","9","1599.0000","6009600401761"
"KP404441","14","2099.0000","6009600403383"
"KP407","14","219.0000","6009600401778"
"KP408451","8","2199.0000","6009600403437"
"KP4101","35","479.0000","6009600401785"
"KP4102","8","479.0000","6009600401792"
"KP4103","17","479.0000","6009600401815"
"KP4104","24","489.0000","6009600401822"
"KP410411","17","2999.0000","6009600401839"
"KP412411","10","1599.0000","6009600406452"
"KP412431","14","2099.0000","6009600403482"
"KP413611","21","2699.0000","6009600401846"
"KP4301","19","239.0000","6009600401860"
"KP4302","6","1499.0000","6009515815189"
"KP452411","18","2099.0000","6009600403376"
"KP47111","33","375.0000","6009675088751"
"KP47113","10","369.0000","6009675088768"
"KP49230","91","775.0000","6009515800475"
"KP49232","22","1299.0000","6009515800482"
"KP49234","16","1699.0000","6009515800499"
"KP49570","6","775.0000","6009675088836"
"KP49572","10","1299.0000","6009675088843"
"KP49574","14","1699.0000","6009675088850"
"KP4MM","120","219.0000","6009600401877"
"KP4MM-2","54","549.0000","6009600406742"
"KP5","23","1950.0000","6009600401884"
"KP501011","50","329.0000","6009600401891"
"KP520411","23","2599.0000","6009600404847"
"KP530011","6","1199.0000","6009600403970"
"KP530411","3","1199.0000","6009600403987"
"KP532011","16","1599.0000","6009515810788"
"KP532411","3","1999.0000","6009515810795"
"KP532511","10","1699.0000","6009515897284"
"KP532611","9","1799.0000","6009515897291"
"KP532711","7","2199.0000","6009515897307"
"KP53800","21","675.0000","6009675088812"
"KP53802","7","949.0000","6009675088829"
"KP542411","11","2599.0000","6009600403369"
"KP542411-1","21","449.0000","6009600406650"
"KP546","29","1799.0000","6009600401907"
"KP5503","15","1799.0000","6009600403147"
"KP551","8","1699.0000","6009600401914"
"KP551-1","9","299.0000","6009600401921"
"KP551-2","13","429.0000","6009600404762"
"KP551-3","9","749.0000","6009600404779"
"KP551-4","9","269.0000","6009600404786"
"KP551-5","14","649.0000","6009600404755"
"KP551-6","54","145.0000","6009515904579"
"KP551-7","29","639.0000","6009600403451"
"KP551-8","7","439.0000","6009600409477"
"KP570811","16","529.0000","6009515840761"
"KP570821","7","529.0000","6009515839512"
"KP570831","20","539.0000","6009515839345"
"KP570841","13","539.0000","6009515807009"
"KP570851","17","539.0000","6009515809881"
"KP57136","34","1499.0000","6009675088805"
"KP580011","52","169.0000","6009515839321"
"KP580021","22","140.0000","6009675083992"
"KP580061","52","140.0000","6009600403444"
"KP580081","37","199.0000","6009515876180"
"KP580091","40","229.0000","6009600406704"
"KP5901","31","899.0000","6009600401938"
"KP5MM","79","219.0000","6009600401945"
"KP5MM-2","38","219.0000","6009600406582"
"KP5MM-3","19","589.0000","6009600406599"
"KP601201","5","2299.0000","6009600406728"
"KP601204","17","2299.0000","6009600406629"
"KP601209","19","2499.0000","6009600406667"
"KP601210","10","2699.0000","6009600406735"
"KP604411-21","25","2999.0000","6009600401952"
"KP607441","13","1799.0000","6009600401969"
"KP609011","48","1199.0000","6009600401976"
"KP609011-1","18","219.0000","6009600409002"
"KP609011-2","9","229.0000","6009600407268"
"KP609411","11","1199.0000","6009600403062"
"KP686","30","1899.0000","6009600401983"
"KP689","11","1925.0000","6009600401990"
"KP6MM","473","249.0000","6009600402003"
"KP6MM L","116","249.0000","6009600404526"
"KP7004","31","729.0000","6009600402010"
"KP7004-1","13","599.0000","6009600406346"
"KP7004-2","18","175.0000","6009600406353"
"KP7004-3","15","175.0000","6009600406315"
"KP7004-4","20","175.0000","6009600409262"
"KP7004-5","15","219.0000","6009515805296"
"KP7005","55","479.0000","6009515815196"
"KP701","7","385.0000","6009600402027"
"KP702","22","439.0000","6009600402034"
"KP703","7","485.0000","6009600402041"
"KP706","25","849.0000","6009600402058"
"KP708010","22","1799.0000","6009600403192"
"KP733040","8","4499.0000","6009515813314"
"KP800020","24","89.0000","6009515904258"
"KP801","55","269.0000","6009600402065"
"KP802","10","329.0000","6009600402072"
"KP803","72","349.0000","6009600402089"
"KP804","33","469.0000","6009600402096"
"KP805","7","599.0000","6009600402102"
"KP831010","4","1899.0000","6009600402119"
"KP844","11","899.0000","6009515871345"
"KP845","9","749.0000","6009515871338"
"KP846","22","1799.0000","6009600402126"
"KP847","31","1799.0000","6009600403949"
"KP848","22","1999.0000","6009600402133"
"KP851","23","1799.0000","6009600402140"
"KP851-1","22","249.0000","6009600403703"
"KP853","34","1599.0000","6009600402157"
"KP859","9","2399.0000","6009600402164"
"KP863060","3","2999.0000","6009600402171"
"KP863120","7","3299.0000","6009600402188"
"KP8MM","205","229.0000","6009600402195"
"KP9","20","1999.0000","6009600402201"
"KP90","10","1899.0000","6009600402218"
"KP901","4","529.0000","6009600402225"
"KP902","6","575.0000","6009600403154"
"KP904","67","626.0000","6009600402232"
"KP906","56","1499.0000","6009600409460"
"KP907","-2","1750.0000","6009600409484"
"KP908","59","1431.5000","6009515901509"
"KP93","15","1799.0000","6009600402249"
"KP99","15","4299.0000","6009600402256"
"KPCF-02A","11","3999.0000","6009600403963"
"KPCF-02C","10","3799.0000","6009600403956"
"KPEWB24","0","671.0000","6009600403093"
"KPFB358","6","2257.0000","600960040473"
"KPFJ-01","-1","2399.0000","6009600402263"
"KPFJ-02","5","1021.5000","6009600402270"
"KPS4603","8","1699.0000","6009600402287"
"KPS5503","13","1799.0000","6009600402294"
"KPS5901","36","765.5000","6009600402300"
"KPS6102","2","1599.0000","6009600403208"
"KPS6104","0","1550.0000","6009600402317"
"KPS6105","0","1550.0000","6009600403215"
"KR CAP-WHT-50","12","233.5000","647096800437"
"KR D6X2","78","151.5000","647096342135"
"KR DDS","60","115.5000","647096345112"
"KR KBC3","0","942.0000","0647096806095"
"KR KBC6","2","1472.0000","0647096806101"
"KR KBCIC","78","459.5000","0647096807542"
"KR KCS-SHIMS","47","548.0000","0647096811983"
"KR KDG-6000","85","248.0000","0647096810962"
"KR KDRV-90DG","83","718.5000","0647096810979"
"KR KDRV-FLIP","17","440.5000","647096810986"
"KR KFS-PUCK","8","603.0000","0647096810955"
"KR KHC-MICRO","24","510.5000","647096806026"
"KR KHC-PREMIUM","171","881.0000","647096800581"
"KR KHC3","130","1134.0000","647096806033"
"KR KHC3-INT","108","1134.0000","647096807382"
"KR KHC6","327","951.5000","0647096806040"
"KR KHCCC","110","1286.5000","0647096807535"
"KR KHCRA","37","1325.0000","647096806088"
"KR KHI-BIT","1","609.0000","0647096806675"
"KR KHI-CDIJ","34","1030.0000","647096811044"
"KR KHI-PULL","178","904.0000","0647096806637"
"KR KHI-SLIDE","53","903.0000","0647096806644"
"KR KJD DECKBIT","38","468.5000","647096801755"
"KR KJDECKSYS20","110","1290.0000","0647096810740"
"KR KJDHD","37","655.5000","647096802813"
"KR KJDHD-1","98","468.5000",""
"KR KJDHD-2","94","85.4000",""
"KR KJHD","183","1407.0000","647096802790"
"KR KLTJ100","93","6985.0000","0647096813246"
"KR KLTJ100-1","29","1712.0000","0647096813345"
"KR KLTJ100-2","27","1712.0000","0647096813352"
"KR KLTJ100-3","26","1712.0000","0647096813369"
"KR KMA2685-INT","69","1126.5000","0647096807184"
"KR KMA2700","28","2231.5000","0647096807177"
"KR KMA2750","21","2405.5000","0647096808907"
"KR KMA2800","6","932.5000","647096801731"
"KR KMA2900","14","412.0000","647096801717"
"KR KMA3000","28","737.5000","0647096810870"
"KR KMA3225","26","1070.5000","647096810993"
"KR KMA3232","3","1166.0000","647096811006"
"KR KMA3700","3","5114.5000","0647096808891"
"KR KMA4500","46","1256.0000","0647096810504"
"KR KMM1000","44","302.5000","0647096811549"
"KR KMM1000LZ","10","726.0000","0647096811556"
"KR KMS7520","5","597.0000","0647096807221"
"KR KMS7728","-4","311.5000","647096514181"
"KR KMS7729","42","311.5000","647096514198"
"KR KMS7800","8","636.0000","647096511159"
"KR KMS7801","12","755.5000","647096511111"
"KR KPC1020","35","888.0000","647096806774"
"KR KPC1040","41","923.0000","647096806781"
"KR KPC1060","37","993.0000","647096806798"
"KR KPHA110-INT","143","504.0000","0647096809645"
"KR KPHA300","110","537.5000","0647096809584"
"KR KPHA308-INT","27","551.0000","0647096809652"
"KR KPHA330","600","120.0000","0647096809591"
"KR KPHA530","104","1058.0000","647096810627"
"KR KPHA540","39","501.5000","647096810719"
"KR KPHA540-INT","17","501.5000","0647096811761"
"KR KPHA730","73","1058.0000","647096810603"
"KR KPHA740","71","1476.0000","647096810610"
"KR KPHA750","112","1581.5000","647096810726"
"KR KPHA760","37","317.0000","647096810733"
"KR KPHJ310-INT","123","664.5000","647096809621"
"KR KPHJ320-INT","13","1132.5000","0647096809638"
"KR KPHJ520PRO-INT","169","2097.0000","647096810665"
"KR KPHJ720-INT","128","2700.5000","647096810696"
"KR KPHJ720PRO-INT","29","4508.0000","647096810702"
"KR KPHJ920","27","1504.5000","647096811068"
"KR KVGC12","3","846.5000","647096811808"
"KR KVGC24","1","1003.5000","647096811839"
"KR KVGC6","9","658.0000","647096811778"
"KR KWS500","22","4721.0000","0647096807856"
"KR MKJKIT","55","483.0000","647096232115"
"KR NK9016","12","116.5000","6009515887933"
"KR P-PIN","205","281.5000","647096331658"
"KR P-PNT","56","197.5000","647096332112"
"KR PRS1015","5","5436.5000","647096805364"
"KR PRS1025","2","5170.0000","647096805371"
"KR PRS1045","0","17333.5000","647096805388"
"KR PRS3020","8","1146.5000","647096711177"
"KR PRS3040","18","586.5000","647096711153"
"KR PRS3050","2","689.5000","647096802639"
"KR PRS4034","0","2255.0000","0647096806859"
"KR PRS5000","4","9859.5000","647096807863"
"KR R3-INT","394","759.0000","0647096807290"
"KR SDK-C2SS-700","278","1463.5000","647096802004"
"KR SDK-C2W-700","75","770.0000","647096801762"
"KR SK03","75","739.5000","647096800321"
"KR SK04","11","295.0000","647096807498"
"KR SML-C1-100","9","112.0000","647096413118"
"KR SML-C1-500","-4","496.5000","647096413125"
"KR SML-C125-100","108","126.5000","647096413217"
"KR SML-C125-1200","0","1069.5000","647096805876"
"KR SML-C125-250","18","332.5000","647096805715"
"KR SML-C125-500","60","513.5000","647096413224"
"KR SML-C125B-100","16","186.5000","647096415013"
"KR SML-C150-100","106","136.0000","647096413316"
"KR SML-C150-250","0","352.5000","647096805722"
"KR SML-C150-500","4","604.0000","647096413323"
"KR SML-C150-500-INT","1307","604.0000","647096808266"
"KR SML-C150B-100","51","188.5000","647096415044"
"KR SML-C2-250","208","416.5000","647096420024"
"KR SML-C2-50","65","93.0000","647096420017"
"KR SML-C250-250","8","535.0000","647096413453"
"KR SML-C250-50","74","135.5000","647096413415"
"KR SML-C250B-250","18","643.5000","647096415792"
"KR SML-C2B-250","5","529.5000","647096415082"
"KR SML-C2B-50","254","46.6000","647096415075"
"KR SML-C2X250-125","17","549.0000","647096802837"
"KR SML-C2X250-30","211","57.2000","647096802820"
"KR SML-C4X400-30","0","144.5000","647096811099"
"KR SML-C4X400-75","15","331.0000","647096811105"
"KR SML-F125-100","123","138.0000","647096414214"
"KR SML-F125-1200","19","961.0000","0647096805913"
"KR SML-F125-500","15","577.5000","647096414221"
"KR SML-F150-100","-24","123.0000","647096414313"
"KR SML-F150-500","0","582.0000","647096414320"
"KR SPS-C1-100","13","112.0000","647096412418"
"KR SPS-C1-500","2","612.5000","647096412425"
"KR SPS-F075-100","33","89.4000","647096801359"
"KR SPS-F1-100","149","129.0000","647096411114"
"KR SPS-F1-500","3","614.5000","647096411121"
"KT1115","346","203.5000","6009515825133"
"KT2105","322","173.5000","6009515858933"
"KT2106","301","273.0000","6009515858940"
"KT2108","333","620.5000","6009515819484"
"KT2222","356","317.5000","6009515836573"
"KT2301","586","341.5000","6009515816681"
"KT2313","776","344.0000","6009515842321"
"KT2314","562","1761.0000","6009515898533"
"KT2467","671","167.0000","6009515816667"
"KT2467-1","472","167.0000","6009515823153"
"KT2468","607","314.5000","6009515816674"
"KT2502","63","103.0000","6009515867737"
"KT2503","3939","128.0000","6009515910709"
"KT2504","4506","82.4000","6009515906702"
"KT2551","1344","120.0000","6009515841195"
"KT2552","-99","265.0000","6009515816650"
"KT2554","542","89.8000","6009515859008"
"KT2573","287","668.5000","6009515819460"
"KT2574","1158","772.5000","6009515910716"
"KT2675","124","262.5000","6009515819453"
"KT2676","447","297.5000","6009515895631"
"KT2677","92","1036.5000","6009515824716"
"KT2677-1","140","35.0000","600951589423"
"KT2677-2","320","35.0000","600951589430"
"KT2789","139","1913.0000","6009515858971"
"KT4001-2","809","47.8000","6009515859671"
"KT5001","399","1244.5000","6009515842956"
"KT5001-1","223","46.2000","6009515836023"
"KT6231","1269","326.0000","6009515859657"
"KT6242","1215","307.0000","6009515849245"
"KT6243","142","952.0000","6009515904647"
"KT6254","-3","927.0000","6009515875305"
"KT7124","1006","235.0000","6009515825126"
"M1010","3","133.5000","8011017090009"
"M1020","3","133.5000","8011017090016"
"M1030","4","139.5000","8011017090092"
"M1050","5","139.5000","8011017090108"
"M1065","0","224.5000","8011017092928"
"M1070","9","144.0000","8011017090023"
"M1080","5","144.0000","8011017090030"
"M1100","20","139.5000","8011017090115"
"M1105","14","224.5000","8011017092935"
"M1120","9","167.5000","8011017090047"
"M1130","5","167.5000","8011017090054"
"M1140","13","139.5000","8011017090122"
"M1170","6","144.0000","8011017090061"
"M1190","-1","139.5000","8011017090139"
"M1240","13","139.5000","8011017090146"
"M1270","20","143.0000","8011017090078"
"M1310","4","139.5000","8011017090153"
"M1340","21","126.5000","8011017090085"
"M1370","8","139.5000","8011017090160"
"M1375","10","167.5000","8011017092942"
"M1510","4","221.5000","8011017090177"
"M1520","3","537.0000","8011017090184"
"M1540","2","202.0000","8011017090191"
"M1550","12","537.0000","8011017090207"
"M1560","7","221.5000","8011017090214"
"M1570","2","537.0000","8011017090221"
"M1580","9","537.0000","8011017090238"
"M1710","13","255.5000","8011017090320"
"M1720","15","255.5000","8011017090337"
"M1750","21","170.5000","8011017090344"
"M1770","6","221.5000","8011017090351"
"M1905","1","117.0000","8011017090245"
"M1915","9","117.0000","8011017090269"
"M1925","14","117.0000","8011017090276"
"M1935","8","117.0000","8011017090283"
"M1950","7","117.0000","8011017090290"
"M1970","9","117.0000","8011017090306"
"M1980","3","174.0000","8011017090313"
"M2010","2","98.0000","8011017090368"
"M2025","2","98.0000","8011017090375"
"M2040","5","98.0000","8011017090382"
"M2055","4","97.8000","8011017090399"
"M2070","5","108.5000","8011017090405"
"M2085","18","117.5000","8011017090412"
"M2100","12","117.5000","8011017090429"
"M2115","4","117.5000","8011017090436"
"M2130","30","117.5000","8011017090443"
"M2145","18","117.5000","8011017090450"
"M2160","4","117.5000","8011017090467"
"M2175","6","117.5000","8011017090474"
"M2190","5","117.5000","8011017090481"
"M2205","5","117.5000","8011017090498"
"M2220","5","117.5000","8011017090504"
"M2235","13","117.5000","8011017090511"
"M2410","10","129.5000","8011017090528"
"M2420","6","129.5000","8011017090535"
"M2435","18","129.5000","8011017090542"
"M2450","19","129.5000","8011017090559"
"M2465","8","129.5000","8011017090566"
"M2480","9","129.5000","8011017090573"
"M2510","11","68.2000","8011017090580"
"M2520","8","74.8000","8011017090597"
"M2610","7","65.4000","8011017090603"
"M2620","3","72.0000","8011017090610"
"M2630","11","65.4000","8011017090627"
"M2640","8","65.4000","8011017090634"
"M2710","20","133.5000","8011017090641"
"M2715","9","133.5000","8011017090658"
"M2720","10","133.5000","8011017090665"
"M2910","4","206.0000","8011017090672"
"M3020","9","155.5000","8011017090689"
"M3030","3","117.5000","8011017090696"
"M3210","7","104.5000","8011017090702"
"M3220","13","66.4000","8011017090719"
"M3230","18","66.4000","8011017090726"
"M3610","8","82.2000","8011017090733"
"M3620","15","111.0000","8011017090740"
"M3630","11","111.0000","8011017090757"
"M3640","10","82.2000","8011017092959"
"M3650","11","104.5000","8011017092966"
"M3660","13","104.5000","8011017092973"
"M3670","13","81.8000","8011017092980"
"M3680","8","104.5000","8011017092997"
"M3690","6","104.5000","8011017093000"
"M4005","11","68.2000","8011017090764"
"M4010","9","119.5000","8011017090771"
"M4015","12","102.5000","8011017090788"
"M4020","-7","218.5000","8011017090795"
"M4055","0","71.4000","8011017090801"
"M4060","0","119.5000","8011017090818"
"M4065","5","102.5000","8011017090825"
"M4070","10","221.5000","8011017090832"
"M4105","22","57.2000","8011017090849"
"M4110","7","102.0000","8011017090856"
"M4115","14","79.4000","8011017090863"
"M4120","11","177.0000","8011017090870"
"M4155","20","50.6000","8011017090887"
"M4160","24","95.2000","8011017090894"
"M4165","7","79.4000","8011017090900"
"M4170","17","171.5000","8011017090917"
"M4305","23","92.4000","8011017090924"
"M4310","9","92.4000","8011017090931"
"M4505","5","95.2000","8011017090948"
"M4510","8","95.2000","8011017090955"
"M4515","7","95.2000","8011017090962"
"M4595","11","76.6000","8011017090979"
"M4605","10","82.2000","8011017090986"
"M4610","4","82.2000","8011017090993"
"M4615","8","82.2000","8011017091006"
"M4680","11","278.5000","8011017091013"
"M4810","20","111.0000","8011017091020"
"M4820","7","88.6000","8011017091037"
"M4830","22","145.5000","8011017091044"
"M4840","7","111.0000","8011017091051"
"M4850","11","171.5000","8011017091068"
"M4905","17","124.0000","8011017091075"
"M4910","18","124.0000","8011017091082"
"M4915","11","124.0000","8011017091099"
"M5010","3","167.5000","8011017091105"
"M5030","18","119.5000","8011017091112"
"M5035","8","520.0000","8011017091129"
"M5050","44","105.5000","8011017091136"
"M5130","5","54.4000","8011017091143"
"M5405","7","163.5000","8011017091150"
"M5410","19","180.5000","8011017091167"
"M5415","6","202.0000","8011017091174"
"M5710","6","144.0000","8011017091181"
"M5715","7","180.5000","8011017093314"
"M5720","17","218.5000","8011017093321"
"M5750","6","163.5000","8011017093338"
"M5905","2","156.5000","8011017093345"
"M5910","22","119.5000","8011017093352"
"M5915","20","245.5000","8011017093369"
"M6005","25","60.8000","8011017091198"
"M6006","14","60.8000","8011017091204"
"M6008","24","60.8000","8011017091211"
"M6010","9","60.8000","8011017091228"
"M6012","8","60.8000","8011017091235"
"M6015","19","60.8000","8011017091242"
"M6020","8","63.4000","8011017091259"
"M6024","5","66.4000","8011017091266"
"M6030","10","70.2000","8011017091273"
"M6100","14","250.5000","8011017091396"
"M6206","18","85.8000","8011017091280"
"M6208","33","85.8000","8011017091297"
"M6210","26","85.8000","8011017091303"
"M6212","6","85.8000","8011017091310"
"M6215","45","85.8000","8011017091327"
"M6220","7","85.8000","8011017091334"
"M6501","117","1223.0000","6009515815127"
"M6502","15","1246.5000","6009515817626"
"M6504","45","1597.0000","6009515815134"
"M8010","5","219.0000","8011017093017"
"M8020","7","187.5000","8011017093024"
"M8100","14","57.2000","8011017091358"
"M8120","7","54.2000","8011017091372"
"M8210","11","471.5000","8011017093031"
"M8230","1","449.5000","8011017093048"
"M8250","17","756.0000","8011017093055"
"M8270","3","787.0000","8011017093062"
"M8500","3","537.0000","8011017091426"
"M8550","4","392.5000","8011017091389"
"M8560","6","408.5000","8011017093376"
"M8750","6","427.0000","8011017093383"
"M8775","10","464.5000","8011017093574"
"M8822","29","68.2000","8011017600000"
"M8857","26","131.5000","8011017600208"
"M9200","2","787.5000","8011017091488"
"MAD15","75","181.5000","6009675087938"
"MAD16","19","195.0000","6009675087945"
"MAD17","478","201.5000","6009675087952"
"MAD18","451","189.0000","6009675087969"
"MAD19","43","208.5000","6009675087976"
"MAD20","-1","235.0000","6009675087983"
"MAD22","268","248.5000","6009675087990"
"MAD25","375","275.0000","6009675088003"
"MAD32","81","355.5000","6009675088027"
"MAD35","7","369.0000","6009675088034"
"MAG A20","0","21891.5000",""
"MAG A30","19","23976.5000","0633955693005"
"MAG A45","0","30227.5000","0633955693012"
"MAG A60","5","41695.0000","00769946786149"
"MAG A80","-1","47954.0000","00769946786132"
"MAG TRA209","-1","1354.5000","755652848493"
"MAG TRA211","0","1354.5000","755652828990"
"MAG TRA309","-4","1354.5000","755652848509"
"MAG TRA311","-4","1354.5000","755652829010"
"MAG TRA313","-3","1354.5000","755652829027"
"MAG TRA315","0","1458.5000","755652829034"
"MAG TRA411","-2","1354.5000","755652829041"
"MAG TRA413","-2","1354.5000","755652829058"
"MAG TRA415","1","1250.0000","755652828891"
"MAG TRA417","-1","1250.0000","755652828884"
"MAG TRA515","1","1250.0000","755652828914"
"MAG TRA517","0","1250.0000","755652828921"
"MAG TRA519","-1","1250.0000","755652828938"
"MAG TRA521","-3","1250.0000","755652828945"
"MAG TRA619","5","1250.0000","755652828969"
"MAG TRA621","-2","1250.0000","755652828976"
"MAG107589","6","801.0000",""
"MAG107590","6","1041.5000","633955451377"
"MAG107591","6","801.0000","633955252264"
"MAG111600","1","260.0000","633955582996"
"MAG115094","1","2084.0000","00633955896208"
"MAG115095","1","1354.5000","00633955896215"
"MAG115489","1","328.5000","633955930209"
"MAG115648","1","468.5000","00633955918603"
"MAG116295","1","416.0000","633955709331"
"MAG118899","0","395.5000","633955049826"
"MAG119276","5","166.0000","633955059528"
"MAG129882","12","61.6000",""
"MAG156971","0","260.0000","633955608146"
"MAG15R602","1","624.5000",""
"MAG15X737","1","260.0000",""
"MAG16D951","5","781.0000","633955154094"
"MAG16E778","3","4169.0000","633955578999"
"MAG16E844","1","2084.0000","633955578296"
"MAG16E845","1","2292.5000","633955578234"
"MAG16F047","1","9381.5000","633955578432"
"MAG16G223","1","6254.0000","633955597327"
"MAG16G227","4","8339.0000","633955596627"
"MAG16G228","5","10424.0000","633955596634"
"MAG16W318","1","3648.0000",""
"MAG16W319","1","207.5000",""
"MAG16W362","1","520.5000",""
"MAG16W860","0","9381.5000","633955671218"
"MAG16X295","1","18764.0000","633955673328"
"MAG16Y425","20","51.2000",""
"MAG17A226","37","312.0000",""
"MAG17C487","1","20849.0000","633955694095"
"MAG17F758","1","21891.5000","755652361206"
"MAG17H171","1","5211.5000","755652333043"
"MAG17J174","1","1041.5000",""
"MAG17J874","1","26061.5000","755652351887"
"MAG17J875","1","20849.0000","755652351894"
"MAG17J876","1","2605.5000","755652351900"
"MAG17J878","1","2084.0000","755652351924"
"MAG17J880","1","2084.0000","755652351931"
"MAG17J881","0","312.0000","755652351948"
"MAG17J885","8","10424.0000","755652351986"
"MAG17L083","1","31274.0000","755652359647"
"MAG17P712","2","151.5000",""
"MAG17R821","10","937.5000",""
"MAG187625","1","510.0000","633955588868"
"MAG18B057","22","729.0000",""
"MAG18B260","1","7296.5000","755652963097"
"MAG18F519","15","833.0000",""
"MAG18F520","16","833.0000",""
"MAG194503","1","207.5000",""
"MAG195084","1","155.5000","633955930322"
"MAG195108","1","155.5000","633955930339"
"MAG195400","1","395.5000","633955930384"
"MAG197607","1","1041.5000","633955978942"
"MAG2004277","17","729.0000",""
"MAG218131","32","312.0000","633955129740"
"MAG218133","-4","312.0000","633955280977"
"MAG235014","0","4169.0000","633955349100"
"MAG238049","-1","364.0000","633955609204"
"MAG243012","6","7818.0000","633955916326"
"MAG243080","7","729.0000","633955917224"
"MAG243081","1","833.0000","633955917231"
"MAG243161","1","2084.0000","633955912946"
"MAG243281","15","1146.0000","633955920934"
"MAG243295","6","3022.5000","633955920958"
"MAG243296","5","3856.5000","633955920965"
"MAG243297","6","4482.0000","633955920972"
"MAG243298","2","4586.0000","633955920989"
"MAG244512","0","8339.0000","633955975699"
"MAG245397","0","22934.0000","633955776913"
"MAG245673","0","1041.5000","633955810174"
"MAG245856","2","5733.0000","633955836044"
"MAG246187","1","182.5000",""
"MAG246286","1","12509.0000","633955884618"
"MAG247339","33","3335.0000","633955019270"
"MAG247340","8","4899.0000","633955022553"
"MAG24E578","2","239.0000","633955592346"
"MAG24F530","0","3126.5000",""
"MAG24U668","0","520.5000","633955681422"
"MAG24U669","0","520.5000","633955681439"
"MAG24V073","1","1563.0000","633955684850"
"MAG24V074","1","2292.5000","633955684867"
"MAG24Y329","1","729.0000","755652278320"
"MAG24Y472","0","5524.5000","755652300700"
"MAG253574","14","833.0000","633955203761"
"MAG257020","1","2084.0000",""
"MAG258200","1","5211.5000","755652701934"
"MAG26D361","36","5211.5000","0769946803679"
"MAG287030","1","5524.5000","633955916562"
"MAG288686","1","1354.5000",""
"MAG288716","4","568.5000","633955224841"
"MAG288747","8","287.0000","633955109421"
"MAG289107","1","3126.5000","633955238008"
"MAT CM-A1","-8","997.5000","091511300703"
"MAT CM-A2","19","517.0000","091511300710"
"MAT CM-A3","69","260.5000","091511300390"
"MAT CM-A4","228","163.0000","091511300383"
"MAT FCM-A2","-2","759.5000","091511220131"
"MAT FCM-A3","34","430.0000","091511220148"
"MAT RM 17S ONA3","4","1171.0000","091511300949"
"MAT RM 30X30","148","355.5000","091511300833"
"MAT RM IC M","40","790.5000","091511300505"
"MAT RM ICS","15","391.5000","091511300512"
"MAT RM-12S","0","560.0000","091511300826"
"MAT RM-CG","29","232.0000","091511300147"
"MAT RM-CLIP2ONA","128","123.5000","091511900170"
"MAT RM-CLIPS2","0","1337.5000","091511300321"
"MAT RMICC","55","226.0000","091511300529"
"MAT RMICC-AQA","4","226.0000","091511220599"
"MAT RMICC-PIK","9","226.0000","091511220582"
"MAT RMMG","23","733.0000","091511300130"
"MAT RMSG","4","398.5000","091511300123"
"MAY10260040","3","384.0000","9002740692201"
"MAY10260050","2","384.0000","9002740692232"
"MAY10260060","8","384.0000","9002740692270"
"MAY10260080","3","491.5000","9002740692355"
"MAY10260100","2","568.0000","9002740692447"
"MAY10260120","2","712.0000","9002740868767"
"MAY10260140","0","1044.0000","9002740692584"
"MAY10260160","2","1058.5000","9002740692652"
"MAY10560040","1","797.5000","9002740695318"
"MAY10560050","1","797.5000","9002740695325"
"MAY10560060","1","797.5000","9002740695332"
"MAY10560070","0","967.5000","9002740695349"
"MAY10560080","1","967.5000","9002740695356"
"MAY10560090","0","1126.0000","9002740695363"
"MAY10560100","1","1126.0000","9002740695370"
"MAY10560120","2","1302.5000","9002740695394"
"MAY10560140","0","1561.5000","9002740695417"
"MAY10560160","0","1877.5000","9002740695431"
"MAY10570030","0","1007.0000","9002740695547"
"MAY10570040","0","1007.0000","9002740695554"
"MAY10570050","0","1007.0000","9002740695561"
"MAY10570060","0","1007.0000","9002740695578"
"MAY10570080","0","1221.0000","9002740695592"
"MAY10570100","0","1420.5000","9002740695615"
"MAY10570120","0","1643.5000","9002740695639"
"MAY16160040","1","584.5000","9002740704003"
"MAY16160050","2","584.5000","9002740704010"
"MAY16160060","6","584.5000","9002740704027"
"MAY16160080","2","712.0000","9002740704041"
"MAY16160100","2","868.0000","9002740704065"
"MAY16160120","1","1057.5000","9002740704089"
"MAY16160140","-1","1271.5000","9002740704119"
"MAY16160160","0","1528.0000","9002740704133"
"MAY1867020001","10","4040.5000","9002741202201"
"MAY221013","5","2223.5000","9002740107897"
"MAY2330040","2","3099.5000","9002740430919"
"MAY30800015","0","698.5000","9002740435631"
"MAY30800016","0","698.5000","9002740435648"
"MAY30800017","0","698.5000","9002740435655"
"MAY30800018","0","698.5000","9002740435662"
"MAY30800019","0","698.5000","9002740435679"
"MAY30800020","0","658.0000","9002740435686"
"MAY30800021","0","658.0000","9002740435693"
"MAY30800022","0","658.0000","9002740435709"
"MAY30800023","0","658.0000","9002740435716"
"MAY30800024","0","658.0000","9002740435723"
"MAY30800025","0","658.0000","9002740435730"
"MAY30800026","0","658.0000","9002740435747"
"MAY30800027","0","658.0000","9002740435754"
"MAY30800028","0","658.0000","9002740435761"
"MAY30800029","0","658.0000","9002740435778"
"MAY30800030","0","664.0000","9002740435785"
"MAY30800031","0","664.0000","9002740435792"
"MAY30800032","0","664.0000","9002740435808"
"MAY30800033","0","664.0000","9002740435815"
"MAY30800034","0","664.0000","9002740435822"
"MAY30800035","0","593.0000","9002740435839"
"MAY30800036","0","743.5000","9002740435846"
"MAY30800037","0","743.5000","9002740435853"
"MAY30800038","0","743.5000","9002740435860"
"MAY30800039","0","743.5000","9002740435877"
"MAY30800040","0","556.5000","9002740435884"
"MAY30800041","0","691.0000","9002740435891"
"MAY30800042","0","691.0000","9002740435907"
"MAY30800043","0","691.0000","9002740435914"
"MAY30800044","0","691.0000","9002740435921"
"MAY30800045","0","586.5000","9002740435938"
"MAY30800046","0","757.0000","9002740435945"
"MAY30800047","0","757.0000","9002740435952"
"MAY30800048","0","757.0000","9002740435969"
"MAY30800049","0","757.0000","9002740435976"
"MAY30800050","0","578.5000","9002740435983"
"MAY30800051","0","757.0000","9002740435990"
"MAY30800052","0","757.0000","9002740436003"
"MAY30800053","0","757.0000","9002740436010"
"MAY30800054","0","757.0000","9002740436027"
"MAY30800055","0","691.0000","9002740436034"
"MAY30800056","0","757.0000","9002740436041"
"MAY30800057","0","757.0000","9002740436058"
"MAY30800058","0","757.0000","9002740436065"
"MAY30800059","0","757.0000","9002740436072"
"MAY30800060","0","597.0000","9002740436089"
"MAY30800061","0","757.0000","9002740436096"
"MAY30800062","0","757.0000","9002740436102"
"MAY30800063","0","757.0000","9002740436119"
"MAY30800064","0","757.0000","9002740436126"
"MAY30800065","0","728.0000","9002740436133"
"MAY30800066","0","757.0000","9002740436140"
"MAY30800067","0","757.0000","9002740436157"
"MAY30800068","0","762.5000","9002740436164"
"MAY30800069","0","762.5000","9002740436171"
"MAY30800070","0","728.0000","9002740436188"
"MAY30800071","0","853.5000","9002740436195"
"MAY30800072","0","853.5000","9002740436201"
"MAY30800073","0","853.5000","9002740436218"
"MAY30800074","0","853.5000","9002740436225"
"MAY30800075","0","822.0000","9002740436232"
"MAY30800076","0","879.0000","9002740436249"
"MAY30800077","0","879.0000","9002740436256"
"MAY30800078","0","879.0000","9002740436263"
"MAY30800079","0","879.0000","9002740436270"
"MAY30800080","0","750.0000","9002740436287"
"MAY30800081","0","1057.5000","9002740436294"
"MAY30800082","0","1057.5000","9002740436300"
"MAY30800083","0","1057.5000","9002740436317"
"MAY30800084","0","1057.5000","9002740436324"
"MAY30800085","0","955.5000","9002740436331"
"MAY30800086","0","970.0000","9002740436348"
"MAY30800087","0","970.0000","9002740436355"
"MAY30800088","0","970.0000","9002740436362"
"MAY30800089","0","970.0000","9002740436379"
"MAY30800090","0","873.5000","9002740436386"
"MAY30800091","0","998.0000","9002740436393"
"MAY30800092","0","998.0000","9002740436409"
"MAY30800093","0","998.0000","9002740436416"
"MAY30800094","0","998.0000","9002740436423"
"MAY30800095","0","975.5000","9002740436430"
"MAY30800096","0","1041.5000","9002740436447"
"MAY30800097","0","1041.5000","9002740436454"
"MAY30800098","0","1041.5000","9002740436478"
"MAY30800099","0","1041.5000","9002740436485"
"MAY30800100","0","891.5000","9002740436492"
"MAY3080011","0","1255.0000","9002740436591"
"MAY3080012","0","1302.5000","9002740436690"
"MAY3080013","0","1461.5000","9002740436706"
"MAY3080014","0","1497.5000","9002740436713"
"MAY3080015","0","1560.5000","9002740436720"
"MAY3080016","0","1624.5000","9002740436737"
"MAY3080017","0","1908.0000","9002740436744"
"MAY3080018","0","1954.0000","9002740436751"
"MAY3080019","0","2289.0000","9002740436768"
"MAY3080020","0","2171.0000","9002740436775"
"MAY308200100","0","1116.5000","9002740913818"
"MAY308200101","0","1116.5000","9002740872177"
"MAY308200102","0","1116.5000","9002740872184"
"MAY308200103","0","1116.5000","9002740872191"
"MAY308200151","0","936.0000","9002740872207"
"MAY308200152","0","936.0000","9002740872214"
"MAY308200153","0","936.0000","9002740872221"
"MAY308200197","0","754.0000","9002740872238"
"MAY308200198","0","754.0000","9002740872245"
"MAY308200199","0","754.0000","9002740872252"
"MAY308200201","0","754.0000","9002740872269"
"MAY308200202","0","754.0000","9002740872276"
"MAY308200203","0","754.0000","9002740872283"
"MAY308200247","0","764.5000","9002740872290"
"MAY308200248","0","764.5000","9002740872306"
"MAY308200249","0","764.5000","9002740872313"
"MAY308200251","0","764.5000","9002740872320"
"MAY308200252","0","764.5000","9002740872337"
"MAY308200253","0","764.5000","9002740872344"
"MAY308200297","0","783.0000","9002740872351"
"MAY308200298","0","783.0000","9002740872368"
"MAY308200299","0","783.0000","9002740872375"
"MAY308200301","0","783.0000","9002740872382"
"MAY308200302","0","783.0000","9002740872399"
"MAY308200303","0","783.0000","9002740872405"
"MAY308200397","0","827.5000","9002740872412"
"MAY308200398","0","827.5000","9002740872429"
"MAY308200399","0","827.5000","9002740872436"
"MAY308200401","0","827.5000","9002740872443"
"MAY308200402","0","827.5000","9002740872450"
"MAY308200403","0","827.5000","9002740872467"
"MAY308200497","0","841.0000","9002740872474"
"MAY308200498","0","841.0000","9002740872481"
"MAY308200499","0","841.0000","9002740872498"
"MAY308200501","0","841.0000","9002740872504"
"MAY308200502","0","841.0000","9002740872511"
"MAY308200503","0","841.0000","9002740872528"
"MAY308200597","0","980.0000","9002740872535"
"MAY308200598","0","980.0000","9002740872542"
"MAY308200599","0","980.0000","9002740872559"
"MAY308200601","0","980.0000","9002740872566"
"MAY308200602","0","980.0000","9002740872573"
"MAY308200603","0","980.0000","9002740872580"
"MAY308200797","0","1091.0000","9002740872597"
"MAY308200798","0","1091.0000","9002740872603"
"MAY308200799","0","1091.0000","9002740872610"
"MAY308200801","0","1165.0000","9002740872627"
"MAY308200802","0","1165.0000","9002740872634"
"MAY308200803","0","1165.0000","9002740872641"
"MAY308200901","0","1170.5000","9002740872658"
"MAY308200902","0","1170.5000","9002740872665"
"MAY308200903","0","1170.5000","9002740872672"
"MAY308200997","0","1194.0000","9002740872689"
"MAY308200998","0","1194.0000","9002740872696"
"MAY308200999","0","1194.0000","9002740872702"
"MAY308201001","0","1194.0000","9002740872719"
"MAY308201002","0","1194.0000","9002740872726"
"MAY308201003","0","1194.0000","9002740872733"
"MAY308201197","0","1346.5000","9002740872740"
"MAY308201198","0","1346.5000","9002740872757"
"MAY308201199","0","1346.5000","9002740872764"
"MAY308201201","0","1486.5000","9002741154791"
"MAY308201202","0","1486.5000","9002740986683"
"MAY308201203","0","1486.5000","9002741154807"
"MAY4607016","1","6477.0000","9002741255337"
"MAY4611003","3","945.0000","9002741252626"
"MAY4611004","2","945.0000","9002741252633"
"MAY4611005","3","945.0000","9002741252640"
"MAY4611006","3","990.5000","9002741252657"
"MAY4611008","3","1367.5000","9002741252664"
"MAY4611010","1","1782.5000","9002741252671"
"MAY4611012","1","2255.5000","9002741252688"
"MAY4611014","0","2285.5000","9002741252695"
"MAY4611016","1","2998.5000","9002741252701"
"MAY4611018","0","3723.5000","9002741252718"
"MAY4611020","0","3822.0000","9002741252725"
"MAY4611022","0","5071.5000","9002741252732"
"MAY4611024","0","4949.5000","9002741252749"
"MAY4611027","0","6691.0000","9002741252756"
"MAY4611030","0","8357.5000","9002741252763"
"MAY4611033","0","11923.5000","9002741252770"
"MAY4611036","0","12068.0000","9002741252787"
"MAY4612003","0","828.5000","9002741247455"
"MAY4612004","0","779.5000","9002741247448"
"MAY4612005","0","824.0000","9002741247431"
"MAY4612006","0","872.5000","9002741247424"
"MAY4612008","0","983.5000","9002741247417"
"MAY4612010","0","1186.0000","9002741247400"
"MAY4612012","0","1483.0000","9002741247394"
"MAY4612014","0","2124.5000","9002741247387"
"MAY4612016","0","2481.0000","9002741247370"
"MAY4612018","0","3345.5000","9002741247363"
"MAY4612020","0","4121.5000","9002741247356"
"MAY4612022","0","4514.5000","9002741247349"
"MAY4612024","0","5543.5000","9002741247332"
"MAY4612027","0","7167.5000","9002741247325"
"MAY4612030","0","8567.0000","9002741247318"
"MAY4612033","0","9879.5000","9002741247301"
"MAY4612036","0","11500.0000","9002741247295"
"MAY4631002","0","834.5000","9002741251971"
"MAY46310025","0","834.5000","9002741251988"
"MAY4631003","2","769.5000","9002741251995"
"MAY4631004","2","769.5000","9002741252008"
"MAY4631005","3","783.0000","9002741252015"
"MAY4631006","3","783.0000","9002741252022"
"MAY4631008","2","875.0000","9002741252039"
"MAY4631010","1","1483.0000","9002741252046"
"MAY4631012","1","1864.5000","9002741252053"
"MAY4631014","0","2038.0000","9002741252060"
"MAY4631016","1","2356.0000","9002741252077"
"MAY4631018","0","2708.0000","9002741252084"
"MAY4631020","0","2922.0000","9002741252091"
"MAY4631022","0","4121.5000","9002741252107"
"MAY4631024","0","3983.5000","9002741252114"
"MAY4631027","0","5288.0000","9002741252121"
"MAY4631030","0","6398.5000","9002741252138"
"MAY4631033","0","7830.5000","9002741252145"
"MAY4631036","0","9647.5000","9002741252152"
"MAY4631039","0","14667.0000","9002741252169"
"MAY4631042","0","15206.0000","9002741252176"
"MAY4631045","0","18081.5000","9002741252183"
"MAY4631048","0","21093.0000","9002741252190"
"MAY4631052","0","26119.5000","9002741252206"
"MAY4657003","0","843.0000","9002741248636"
"MAY4657004","0","813.0000","9002741248629"
"MAY4657005","0","843.0000","9002741248612"
"MAY4657006","0","878.0000","9002741252619"
"MAY4657008","0","1062.0000","9002741248599"
"MAY4657010","0","1277.0000","9002741248582"
"MAY4657012","0","1594.0000","9002741248575"
"MAY4657014","0","2272.5000","9002741248568"
"MAY4657016","0","2661.0000","9002741248551"
"MAY4657018","0","3754.5000","9002741248544"
"MAY4657020","0","4434.0000","9002741248537"
"MAY4657022","0","4832.0000","9002741248520"
"MAY4657024","0","5943.5000","9002741248513"
"MAY4657027","0","7715.5000","9002741248506"
"MAY4657030","0","9270.0000","9002741248490"
"MAY4657033","0","10597.5000","9002741248483"
"MAY4657036","0","12401.0000","9002741248476"
"MAY4669001","0","3936.5000","9002741250219"
"MAY46690012","0","3785.5000","9002741250226"
"MAY46690014","0","3735.0000","9002741250233"
"MAY46690016","0","3665.0000","9002741250240"
"MAY4669002","0","2916.5000","9002741250257"
"MAY46690025","0","2858.0000","9002741250264"
"MAY4669003","0","2740.5000","9002741250271"
"MAY4669004","0","2772.0000","9002741250288"
"MAY4669005","1","3351.5000","9002741250295"
"MAY4669006","1","3409.5000","9002741250301"
"MAY4669008","0","3169.0000","9002741250318"
"MAY4669010","1","3785.5000","9002741250325"
"MAY4671003","0","695.0000","9002741252442"
"MAY4671004","0","711.0000","9002741252459"
"MAY4671005","0","711.0000","9002741252466"
"MAY4671006","0","711.0000","9002741252473"
"MAY4671008","0","751.0000","9002741252480"
"MAY4671010","0","1216.5000","9002741252497"
"MAY4671012","0","1561.5000","9002741252503"
"MAY4671014","0","1890.0000","9002741252510"
"MAY4671016","0","2119.5000","9002741252527"
"MAY4671018","0","3074.5000","9002741252534"
"MAY4671020","0","3154.5000","9002741252541"
"MAY4671022","0","4188.5000","9002741252558"
"MAY4671024","0","4089.0000","9002741252565"
"MAY4671027","0","5528.0000","9002741252572"
"MAY4671030","0","6898.5000","9002741252589"
"MAY4671033","0","9844.5000","9002741252596"
"MAY4671036","0","9965.5000","9002741252602"
"MAY4679012","0","4476.5000","9002741253098"
"MAY4679014","0","5570.5000","9002741253104"
"MAY4679016","0","7663.0000","9002741253111"
"MAY4679018","0","8792.0000","9002741253128"
"MAY4679020","0","10052.0000","9002741253135"
"MAY4679022","0","13490.5000","9002741253142"
"MAY4679024","0","14202.0000","9002741253159"
"MAY4679027","0","16427.5000","9002741253166"
"MAY4679030","0","17635.5000","9002741253173"
"MAY4803016","0","1333.0000","9002740952374"
"MAY4803020","0","2308.5000","9002740952381"
"MAY4803022","0","2702.5000","9002741061679"
"MAY4803024","0","3051.0000","9002741061662"
"MAY4803030","0","5535.5000","9002741061655"
"MAY4805012","0","883.5000","9002740952459"
"MAY4805014","0","1330.5000","9002741061730"
"MAY4805016","0","1529.0000","9002740952466"
"MAY4805020","0","2507.5000","9002740952473"
"MAY4805022","0","2941.5000","9002741061747"
"MAY4805024","0","3317.5000","9002741061754"
"MAY4805030","0","5811.0000","9002741061761"
"MAY4807002","0","743.5000","9002741155330"
"MAY48070025","0","743.5000","9002741155323"
"MAY4807003","2","503.0000","9002741061525"
"MAY4807004","2","503.0000","9002741061532"
"MAY4807005","3","513.5000","9002741061549"
"MAY4807006","4","536.0000","9002741061556"
"MAY4807008","2","662.0000","9002741061563"
"MAY4807010","0","786.0000","9002741061570"
"MAY4837002","0","743.5000","9002741155309"
"MAY48370025","0","743.5000","9002741155293"
"MAY4837003","3","513.5000","9002741061778"
"MAY4837004","3","513.5000","9002741061785"
"MAY4837005","4","526.0000","9002741061792"
"MAY4837006","4","547.5000","9002741061808"
"MAY4837008","3","677.5000","9002740756033"
"MAY4837010","1","804.0000","9002740756040"
"MAY515400900","0","368.0000","9002740760535"
"MAY515401100","0","392.0000","9002740760542"
"MAY515401300","0","411.0000","9002740760559"
"MAY515401500","0","407.0000","9002740760573"
"MAY515401700","0","443.0000","9002740760597"
"MAY515401900","0","566.0000","9002740760610"
"MAY515402200","0","394.0000","9002740760641"
"MAY515402400","0","411.0000","9002740760665"
"MAY515402600","0","478.0000","9002740760672"
"MAY515402700","0","637.0000","9002740760696"
"MAY515402900","0","717.0000","9002740760719"
"MAY515403000","0","924.0000","9002740760726"
"MAY515403100","0","995.0000","9002740760733"
"MAY515403200","0","1384.0000","9002740760740"
"MAY515403300","0","1481.0000","9002740760757"
"MAY515403700","0","520.0000","9002740760795"
"MAY515403800","0","539.0000","9002740760801"
"MAY515403900","0","605.0000","9002740760818"
"MAY515404000","0","451.0000","9002740760825"
"MAY515404100","0","599.0000","9002740760832"
"MAY515404300","0","696.0000","9002740760856"
"MAY515404400","0","848.0000","9002740760863"
"MAY515404500","0","951.0000","9002740760870"
"MAY515404600","0","1006.0000","9002740760887"
"MAY515404700","0","1107.0000","9002740760894"
"MAY515404800","0","1987.0000","9002740760900"
"MAY515404900","0","1426.0000","9002740760917"
"MAY515405000","0","1589.0000","9002740760924"
"MAY515405200","0","1758.0000","9002740760948"
"MAY515406600","0","1312.0000","9002740761051"
"MAY515406800","0","1244.0000","9002740761075"
"MAY515406900","0","1678.0000","9002740761082"
"MAY515407000","0","1918.0000","9002740761099"
"MAY5204038","0","2771.0000","9002740762409"
"MAY52100014","0","1098.0000","9002740445272"
"MAY52100015","0","917.0000","9002740445289"
"MAY52100016","0","1158.0000","9002740445296"
"MAY52100018","0","1217.5000","9002740445302"
"MAY52100020","0","1066.0000","9002740445319"
"MAY52100022","0","1393.5000","9002740445326"
"MAY52100025","0","1248.0000","9002740445333"
"MAY52100028","0","1455.5000","9002740445340"
"MAY52100030","0","1168.0000","9002740445357"
"MAY52100032","0","1489.5000","9002740445364"
"MAY52100035","0","1404.5000","9002740445371"
"MAY52100040","0","1374.5000","9002740445388"
"MAY52100045","0","1783.5000","9002740445395"
"MAY52100050","0","1872.0000","9002740445401"
"MAY52100055","0","2104.0000","9002740445418"
"MAY52100060","0","2278.5000","9002740445425"
"MAY52100065","0","2483.0000","9002740445432"
"MAY52100070","0","2541.0000","9002740445449"
"MAY52100075","0","2774.5000","9002740445456"
"MAY52100080","0","2658.5000","9002740445463"
"MAY52100085","0","2977.0000","9002740445470"
"MAY52100090","0","3068.0000","9002740445487"
"MAY52100095","0","3535.5000","9002740445494"
"MAY52100100","0","3301.0000","9002740445500"
"MAY52100105","0","3768.0000","9002740445517"
"MAY52100110","0","3855.5000","9002740445524"
"MAY52100115","0","4531.5000","9002740445531"
"MAY52100120","0","3972.5000","9002740445548"
"MAY52100140","0","5026.0000","9002740445586"
"MAY52100160","0","6162.0000","9002740445623"
"MAY52100180","0","7974.0000","9002740445647"
"MAY52100200","0","9257.5000","9002740445661"
"MAY57730060","1","369.0000","9002740768210"
"MAY61470005","0","511.5000","9002740772255"
"MAY61470006","0","511.5000","9002740772262"
"MAY61470007","0","511.5000","9002740772279"
"MAY61470008","0","511.5000","9002740772286"
"MAY61470009","0","511.5000","9002740772293"
"MAY61470010","0","433.0000","9002740772309"
"MAY61470011","0","473.0000","9002740772316"
"MAY61470012","0","473.0000","9002740772323"
"MAY61470013","0","473.0000","9002740772330"
"MAY61470014","0","473.0000","9002740772347"
"MAY61470015","0","473.0000","9002740772354"
"MAY61470016","0","492.5000","9002740772361"
"MAY61470017","0","492.5000","9002740772378"
"MAY61470018","0","492.5000","9002740772385"
"MAY61470019","0","492.5000","9002740772392"
"MAY61470020","0","473.0000","9002740772408"
"MAY61470021","0","492.5000","9002740772415"
"MAY61470022","0","511.5000","9002740772422"
"MAY61470023","0","511.5000","9002740772439"
"MAY61470024","0","535.0000","9002740772446"
"MAY61470025","0","511.5000","9002740772453"
"MAY61470026","0","573.0000","9002740772460"
"MAY61470027","0","631.5000","9002740772477"
"MAY61470028","0","631.5000","9002740772484"
"MAY61470029","0","631.5000","9002740772491"
"MAY61470030","3","573.0000","9002740772507"
"MAY61470031","0","671.5000","9002740772514"
"MAY61470032","0","671.5000","9002740772521"
"MAY61470033","4","671.5000","9002740772538"
"MAY61470034","0","708.5000","9002740772545"
"MAY61470035","0","671.5000","9002740772552"
"MAY61470036","0","768.5000","9002740772569"
"MAY61470037","0","768.5000","9002740772576"
"MAY61470038","0","808.5000","9002740772583"
"MAY61470039","0","808.5000","9002740772590"
"MAY61470040","3","690.0000","9002740772606"
"MAY61470041","0","827.5000","9002740772613"
"MAY61470042","4","827.5000","9002740772620"
"MAY61470043","0","827.5000","9002740772637"
"MAY61470044","0","827.5000","9002740772644"
"MAY61470045","0","727.0000","9002740772651"
"MAY61470046","0","868.0000","9002740772668"
"MAY61470047","0","868.0000","9002740772682"
"MAY61470048","0","965.5000","9002740772699"
"MAY61470049","0","965.5000","9002740772705"
"MAY61470050","5","835.5000","9002740772712"
"MAY61470051","0","1123.5000","9002740772729"
"MAY61470052","0","1123.5000","9002740772736"
"MAY61470053","0","1123.5000","9002740772743"
"MAY61470054","0","1123.5000","9002740772750"
"MAY61470055","0","962.0000","9002740772767"
"MAY61470056","0","1263.5000","9002740772781"
"MAY61470057","0","1263.5000","9002740772798"
"MAY61470058","0","1263.5000","9002740772804"
"MAY61470059","0","1263.5000","9002740772811"
"MAY61470060","4","1078.5000","9002740772828"
"MAY61470061","0","1517.0000","9002740772835"
"MAY61470062","0","1517.0000","9002740772842"
"MAY61470063","0","1517.0000","9002740772859"
"MAY61470064","0","1517.0000","9002740772866"
"MAY61470065","0","1326.5000","9002740772873"
"MAY61470066","0","1553.5000","9002740772880"
"MAY61470067","0","1553.5000","9002740772897"
"MAY61470068","4","1714.0000","9002740772903"
"MAY61470069","0","1714.0000","9002740772910"
"MAY61470070","0","1537.0000","9002740772927"
"MAY61470071","0","1791.0000","9002740772934"
"MAY61470072","0","1791.0000","9002740772941"
"MAY61470073","0","1791.0000","9002740772958"
"MAY61470074","0","1791.0000","9002740772965"
"MAY61470075","0","1606.5000","9002740772972"
"MAY61470076","0","2030.0000","9002740772989"
"MAY61470077","0","2030.0000","9002740772996"
"MAY61470078","0","2030.0000","9002740773009"
"MAY61470079","0","2030.0000","9002740773016"
"MAY61470080","2","1818.0000","9002740773023"
"MAY61470081","0","2345.0000","9002740773030"
"MAY61470082","0","2345.0000","9002740773047"
"MAY61470083","0","2345.0000","9002740773054"
"MAY61470084","0","2345.0000","9002740773061"
"MAY61470085","2","2131.0000","9002740773078"
"MAY61470086","0","2459.5000","9002740773085"
"MAY61470087","0","2459.5000","9002740773092"
"MAY61470088","0","2459.5000","9002740773108"
"MAY61470089","0","2459.5000","9002740773115"
"MAY61470090","0","2207.0000","9002740773122"
"MAY61470091","0","2617.5000","9002740773139"
"MAY61470092","0","2617.5000","9002740773146"
"MAY61470093","0","2617.5000","9002740773153"
"MAY61470094","0","2617.5000","9002740773160"
"MAY61470095","0","2359.5000","9002740773177"
"MAY61470096","0","2892.0000","9002740773184"
"MAY61470097","0","2892.0000","9002740773191"
"MAY61470098","0","2892.0000","9002740773207"
"MAY61470099","0","2892.0000","9002740773214"
"MAY61470100","1","2541.0000","9002740773221"
"MAY61470102","2","2873.5000","9002740773238"
"MAY61470105","0","2785.5000","9002740773245"
"MAY61470108","0","3226.0000","9002740773252"
"MAY61470110","0","2931.0000","9002740773269"
"MAY61470115","0","3150.5000","9002740773276"
"MAY61470120","0","3310.0000","9002740773283"
"MAY61470125","0","3719.0000","9002740773290"
"MAY61470130","0","4062.0000","9002740773306"
"MAY61470135","0","4711.0000","9002740773313"
"MAY61470140","0","5070.5000","9002740773320"
"MAY61570010","0","473.0000","9002740774426"
"MAY61570011","0","492.5000","9002740774433"
"MAY61570012","0","511.5000","9002740774440"
"MAY61570013","0","511.5000","9002740774457"
"MAY61570014","0","511.5000","9002740774464"
"MAY61570015","0","492.5000","9002740774471"
"MAY61570016","0","555.5000","9002740774488"
"MAY61570017","0","555.5000","9002740774495"
"MAY61570018","0","555.5000","9002740774501"
"MAY61570019","0","555.5000","9002740774518"
"MAY61570020","0","573.0000","9002740774525"
"MAY61570021","0","594.5000","9002740774532"
"MAY61570022","0","631.5000","9002740774549"
"MAY61570023","0","631.5000","9002740774556"
"MAY61570024","0","631.5000","9002740774563"
"MAY61570025","0","671.5000","9002740774570"
"MAY61570026","0","731.0000","9002740774587"
"MAY61570027","0","731.0000","9002740774594"
"MAY61570028","0","731.0000","9002740774600"
"MAY61570029","0","731.0000","9002740774617"
"MAY61570030","3","671.5000","9002740774624"
"MAY61570031","0","822.0000","9002740774631"
"MAY61570032","0","822.0000","9002740774648"
"MAY61570033","0","822.0000","9002740774655"
"MAY61570034","0","885.0000","9002740774662"
"MAY61570035","0","868.0000","9002740774679"
"MAY61570036","0","965.5000","9002740774686"
"MAY61570037","0","965.5000","9002740774693"
"MAY61570038","0","953.0000","9002740774709"
"MAY61570039","0","953.0000","9002740774716"
"MAY61570040","3","917.0000","9002740774723"
"MAY61570041","0","1102.0000","9002740774730"
"MAY61570042","0","1102.0000","9002740774747"
"MAY61570043","0","1142.5000","9002740774754"
"MAY61570044","0","1142.5000","9002740774761"
"MAY61570045","0","1050.5000","9002740774778"
"MAY61570046","0","1263.5000","9002740774785"
"MAY61570047","0","1263.5000","9002740774808"
"MAY61570048","0","1322.0000","9002740774815"
"MAY61570049","0","1322.0000","9002740774822"
"MAY61570050","3","1263.5000","9002740774839"
"MAY61570051","0","1403.5000","9002740774846"
"MAY61570052","0","1403.5000","9002740774853"
"MAY61570053","0","1403.5000","9002740774860"
"MAY61570054","0","1417.0000","9002740774877"
"MAY61570055","0","1387.0000","9002740774884"
"MAY61570056","0","1572.0000","9002740774907"
"MAY61570057","0","1572.0000","9002740774914"
"MAY61570058","0","1572.0000","9002740774921"
"MAY61570059","0","1572.0000","9002740774938"
"MAY61570060","2","1456.5000","9002740774945"
"MAY61570061","0","2008.0000","9002740774952"
"MAY61570062","0","2008.0000","9002740774969"
"MAY61570063","0","2008.0000","9002740774976"
"MAY61570064","0","2008.0000","9002740774983"
"MAY61570065","0","1950.5000","9002740774990"
"MAY61570066","0","2107.0000","9002740775003"
"MAY61570067","0","2107.0000","9002740775010"
"MAY61570068","0","2306.5000","9002740775027"
"MAY61570069","0","2306.5000","9002740775034"
"MAY61570070","0","2127.5000","9002740775041"
"MAY61570071","0","2540.0000","9002740775058"
"MAY61570072","0","2540.0000","9002740775065"
"MAY61570073","0","2540.0000","9002740775072"
"MAY61570074","0","2540.0000","9002740775089"
"MAY61570075","0","2274.5000","9002740775096"
"MAY61570076","0","2832.5000","9002740775102"
"MAY61570077","0","2832.5000","9002740775119"
"MAY61570078","0","2832.5000","9002740775126"
"MAY61570079","0","2832.5000","9002740775133"
"MAY61570080","1","2487.5000","9002740775140"
"MAY61570081","0","3348.0000","9002740775157"
"MAY61570082","0","3348.0000","9002740775164"
"MAY61570083","0","3348.0000","9002740775171"
"MAY61570084","0","3348.0000","9002740775188"
"MAY61570085","0","2783.5000","9002740775195"
"MAY61570086","0","3484.0000","9002740775201"
"MAY61570087","0","3484.0000","9002740775218"
"MAY61570088","0","3484.0000","9002740775225"
"MAY61570089","0","3484.0000","9002740775232"
"MAY61570090","0","3044.0000","9002740775249"
"MAY61570091","0","3761.5000","9002740775256"
"MAY61570092","0","3761.5000","9002740775263"
"MAY61570093","0","3761.5000","9002740775270"
"MAY61570094","0","3761.5000","9002740775287"
"MAY61570095","0","3240.5000","9002740775294"
"MAY61570096","0","4174.0000","9002740775300"
"MAY61570097","0","4174.0000","9002740775317"
"MAY61570098","0","4174.0000","9002740775324"
"MAY61570099","0","4174.0000","9002740775331"
"MAY61570100","1","3600.5000","9002740775348"
"MAY61570102","0","4152.5000","9002740775355"
"MAY61570105","0","3927.0000","9002740775362"
"MAY61570108","0","4922.5000","9002740775379"
"MAY61570110","0","4418.5000","9002740775386"
"MAY61570115","0","4745.5000","9002740775393"
"MAY61570120","1","5236.5000","9002740775409"
"MAY61570125","0","5727.5000","9002740775423"
"MAY61570130","0","6054.5000","9002740775430"
"MAY61570135","0","6872.5000","9002740775447"
"MAY61570140","0","7363.5000","9002740775454"
"MAY61570145","0","7854.0000","9002741150182"
"MAY61570150","0","8180.5000","9002740775461"
"MAY61570155","0","8836.0000","9002740775478"
"MAY61570160","0","9163.0000","9002740775485"
"MAY62150030","4","534.0000",""
"MAY62150060","4","889.0000",""
"MAY6345000501","0","835.5000","9002740934974"
"MAY6345000601","0","719.0000","9002740934981"
"MAY63780100","2","3239.0000","9002741373062"
"MAY63780102","2","4517.0000","9002741373079"
"MAY644700202","0","1109.0000","9002741148158"
"MAY644700203","0","1109.0000","9002741148165"
"MAY644700303","0","1615.5000","9002741148172"
"MAY644700305","0","1615.5000","9002741148189"
"MAY644700405","0","1615.5000","9002741071425"
"MAY644700410","0","1615.5000","9002741071432"
"MAY644700505","0","1615.5000","9002741071449"
"MAY644700510","0","1615.5000","9002741071456"
"MAY644700515","0","1615.5000","9002741071463"
"MAY644700605","0","1615.5000","9002741071470"
"MAY644700610","0","1615.5000","9002741071487"
"MAY644700615","0","1615.5000","9002741071494"
"MAY644700620","0","1615.5000","9002741071500"
"MAY644700805","0","2209.5000","9002741071517"
"MAY644700810","0","2209.5000","9002741071524"
"MAY644700815","0","2209.5000","9002741071531"
"MAY644700820","0","2209.5000","9002741071548"
"MAY644701005","0","3144.0000","9002741071555"
"MAY644701010","0","3144.0000","9002741071562"
"MAY644701015","0","3144.0000","9002741071579"
"MAY644701020","0","3144.0000","9002741071586"
"MAY644701205","0","3899.5000","9002741071593"
"MAY644701210","0","3899.5000","9002741071609"
"MAY644701215","0","3899.5000","9002741071616"
"MAY644701220","0","3899.5000","9002741071623"
"MAY644701225","0","3899.5000","9002741085972"
"MAY644701230","0","3899.5000","9002741085989"
"MAY644701610","0","6825.5000","9002741073108"
"MAY644701615","0","6825.5000","9002741071647"
"MAY644701620","0","6825.5000","9002741071654"
"MAY644701630","0","6825.5000","9002741085996"
"MAY644702010","0","9699.0000","9002741086009"
"MAY644702015","0","9699.0000","9002741071678"
"MAY644702020","0","9699.0000","9002741071685"
"MAY644702025","0","9699.0000","9002741071692"
"MAY644702040","0","9699.0000","9002741071715"
"MAY644702050","0","9699.0000","9002741263370"
"MAY6495008","0","1775.5000","9002740010357"
"MAY65250008","0","720.0000","9002740923114"
"MAY65250010","0","799.5000","9002740923121"
"MAY65250012","0","840.0000","9002740923138"
"MAY65250016","0","999.0000","9002740923145"
"MAY65250020","0","1199.5000","9002740923152"
"MAY65250025","0","1399.5000","9002740923169"
"MAY65250031","0","1798.0000","9002740923176"
"MAY65250040","0","2318.0000","9002740923183"
"MAY65250050","0","3195.5000","9002740923190"
"MAY66470100510","4","3575.5000","9002741150625"
"MAY67180010","0","1447.0000","9002741368679"
"MAY67180011","0","1447.0000","9002741368686"
"MAY67180012","0","1447.0000","9002741368693"
"MAY67180013","0","1447.0000","9002741368709"
"MAY67180014","0","1447.0000","9002741368716"
"MAY67180015","0","1447.0000","9002741368723"
"MAY67180016","0","1447.0000","9002741368730"
"MAY67180017","0","1447.0000","9002741368747"
"MAY67180018","0","1447.0000","9002741368754"
"MAY67180019","0","1447.0000","9002741368761"
"MAY67180020","0","1447.0000","9002741368778"
"MAY67180021","0","1447.0000","9002741368785"
"MAY67180022","0","1447.0000","9002741368792"
"MAY67180023","0","1447.0000","9002741368808"
"MAY67180024","0","1447.0000","9002741368815"
"MAY67180025","0","1447.0000","9002741368822"
"MAY67180026","0","1447.0000","9002741368839"
"MAY67180027","0","1447.0000","9002741368846"
"MAY67180028","0","1447.0000","9002741368853"
"MAY67180029","0","1447.0000","9002741368860"
"MAY67180030","1","1012.5000","9002741368877"
"MAY67180031","0","1012.5000","9002741368884"
"MAY671800317","0","1012.5000","9002741616701"
"MAY67180032","0","1012.5000","9002741368891"
"MAY67180033","1","1012.5000","9002741368907"
"MAY67180034","0","1012.5000","9002741368914"
"MAY67180035","0","1012.5000","9002741368921"
"MAY67180036","0","1012.5000","9002741368938"
"MAY67180037","0","1012.5000","9002741368945"
"MAY67180038","0","1012.5000","9002741368952"
"MAY67180039","0","1012.5000","9002741368969"
"MAY67180040","1","1012.5000","9002741368976"
"MAY67180041","0","1012.5000","9002741368983"
"MAY67180042","1","1012.5000","9002741368990"
"MAY67180043","0","1012.5000","9002741369003"
"MAY67180044","0","1012.5000","9002741369010"
"MAY67180045","0","1012.5000","9002741369027"
"MAY67180046","0","1012.5000","9002741369034"
"MAY67180047","0","1012.5000","9002741369041"
"MAY671800476","0","1012.5000","9002741616718"
"MAY67180048","0","1012.5000","9002741369058"
"MAY67180049","0","1012.5000","9002741369065"
"MAY67180050","1","1012.5000","9002741369072"
"MAY67180051","0","1012.5000","9002741369089"
"MAY67180052","0","1012.5000","9002741369096"
"MAY67180053","0","1012.5000","9002741369102"
"MAY67180054","0","1012.5000","9002741369119"
"MAY67180055","0","1012.5000","9002741369126"
"MAY67180056","0","1012.5000","9002741369133"
"MAY67180057","0","1012.5000","9002741369140"
"MAY67180058","0","1012.5000","9002741369157"
"MAY67180059","0","1012.5000","9002741369171"
"MAY67180060","1","1012.5000","9002741369188"
"MAY67180061","0","1420.5000","9002741369195"
"MAY67180062","0","1420.5000","9002741369201"
"MAY67180063","0","1420.5000","9002741369218"
"MAY671800635","0","1420.5000","9002741616725"
"MAY67180064","0","1420.5000","9002741369225"
"MAY67180065","0","1420.5000","9002741369232"
"MAY67180066","0","1420.5000","9002741369249"
"MAY67180067","0","1420.5000","9002741369256"
"MAY67180068","1","1420.5000","9002741369263"
"MAY67180069","0","2109.5000","9002741369270"
"MAY67180070","0","2109.5000","9002741369287"
"MAY67180071","0","2109.5000","9002741369294"
"MAY67180072","0","2109.5000","9002741369300"
"MAY67180073","0","2109.5000","9002741369317"
"MAY67180074","0","2109.5000","9002741369324"
"MAY67180075","0","2109.5000","9002741369331"
"MAY67180076","0","2109.5000","9002741369348"
"MAY67180077","0","2109.5000","9002741369355"
"MAY67180078","0","2109.5000","9002741369379"
"MAY67180079","0","2109.5000","9002741369386"
"MAY671800794","0","2109.5000","9002741616732"
"MAY67180080","1","2109.5000","9002741369393"
"MAY67180081","0","2510.0000","9002741369409"
"MAY67180082","0","2510.0000","9002741369416"
"MAY67180083","0","2510.0000","9002741369461"
"MAY67180084","0","2510.0000","9002741369423"
"MAY67180085","1","2510.0000","9002741369430"
"MAY67180086","0","2510.0000","9002741369454"
"MAY67180087","0","2510.0000","9002741369447"
"MAY67180088","0","2510.0000","9002741369478"
"MAY67180089","0","2510.0000","9002741369485"
"MAY67180090","0","2510.0000","9002741369492"
"MAY67180091","0","2510.0000","9002741369508"
"MAY67180092","0","2510.0000","9002741369515"
"MAY67180093","0","2510.0000","9002741369522"
"MAY67180094","0","2510.0000","9002741369539"
"MAY67180095","0","2510.0000","9002741369546"
"MAY671800952","0","2510.0000","9002741616749"
"MAY67180096","0","2510.0000","9002741369553"
"MAY67180097","0","2510.0000","9002741369560"
"MAY67180098","0","2510.0000","9002741369577"
"MAY67180099","0","2510.0000","9002741369584"
"MAY67180100","0","2510.0000","9002741369591"
"MAY67180102","1","3535.5000","9002741369607"
"MAY67180105","0","3535.5000","9002741369614"
"MAY67180108","0","3535.5000","9002741369621"
"MAY67180110","0","3535.5000","9002741369638"
"MAY671801111","0","3535.5000","9002741616756"
"MAY67180112","0","3535.5000","9002741369645"
"MAY67180115","0","3535.5000","9002741369652"
"MAY67180118","0","3535.5000","9002741369669"
"MAY67180120","1","3535.5000","9002741369676"
"MAY67180122","0","4800.5000","9002741369836"
"MAY67180125","0","4800.5000","9002741369843"
"MAY67180127","0","4800.5000","9002741616763"
"MAY67180128","0","4800.5000","9002741369850"
"MAY67180130","0","4800.5000","9002741369867"
"MAY67180135","0","4800.5000","9002741369874"
"MAY67180138","0","4800.5000","9002741369881"
"MAY67180140","0","4800.5000","9002741369898"
"MAY67180142","0","5709.0000","9002741369904"
"MAY67180145","0","5709.0000","9002741369911"
"MAY67180148","0","5709.0000","9002741369928"
"MAY67180150","0","5709.0000","9002741369935"
"MAY67180152","0","5709.0000","9002741369942"
"MAY67180155","0","5709.0000","9002741369959"
"MAY67180158","0","5709.0000","9002741369966"
"MAY67180160","0","5709.0000","9002741369973"
"MAY672800075","0","1117.5000","9002741640768"
"MAY672800085","0","1117.5000","9002741640775"
"MAY672800090","0","1117.5000","9002741369980"
"MAY672800095","0","1117.5000","9002741640782"
"MAY672800100","0","1117.5000","9002741369997"
"MAY672800102","0","1117.5000","9002741640799"
"MAY67280011","0","1117.5000","9002741370009"
"MAY67280012","0","1117.5000","9002741370016"
"MAY672800125","0","1117.5000","9002741640805"
"MAY672800127","0","1117.5000","9002741640812"
"MAY672800128","0","1117.5000","9002741640829"
"MAY67280013","0","1117.5000","9002741370023"
"MAY67280014","0","1117.5000","9002741370030"
"MAY672800145","0","1117.5000","9002741640836"
"MAY67280015","0","1117.5000","9002741370047"
"MAY672800155","0","1117.5000","9002741640843"
"MAY67280016","0","1117.5000","9002741370054"
"MAY672800166","0","1117.5000","9002741640850"
"MAY67280017","0","1117.5000","9002741370061"
"MAY672800175","0","1117.5000","9002741640867"
"MAY67280018","0","1117.5000","9002741370078"
"MAY672800183","0","1117.5000","9002741640874"
"MAY672800185","0","1117.5000","9002741640881"
"MAY67280019","0","1117.5000","9002741370085"
"MAY67280020","0","1117.5000","9002741370092"
"MAY672800202","0","1117.5000","9002741370108"
"MAY67280021","0","1117.5000","9002741370115"
"MAY67280022","0","1117.5000","9002741370122"
"MAY67280023","0","1117.5000","9002741370139"
"MAY67280024","0","1117.5000","9002741370146"
"MAY67280025","0","1117.5000","9002741370153"
"MAY672800252","0","1117.5000","9002741370160"
"MAY67280026","0","1117.5000","9002741370177"
"MAY67280027","0","1117.5000","9002741370184"
"MAY67280028","0","1117.5000","9002741370191"
"MAY67280029","0","1117.5000","9002741370207"
"MAY67280030","1","843.0000","9002741370214"
"MAY672800302","0","843.0000","9002741370221"
"MAY67280031","0","843.0000","9002741370238"
"MAY67280032","0","843.0000","9002741370245"
"MAY672800325","0","843.0000","9002741370252"
"MAY67280033","1","843.0000","9002741370269"
"MAY67280034","0","843.0000","9002741370276"
"MAY67280035","0","843.0000","9002741370283"
"MAY672800352","0","843.0000","9002741370290"
"MAY67280036","0","843.0000","9002741370306"
"MAY67280037","0","843.0000","9002741370313"
"MAY67280038","0","1252.0000","9002741370320"
"MAY67280039","0","1252.0000","9002741370337"
"MAY67280040","1","843.0000","9002741370344"
"MAY672800402","0","843.0000","9002741370351"
"MAY67280041","0","843.0000","9002741370368"
"MAY67280042","1","843.0000","9002741370375"
"MAY67280043","0","843.0000","9002741370382"
"MAY67280044","0","843.0000","9002741370399"
"MAY67280045","0","843.0000","9002741370405"
"MAY672800452","0","843.0000","9002741370412"
"MAY67280046","0","843.0000","9002741370429"
"MAY672800465","0","843.0000","9002741370436"
"MAY67280047","0","843.0000","9002741370443"
"MAY67280048","0","843.0000","9002741370450"
"MAY67280049","0","843.0000","9002741370467"
"MAY67280050","2","843.0000","9002741370474"
"MAY672800502","0","843.0000","9002741370481"
"MAY67280051","0","843.0000","9002741370498"
"MAY67280052","0","843.0000","9002741370504"
"MAY67280053","0","843.0000","9002741370511"
"MAY67280054","0","843.0000","9002741370528"
"MAY67280055","0","843.0000","9002741370535"
"MAY672800552","0","843.0000","9002741370542"
"MAY672800555","0","843.0000","9002741370559"
"MAY67280056","0","843.0000","9002741370566"
"MAY672800565","0","843.0000","9002741370573"
"MAY67280057","0","843.0000","9002741370580"
"MAY67280058","0","843.0000","9002741370597"
"MAY67280059","0","843.0000","9002741370603"
"MAY67280060","1","843.0000","9002741370610"
"MAY672800602","0","1252.0000","9002741370627"
"MAY67280061","0","1473.0000","9002741370634"
"MAY67280062","0","1473.0000","9002741370641"
"MAY67280063","0","1473.0000","9002741370658"
"MAY67280064","0","1473.0000","9002741370665"
"MAY67280065","0","1473.0000","9002741370672"
"MAY672800652","0","1473.0000","9002741370689"
"MAY67280066","0","1473.0000","9002741370696"
"MAY67280067","0","1473.0000","9002741370702"
"MAY67280068","3","992.5000","9002741370719"
"MAY67280069","0","1473.0000","9002741370726"
"MAY67280070","0","1473.0000","9002741370733"
"MAY672800702","0","1473.0000","9002741370740"
"MAY67280071","0","1473.0000","9002741370757"
"MAY67280072","0","1473.0000","9002741370764"
"MAY67280073","0","1473.0000","9002741370771"
"MAY67280074","0","1473.0000","9002741370788"
"MAY672800745","0","1473.0000","9002741370795"
"MAY67280075","0","1473.0000","9002741370801"
"MAY672800752","0","1473.0000","9002741370818"
"MAY672800755","0","1473.0000","9002741370825"
"MAY67280076","0","1473.0000","9002741370849"
"MAY67280077","0","1473.0000","9002741370856"
"MAY67280078","0","1473.0000","9002741370863"
"MAY67280079","0","1473.0000","9002741370870"
"MAY67280080","4","992.5000","9002741370887"
"MAY672800802","0","1473.0000","9002741370894"
"MAY67280081","0","1682.5000","9002741370900"
"MAY67280082","0","1682.5000","9002741370917"
"MAY67280083","0","1682.5000","9002741370924"
"MAY67280084","0","1682.5000","9002741370931"
"MAY67280085","3","1132.0000","9002741370948"
"MAY672800852","0","1682.5000","9002741370955"
"MAY67280086","0","1682.5000","9002741370962"
"MAY67280087","0","1682.5000","9002741370979"
"MAY67280088","0","1682.5000","9002741370986"
"MAY67280089","0","1682.5000","9002741370993"
"MAY67280090","0","1682.5000","9002741371006"
"MAY672800902","0","1682.5000","9002741371013"
"MAY67280091","0","1682.5000","9002741371020"
"MAY67280092","0","1682.5000","9002741371037"
"MAY672800925","0","1682.5000","9002741371044"
"MAY67280093","0","1682.5000","9002741371051"
"MAY672800935","0","1682.5000","9002741371068"
"MAY67280094","0","1682.5000","9002741371075"
"MAY67280095","0","1682.5000","9002741371082"
"MAY672800952","0","1682.5000","9002741371099"
"MAY672800955","0","1682.5000","9002741371105"
"MAY67280096","0","1682.5000","9002741371112"
"MAY67280097","0","1682.5000","9002741371129"
"MAY67280098","0","1682.5000","9002741371136"
"MAY67280099","0","1682.5000","9002741371143"
"MAY67280100","2","1132.0000","9002741371150"
"MAY672801002","0","1682.5000","9002741371167"
"MAY67280101","0","2429.0000","9002741371174"
"MAY67280102","2","2429.0000","9002741371181"
"MAY67280103","0","2429.0000","9002741371198"
"MAY67280104","0","2429.0000","9002741371204"
"MAY67280105","0","2429.0000","9002741371211"
"MAY672801052","0","2429.0000","9002741371228"
"MAY67280106","0","2429.0000","9002741371235"
"MAY67280107","0","2429.0000","9002741371242"
"MAY67280108","0","2429.0000","9002741371259"
"MAY67280109","0","2429.0000","9002741371266"
"MAY67280110","0","2429.0000","9002741371273"
"MAY672801102","0","2429.0000","9002741371280"
"MAY67280111","0","2429.0000","9002741371297"
"MAY67280112","0","2429.0000","9002741371303"
"MAY67280113","0","2429.0000","9002741371310"
"MAY672801135","0","2429.0000","9002741371327"
"MAY67280114","0","2429.0000","9002741371334"
"MAY67280115","0","2429.0000","9002741371341"
"MAY672801152","0","2429.0000","9002741371358"
"MAY672801155","0","2429.0000","9002741371365"
"MAY67280116","0","2429.0000","9002741371372"
"MAY67280117","0","2429.0000","9002741371389"
"MAY67280118","0","2429.0000","9002741371396"
"MAY67280119","0","2429.0000","9002741371402"
"MAY67280120","1","1636.0000","9002741371419"
"MAY672801202","0","2429.0000","9002741371426"
"MAY67280121","0","3258.5000","9002741371433"
"MAY67280122","0","3258.5000","9002741371440"
"MAY67280123","0","3258.5000","9002741371457"
"MAY67280124","0","3258.5000","9002741371464"
"MAY67280125","0","3258.5000","9002741371471"
"MAY67280126","0","3258.5000","9002741371488"
"MAY67280127","0","3258.5000","9002741371495"
"MAY67280128","0","3258.5000","9002741371501"
"MAY67280129","0","3258.5000","9002741371518"
"MAY67280130","0","3258.5000","9002741371525"
"MAY672801302","0","3258.5000","9002741371532"
"MAY67280131","0","3258.5000","9002741371549"
"MAY67280132","0","3258.5000","9002741371556"
"MAY672801325","0","3258.5000","9002741371563"
"MAY67280133","0","3258.5000","9002741371570"
"MAY67280134","0","3258.5000","9002741371587"
"MAY67280135","0","3258.5000","9002741371594"
"MAY67280136","0","3258.5000","9002741371600"
"MAY67280137","0","3258.5000","9002741371617"
"MAY67280138","0","3258.5000","9002741371624"
"MAY67280139","0","3258.5000","9002741371631"
"MAY67280140","0","3258.5000","9002741371648"
"MAY672801402","0","3258.5000","9002741371655"
"MAY67280141","0","4186.5000","9002741371662"
"MAY67280142","0","4186.5000","9002741371679"
"MAY67280143","0","4186.5000","9002741371686"
"MAY67280144","0","4186.5000","9002741371693"
"MAY67280145","0","4186.5000","9002741371709"
"MAY67280146","0","4186.5000","9002741371716"
"MAY67280147","0","4186.5000","9002741371723"
"MAY67280148","0","4186.5000","9002741371730"
"MAY67280149","0","4186.5000","9002741371747"
"MAY67280150","0","4186.5000","9002741371754"
"MAY672801502","0","4186.5000","9002741371761"
"MAY67280151","0","4186.5000","9002741371778"
"MAY67280152","0","4186.5000","9002741371785"
"MAY67280153","0","4186.5000","9002741371792"
"MAY672801535","0","4186.5000","9002741371815"
"MAY67280154","0","4186.5000","9002741371822"
"MAY67280155","0","4186.5000","9002741371839"
"MAY67280156","0","4186.5000","9002741371846"
"MAY67280157","0","4186.5000","9002741371853"
"MAY67280158","0","4186.5000","9002741371860"
"MAY67280159","0","4186.5000","9002741371877"
"MAY67280160","0","4186.5000","9002741371884"
"MAY672801602","0","4186.5000","9002741371891"
"MAY67280161","0","6262.5000","9002741371907"
"MAY67280162","0","6262.5000","9002741371914"
"MAY67280163","0","6262.5000","9002741371921"
"MAY67280164","0","6262.5000","9002741371938"
"MAY67280165","0","6262.5000","9002741371945"
"MAY67280166","0","6262.5000","9002741371952"
"MAY67280167","0","6262.5000","9002741371969"
"MAY67280168","0","6262.5000","9002741371976"
"MAY67280169","0","6262.5000","9002741371983"
"MAY67280170","0","6262.5000","9002741371990"
"MAY67280171","0","6262.5000","9002741372003"
"MAY67280172","0","6262.5000","9002741372010"
"MAY67280173","0","6262.5000","9002741372027"
"MAY672801735","0","6262.5000","9002741372034"
"MAY67280174","0","6262.5000","9002741372041"
"MAY67280175","0","6262.5000","9002741372058"
"MAY67280176","0","6262.5000","9002741372065"
"MAY67280177","0","6262.5000","9002741372072"
"MAY67280178","0","6262.5000","9002741372089"
"MAY67280179","0","6262.5000","9002741372096"
"MAY67280180","0","6262.5000","9002741372102"
"MAY67280181","0","7828.5000","9002741372119"
"MAY67280182","0","7828.5000","9002741372126"
"MAY67280183","0","7828.5000","9002741372133"
"MAY67280184","0","7828.5000","9002741372140"
"MAY67280185","0","7828.5000","9002741372157"
"MAY67280186","0","7828.5000","9002741372164"
"MAY67280187","0","7828.5000","9002741372171"
"MAY67280188","0","7828.5000","9002741372188"
"MAY67280189","0","7828.5000","9002741372195"
"MAY67280190","0","7828.5000","9002741372201"
"MAY67280191","0","7828.5000","9002741372218"
"MAY67280192","0","7828.5000","9002741372225"
"MAY67280193","0","7828.5000","9002741372232"
"MAY672801935","0","7828.5000","9002741372249"
"MAY67280194","0","7828.5000","9002741372256"
"MAY67280195","0","7828.5000","9002741372263"
"MAY67280196","0","7828.5000","9002741372270"
"MAY67280197","0","7828.5000","9002741372287"
"MAY67280198","0","7828.5000","9002741372294"
"MAY67280199","0","7828.5000","9002741372300"
"MAY67280200","0","7828.5000","9002741372317"
"MAY67380050","5","2234.0000","9002741372560"
"MAY67380068","3","2764.0000","9002741372744"
"MAY67380080","3","2876.5000","9002741372867"
"MAY67380085","2","3239.0000","9002741372911"
"MAY68480028","0","3386.0000","9002741375264"
"MAY68480030","0","3386.0000","9002741375271"
"MAY68480033","0","3386.0000","9002741375288"
"MAY68480035","0","3386.0000","9002741375295"
"MAY68480037","0","3386.0000","9002741375301"
"MAY68480040","0","3386.0000","9002741375318"
"MAY68480042","0","3386.0000","9002741375325"
"MAY68480045","0","3386.0000","9002741375349"
"MAY68480050","0","3386.0000","9002741375356"
"MAY68480055","0","3386.0000","9002741375363"
"MAY68480060","0","3386.0000","9002741375370"
"MAY68480065","0","3895.0000","9002741375387"
"MAY68480068","0","3895.0000","9002741375394"
"MAY68480070","0","3895.0000","9002741375400"
"MAY68480075","0","3895.0000","9002741375417"
"MAY68480078","0","3895.0000","9002741375424"
"MAY68480080","0","3895.0000","9002741375431"
"MAY68480085","0","4547.0000","9002741375448"
"MAY68480090","0","4547.0000","9002741375455"
"MAY68480095","0","4547.0000","9002741375462"
"MAY68480100","0","4547.0000","9002741375479"
"MAY68480102","0","6390.5000","9002741375486"
"MAY68480105","0","6390.5000","9002741375493"
"MAY68480110","0","6390.5000","9002741375509"
"MAY68480112","0","6390.5000","9002741375516"
"MAY68480115","0","6390.5000","9002741375523"
"MAY68480120","0","6390.5000","9002741375530"
"MAY68480125","0","8395.5000","9002741375547"
"MAY68480130","0","8395.5000","9002741375554"
"MAY68480131","0","8395.5000","9002741375561"
"MAY68480135","0","8395.5000","9002741375578"
"MAY68480140","0","8395.5000","9002741375585"
"MAY68480145","0","10183.0000","9002741375592"
"MAY68480150","0","10183.0000","9002741375608"
"MAY68480151","0","10183.0000","9002741375615"
"MAY68480155","0","10183.0000","9002741375622"
"MAY68480160","0","10183.0000","9002741375639"
"MAY68770030","0","2349.5000","9002741198573"
"MAY687700310","0","2349.5000","9002741218929"
"MAY687700317","0","2349.5000","9002741218936"
"MAY687700320","0","2349.5000","9002741218943"
"MAY687700325","0","2349.5000","9002741218868"
"MAY687700330","0","2349.5000","9002741218950"
"MAY687700338","0","2349.5000","9002741218967"
"MAY687700340","0","2349.5000","9002741218974"
"MAY687700350","0","2349.5000","9002741218981"
"MAY687700360","0","2349.5000","9002741218998"
"MAY687700365","0","2349.5000","9002741219001"
"MAY687700370","0","2349.5000","9002741219018"
"MAY687700380","0","2349.5000","9002741219025"
"MAY687700390","0","2349.5000","9002741219032"
"MAY687700400","0","2349.5000","9002741198566"
"MAY687700410","0","2349.5000","9002741219049"
"MAY687700420","0","2349.5000","9002741219056"
"MAY687700430","0","2349.5000","9002741219063"
"MAY687700440","0","2349.5000","9002741219070"
"MAY687700450","0","2349.5000","9002741219087"
"MAY687700460","0","2349.5000","9002741219094"
"MAY687700465","0","2349.5000","9002741219100"
"MAY687700470","0","2349.5000","9002741219117"
"MAY687700475","0","2349.5000","9002741219124"
"MAY687700476","0","2349.5000","9002741219131"
"MAY687700480","0","2349.5000","9002741219148"
"MAY687700490","0","2349.5000","9002741219155"
"MAY687700500","0","2349.5000","9002741198559"
"MAY687700510","0","2349.5000","9002741218882"
"MAY687700520","0","2349.5000","9002741219162"
"MAY687700525","0","2349.5000","9002741219179"
"MAY687700530","0","2349.5000","9002741219186"
"MAY687700540","0","2349.5000","9002741219193"
"MAY687700550","0","2349.5000","9002741219209"
"MAY687700555","0","2349.5000","9002741258741"
"MAY687700560","0","2349.5000","9002741219216"
"MAY687700570","0","2349.5000","9002741219223"
"MAY687700575","0","2349.5000","9002741219230"
"MAY687700580","0","2349.5000","9002741219247"
"MAY687700590","0","2349.5000","9002741219254"
"MAY687700600","0","2349.5000","9002741198542"
"MAY687700610","0","3167.5000","9002741219261"
"MAY687700620","0","3167.5000","9002741219278"
"MAY687700630","0","3167.5000","9002741219285"
"MAY687700635","0","3167.5000","9002741219292"
"MAY687700640","0","3167.5000","9002741219308"
"MAY687700650","0","3167.5000","9002741219315"
"MAY687700660","0","3167.5000","9002741219322"
"MAY687700670","0","3167.5000","9002741219339"
"MAY687700680","0","3167.5000","9002741218035"
"MAY687700690","0","3167.5000","9002741219346"
"MAY687700700","0","3167.5000","9002741218028"
"MAY687700710","0","3167.5000","9002741219353"
"MAY687700720","0","3167.5000","9002741219360"
"MAY687700725","0","3167.5000","9002741219377"
"MAY687700730","0","3167.5000","9002741219384"
"MAY687700740","0","3167.5000","9002741219391"
"MAY687700745","0","3167.5000","9002741219407"
"MAY687700750","0","3167.5000","9002741219414"
"MAY687700760","0","3167.5000","9002741219421"
"MAY687700770","0","3167.5000","9002741219438"
"MAY687700775","0","3167.5000","9002741219445"
"MAY687700780","0","3167.5000","9002741219452"
"MAY687700790","0","3167.5000","9002741219469"
"MAY687700794","0","3167.5000","9002741219476"
"MAY687700800","0","3167.5000","9002741198535"
"MAY687700810","0","3938.5000","9002741219483"
"MAY687700820","0","3938.5000","9002741219490"
"MAY687700830","0","3938.5000","9002741219506"
"MAY687700840","0","3938.5000","9002741219513"
"MAY687700845","0","3938.5000","9002741219520"
"MAY687700850","0","3938.5000","9002741218011"
"MAY687700860","0","3938.5000","9002741219537"
"MAY687700870","0","3938.5000","9002741219544"
"MAY687700880","0","3938.5000","9002741219551"
"MAY687700890","0","3938.5000","9002741219568"
"MAY687700900","0","3938.5000","9002741218004"
"MAY687700910","0","3938.5000","9002741219575"
"MAY687700920","0","3938.5000","9002741219582"
"MAY687700925","0","3938.5000","9002741219599"
"MAY687700930","0","3938.5000","9002741219605"
"MAY687700935","0","3938.5000","9002741219612"
"MAY687700940","0","3938.5000","9002741219629"
"MAY687700945","0","3938.5000","9002741219636"
"MAY687700950","0","3938.5000","9002741219643"
"MAY687700952","0","3938.5000","9002741219650"
"MAY687700960","0","3938.5000","9002741219667"
"MAY687700970","0","3938.5000","9002741219674"
"MAY687700975","0","3938.5000","9002741219681"
"MAY687700980","0","3938.5000","9002741219698"
"MAY687700990","0","3938.5000","9002741219704"
"MAY687701000","0","3938.5000","9002741198528"
"MAY687701010","0","5283.5000","9002741219711"
"MAY687701020","0","5283.5000","9002741219728"
"MAY687701025","0","5283.5000","9002741219735"
"MAY687701030","0","5283.5000","9002741219742"
"MAY687701040","0","5283.5000","9002741219759"
"MAY687701050","0","5283.5000","9002741219766"
"MAY687701060","0","5283.5000","9002741219773"
"MAY687701070","0","5283.5000","9002741219780"
"MAY687701075","0","5283.5000","9002741219797"
"MAY687701080","0","5283.5000","9002741219803"
"MAY687701090","0","5283.5000","9002741219810"
"MAY687701100","0","5283.5000","9002741217991"
"MAY687701110","0","5283.5000","9002741219827"
"MAY687701111","0","5283.5000","9002741219834"
"MAY687701120","0","5283.5000","9002741219841"
"MAY687701125","0","5283.5000","9002741219858"
"MAY687701130","0","5283.5000","9002741219865"
"MAY687701135","0","5283.5000","9002741219872"
"MAY687701140","0","5283.5000","9002741219889"
"MAY687701145","0","5283.5000","9002741219896"
"MAY687701150","0","5283.5000","9002741219902"
"MAY687701160","0","5283.5000","9002741219919"
"MAY687701170","0","5283.5000","9002741219926"
"MAY687701175","0","5283.5000","9002741219933"
"MAY687701180","0","5283.5000","9002741219940"
"MAY687701190","0","5283.5000","9002741219957"
"MAY687701200","0","5283.5000","9002741198511"
"MAY68870030","0","1956.0000","9002741241415"
"MAY68870031","0","1956.0000","9002741241422"
"MAY688700317","0","1956.0000","9002741241439"
"MAY68870032","0","1956.0000","9002741241446"
"MAY688700325","0","1956.0000","9002741241453"
"MAY68870033","0","1956.0000","9002741241460"
"MAY688700338","0","1956.0000","9002741241477"
"MAY68870034","0","1956.0000","9002741241484"
"MAY68870035","0","1956.0000","9002741241491"
"MAY68870036","0","1956.0000","9002741241507"
"MAY688700365","0","1956.0000","9002741241514"
"MAY68870037","0","1956.0000","9002741241521"
"MAY68870038","0","1956.0000","9002741241538"
"MAY68870039","0","1956.0000","9002741241545"
"MAY68870040","0","1956.0000","9002741241552"
"MAY68870041","0","1956.0000","9002741241569"
"MAY68870042","0","1956.0000","9002741241576"
"MAY68870043","0","1956.0000","9002741241583"
"MAY68870044","0","1956.0000","9002741241590"
"MAY68870045","0","1956.0000","9002741241606"
"MAY68870046","0","1956.0000","9002741241613"
"MAY688700465","0","1956.0000","9002741241620"
"MAY68870047","0","1956.0000","9002741241637"
"MAY688700475","0","1956.0000","9002741241644"
"MAY688700476","0","1956.0000","9002741241651"
"MAY68870048","0","1956.0000","9002741241668"
"MAY68870049","0","1956.0000","9002741241675"
"MAY68870050","0","1956.0000","9002741241682"
"MAY68870051","0","1956.0000","9002741241699"
"MAY68870052","0","1956.0000","9002741241705"
"MAY688700525","0","1956.0000","9002741241712"
"MAY68870053","0","1956.0000","9002741241729"
"MAY68870054","0","1956.0000","9002741241736"
"MAY68870055","0","1956.0000","9002741241743"
"MAY688700555","0","1956.0000","9002741258765"
"MAY68870056","0","1956.0000","9002741241750"
"MAY68870057","0","1956.0000","9002741241767"
"MAY688700575","0","1956.0000","9002741241774"
"MAY68870058","0","1956.0000","9002741241781"
"MAY68870059","0","1956.0000","9002741241798"
"MAY68870060","0","1956.0000","9002741241804"
"MAY68870061","0","2870.5000","9002741241811"
"MAY68870062","0","2870.5000","9002741241828"
"MAY68870063","0","2870.5000","9002741241835"
"MAY688700635","0","2870.5000","9002741241842"
"MAY68870064","0","2870.5000","9002741241859"
"MAY68870065","0","2870.5000","9002741241866"
"MAY68870066","0","2870.5000","9002741241873"
"MAY68870067","0","2870.5000","9002741241880"
"MAY68870068","0","2870.5000","9002741241897"
"MAY68870069","0","2870.5000","9002741241903"
"MAY68870070","0","2870.5000","9002741241910"
"MAY68870071","0","2870.5000","9002741241927"
"MAY68870072","0","2870.5000","9002741241934"
"MAY688700725","0","2870.5000","9002741241941"
"MAY68870073","0","2870.5000","9002741241958"
"MAY68870074","0","2870.5000","9002741241965"
"MAY688700745","0","2870.5000","9002741241972"
"MAY68870075","0","2870.5000","9002741241989"
"MAY68870076","0","2870.5000","9002741241996"
"MAY68870077","0","2870.5000","9002741242009"
"MAY688700775","0","2870.5000","9002741242016"
"MAY68870078","0","2870.5000","9002741242023"
"MAY68870079","0","2870.5000","9002741242030"
"MAY688700794","0","2870.5000","9002741242047"
"MAY68870080","0","2870.5000","9002741242054"
"MAY68870081","0","3550.0000","9002741242061"
"MAY68870082","0","3550.0000","9002741242078"
"MAY68870083","0","3550.0000","9002741242085"
"MAY68870084","0","3550.0000","9002741242092"
"MAY688700845","0","3550.0000","9002741242108"
"MAY68870085","0","3550.0000","9002741242115"
"MAY68870086","0","3550.0000","9002741242122"
"MAY68870087","0","3550.0000","9002741242139"
"MAY68870088","0","3550.0000","9002741242146"
"MAY68870089","0","3550.0000","9002741242153"
"MAY68870090","0","3550.0000","9002741242160"
"MAY68870091","0","3550.0000","9002741242177"
"MAY68870092","0","3550.0000","9002741242184"
"MAY688700925","0","3550.0000","9002741242191"
"MAY68870093","0","3550.0000","9002741242207"
"MAY688700935","0","3550.0000","9002741242214"
"MAY68870094","0","3550.0000","9002741242221"
"MAY688700945","0","3550.0000","9002741242238"
"MAY68870095","0","3550.0000","9002741242245"
"MAY688700952","0","3550.0000","9002741242252"
"MAY68870096","0","3550.0000","9002741242269"
"MAY68870097","0","3550.0000","9002741242276"
"MAY688700975","0","3550.0000","9002741242283"
"MAY68870098","0","3550.0000","9002741242290"
"MAY68870099","0","3550.0000","9002741242306"
"MAY68870100","0","3550.0000","9002741242313"
"MAY68870101","0","4517.0000","9002741242320"
"MAY68870102","0","4517.0000","9002741242337"
"MAY688701025","0","4517.0000","9002741242344"
"MAY68870103","0","4517.0000","9002741242351"
"MAY68870104","0","4517.0000","9002741242368"
"MAY68870105","0","4517.0000","9002741242375"
"MAY68870106","0","4517.0000","9002741242382"
"MAY68870107","0","4517.0000","9002741242399"
"MAY688701075","0","4517.0000","9002741242405"
"MAY68870108","0","4517.0000","9002741242412"
"MAY68870109","0","4517.0000","9002741242429"
"MAY68870110","0","4517.0000","9002741242436"
"MAY68870111","0","4517.0000","9002741242443"
"MAY688701111","0","4517.0000","9002741242450"
"MAY68870112","0","4517.0000","9002741242467"
"MAY688701125","0","4517.0000","9002741242474"
"MAY68870113","0","4517.0000","9002741242481"
"MAY688701135","0","4517.0000","9002741242498"
"MAY68870114","0","4517.0000","9002741242504"
"MAY688701145","0","4517.0000","9002741242511"
"MAY68870115","0","4517.0000","9002741242528"
"MAY68870116","0","4517.0000","9002741242535"
"MAY68870117","0","4517.0000","9002741242542"
"MAY688701175","0","4517.0000","9002741242559"
"MAY68870118","0","4517.0000","9002741242566"
"MAY68870119","0","4517.0000","9002741242573"
"MAY68870120","0","4517.0000","9002741242580"
"MAY68970030","0","2467.5000","9002741242689"
"MAY68970031","0","2467.5000","9002741242696"
"MAY689700317","0","2467.5000","9002741242702"
"MAY68970032","0","2467.5000","9002741242719"
"MAY689700325","0","2467.5000","9002741242726"
"MAY68970033","0","2467.5000","9002741242733"
"MAY689700338","0","2467.5000","9002741242740"
"MAY68970034","0","2467.5000","9002741242757"
"MAY68970035","0","2467.5000","9002741242764"
"MAY68970036","0","2467.5000","9002741242771"
"MAY689700365","0","2467.5000","9002741242788"
"MAY68970037","0","2467.5000","9002741242795"
"MAY68970038","0","2467.5000","9002741242801"
"MAY68970039","0","2467.5000","9002741242818"
"MAY68970040","0","2467.5000","9002741242825"
"MAY68970041","0","2467.5000","9002741242832"
"MAY68970042","0","2467.5000","9002741242849"
"MAY68970043","0","2467.5000","9002741242856"
"MAY68970044","0","2467.5000","9002741242863"
"MAY68970045","0","2467.5000","9002741242870"
"MAY68970046","0","2467.5000","9002741242887"
"MAY689700465","0","2467.5000","9002741242894"
"MAY68970047","0","2467.5000","9002741242900"
"MAY689700475","0","2467.5000","9002741242917"
"MAY689700476","0","2467.5000","9002741242924"
"MAY68970048","0","2467.5000","9002741242931"
"MAY68970049","0","2467.5000","9002741242948"
"MAY68970050","0","2467.5000","9002741242955"
"MAY68970051","0","2467.5000","9002741242962"
"MAY68970052","0","2467.5000","9002741242979"
"MAY689700525","0","2467.5000","9002741242986"
"MAY68970053","0","2467.5000","9002741242993"
"MAY68970054","0","2467.5000","9002741243006"
"MAY68970055","0","2467.5000","9002741243013"
"MAY689700555","0","2467.5000","9002741258772"
"MAY68970056","0","2467.5000","9002741243020"
"MAY68970057","0","2467.5000","9002741243037"
"MAY689700575","0","2467.5000","9002741243044"
"MAY68970058","0","2467.5000","9002741243051"
"MAY68970059","0","2467.5000","9002741243068"
"MAY68970060","0","2467.5000","9002741243075"
"MAY68970061","0","3327.0000","9002741243082"
"MAY68970062","0","3327.0000","9002741243099"
"MAY68970063","0","3327.0000","9002741243105"
"MAY689700635","0","3327.0000","9002741243112"
"MAY68970064","0","3327.0000","9002741243129"
"MAY68970065","0","3327.0000","9002741243136"
"MAY68970066","0","3327.0000","9002741243143"
"MAY68970067","0","3327.0000","9002741243150"
"MAY68970068","0","3327.0000","9002741243167"
"MAY68970069","0","3327.0000","9002741243174"
"MAY68970070","0","3327.0000","9002741243181"
"MAY68970071","0","3327.0000","9002741243198"
"MAY68970072","0","3327.0000","9002741243204"
"MAY689700725","0","3327.0000","9002741243211"
"MAY68970073","0","3327.0000","9002741243228"
"MAY68970074","0","3327.0000","9002741243235"
"MAY689700745","0","3327.0000","9002741243242"
"MAY68970075","0","3327.0000","9002741243259"
"MAY68970076","0","3327.0000","9002741243266"
"MAY68970077","0","3327.0000","9002741243273"
"MAY689700775","0","3327.0000","9002741243280"
"MAY68970078","0","3327.0000","9002741243297"
"MAY68970079","0","3327.0000","9002741243303"
"MAY689700794","0","3327.0000","9002741243310"
"MAY68970080","0","3327.0000","9002741243327"
"MAY68970081","0","4136.0000","9002741243334"
"MAY68970082","0","4136.0000","9002741243341"
"MAY68970083","0","4136.0000","9002741243358"
"MAY68970084","0","4136.0000","9002741243365"
"MAY689700845","0","4136.0000","9002741243372"
"MAY68970085","0","4136.0000","9002741243389"
"MAY68970086","0","4136.0000","9002741243396"
"MAY68970087","0","4136.0000","9002741243402"
"MAY68970088","0","4136.0000","9002741243419"
"MAY68970089","0","4136.0000","9002741243426"
"MAY68970090","0","4136.0000","9002741243433"
"MAY68970091","0","4136.0000","9002741243440"
"MAY68970092","0","4136.0000","9002741243457"
"MAY689700925","0","4136.0000","9002741243464"
"MAY68970093","0","4136.0000","9002741243471"
"MAY689700935","0","4136.0000","9002741243488"
"MAY68970094","0","4136.0000","9002741243495"
"MAY689700945","0","4136.0000","9002741243501"
"MAY68970095","0","4136.0000","9002741243518"
"MAY689700952","0","4136.0000","9002741243525"
"MAY68970096","0","4136.0000","9002741243532"
"MAY68970097","0","4136.0000","9002741243549"
"MAY689700975","0","4136.0000","9002741243556"
"MAY68970098","0","4136.0000","9002741243563"
"MAY68970099","0","4136.0000","9002741243570"
"MAY68970100","0","4136.0000","9002741243587"
"MAY68970101","0","5546.5000","9002741243594"
"MAY68970102","0","5546.5000","9002741243600"
"MAY689701025","0","5546.5000","9002741243617"
"MAY68970103","0","5546.5000","9002741243624"
"MAY68970104","0","5546.5000","9002741243631"
"MAY68970105","0","5546.5000","9002741243648"
"MAY68970106","0","5546.5000","9002741243655"
"MAY68970107","0","5546.5000","9002741243662"
"MAY689701075","0","5546.5000","9002741243679"
"MAY68970108","0","5546.5000","9002741243686"
"MAY68970109","0","5546.5000","9002741243693"
"MAY68970110","0","5546.5000","9002741243709"
"MAY68970111","0","5546.5000","9002741243716"
"MAY68970112","0","5546.5000","9002741243730"
"MAY689701125","0","5546.5000","9002741243747"
"MAY68970113","0","5546.5000","9002741243754"
"MAY689701135","0","5546.5000","9002741243761"
"MAY68970114","0","5546.5000","9002741243778"
"MAY689701145","0","5546.5000","9002741243785"
"MAY68970115","0","5546.5000","9002741243792"
"MAY68970116","0","5546.5000","9002741243808"
"MAY68970117","0","5546.5000","9002741243815"
"MAY689701175","0","5546.5000","9002741243822"
"MAY68970118","0","5546.5000","9002741243839"
"MAY68970119","0","5546.5000","9002741243846"
"MAY68970120","0","5546.5000","9002741243853"
"MAY7110006151","0","2109.0000","9002741176472"
"MAY71770030","2","1243.5000","9002741660377"
"MAY71770040","7","1244.5000","9002741660384"
"MAY71770050","4","1246.5000","9002741660391"
"MAY71770060","1","1248.0000","9002741660407"
"MAY71770080","6","1703.0000","9002741660414"
"MAY71770100","6","2487.5000","9002741660421"
"MAY71770120","6","3143.0000","9002741660438"
"MAY71770160","8","5500.0000","9002741660445"
"MAY71770220","7","8508.5000","9002741660452"
"MAY71870040","1","1135.0000","9002741660476"
"MAY71870060","1","1137.0000","9002741660490"
"MAY71870080","1","1510.0000","9002741660506"
"MAY71870100","1","2195.0000","9002741660513"
"MAY71870120","0","2652.5000","9002741660520"
"MAY72170020","0","1001.0000","9002741148196"
"MAY72170030","0","1277.0000","9002741035489"
"MAY72170040","2","1277.0000","9002741035496"
"MAY72170050","2","1277.0000","9002741035939"
"MAY72170060","2","1277.0000","9002741035946"
"MAY72170080","2","1746.5000","9002741037230"
"MAY72170100","2","2552.5000","9002741036387"
"MAY72170120","1","3223.5000","9002741036684"
"MAY72170140","0","4298.0000","9002741037247"
"MAY72170160","1","5641.0000","9002741037254"
"MAY72170200","0","8165.0000","9002741036875"
"MAY72500030","0","1718.5000","9002741060108"
"MAY72500040","1","1718.5000","9002741060115"
"MAY72500050","1","1718.5000","9002741060122"
"MAY72500060","0","1718.5000","9002741060139"
"MAY72500080","-1","2383.0000","9002741060146"
"MAY72500100","0","3165.5000","9002741060153"
"MAY72500120","0","4025.0000","9002741060160"
"MAY72500160","0","6876.0000","9002741060184"
"MAY72500200","0","10138.0000","9002741060191"
"MAY72500250","0","12545.5000","9002741062553"
"MAY73270120","0","3878.5000","9002741099931"
"MAY73370160","5","8046.0000","9002741103171"
"MAY73570040","4","1741.0000","9002741103829"
"MAY73570050","7","1741.0000","9002741103836"
"MAY73570060","3","1741.0000","9002741103843"
"MAY73570080","3","2451.0000","9002741103850"
"MAY73570100","3","3320.0000","9002741103867"
"MAY73570120","0","4440.5000","9002741102136"
"MAY73570160","0","6842.0000","9002741103874"
"MAY73570200","0","10011.5000","9002741103881"
"MAY77170030","0","1277.0000","9002740003366"
"MAY77170040","0","1277.0000","9002740997924"
"MAY77170050","0","1277.0000","9002740997931"
"MAY77170060","0","1277.0000","9002740983989"
"MAY77170080","0","1746.5000","9002740983996"
"MAY77170100","0","2552.5000","9002740984009"
"MAY77170120","0","3223.5000","9002740984016"
"MAY77170140","0","4298.0000","9002740984023"
"MAY77170160","0","5641.0000","9002740984030"
"MAY77170200","0","8165.0000","9002740984054"
"MAY79500030","0","1718.5000","9002741060290"
"MAY79500040","0","1718.5000","9002741060283"
"MAY79500050","0","1718.5000","9002741060276"
"MAY79500060","0","1718.5000","9002741060269"
"MAY79500080","0","2383.0000","9002741060252"
"MAY79500100","0","3165.5000","9002741060245"
"MAY79500120","0","4025.0000","9002741060238"
"MAY79500160","0","6876.0000","9002741060214"
"MAY79500200","0","10138.0000","9002741060207"
"MAY79500250","0","12545.5000","9002741062560"
"MAY79760060","1","1543.0000",""
"MAY80030030","0","2120.5000","9002741302314"
"MAY80030040","0","2120.5000","9002741302321"
"MAY80030050","0","2120.5000","9002741302338"
"MAY80030060","0","2120.5000","9002741302345"
"MAY80030080","0","2785.5000","9002741302352"
"MAY80030100","0","3557.5000","9002741302369"
"MAY80030120","0","4761.5000","9002741302376"
"MAY80030140","0","5894.5000","9002741302383"
"MAY80030160","0","8122.0000","9002741302390"
"MAY80030200","0","12014.5000","9002741302406"
"MAY80230060","0","1831.5000","9002741613786"
"MAY80230070","0","2262.0000","9002741613793"
"MAY80230080","0","2506.5000","9002741613809"
"MAY80230090","0","3259.5000","9002741613816"
"MAY80230100","0","3661.5000","9002741613823"
"MAY80230110","0","4209.0000","9002741613830"
"MAY80230120","0","4625.5000","9002741613847"
"MAY80230140","0","6167.5000","9002741613854"
"MAY80230160","0","7345.5000","9002741613861"
"MAY80230180","0","8237.5000","9002741613878"
"MAY80230200","0","11715.0000","9002741613885"
"MAY80230250","0","17812.5000","9002741613892"
"MAY81070010","0","1649.5000","9002741281480"
"MAY81070015","0","1649.5000","9002741282166"
"MAY81070020","0","1596.5000","9002741281497"
"MAY81070025","0","1596.5000","9002741281503"
"MAY81070030","0","1596.5000","9002741281510"
"MAY81070035","0","1596.5000","9002741281527"
"MAY81070040","0","1596.5000","9002741281534"
"MAY81070045","0","1596.5000","9002741281541"
"MAY81070050","0","1596.5000","9002741281558"
"MAY81070055","0","1596.5000","9002741281565"
"MAY81070060","0","1596.5000","9002741281572"
"MAY81070070","0","2231.0000","9002741281596"
"MAY81070075","0","2204.0000","9002741281602"
"MAY81070080","0","2091.5000","9002741281619"
"MAY81070090","0","2898.5000","9002741281626"
"MAY81070100","0","2848.0000","9002741281640"
"MAY81070120","0","3828.0000","9002741281657"
"MAY81070140","0","4646.0000","9002741281664"
"MAY81070160","0","5818.0000","9002741281671"
"MAY81070200","0","8687.0000","9002741281688"
"MAY81230060","0","1831.5000","9002741614387"
"MAY81230070","0","2262.0000","9002741614394"
"MAY81230080","0","2506.5000","9002741614400"
"MAY81230090","0","3259.5000","9002741614417"
"MAY81230100","0","3661.5000","9002741614424"
"MAY81230110","0","4209.0000","9002741614431"
"MAY81230120","0","4625.5000","9002741614448"
"MAY81230140","0","6167.5000","9002741614455"
"MAY81230160","0","7345.5000","9002741614462"
"MAY81230180","0","8237.5000","9002741614479"
"MAY81230200","0","11715.0000","9002741614486"
"MAY81230250","0","17812.5000","9002741614493"
"MAY82170020","0","1105.5000","9002741175444"
"MAY82170030","0","1410.0000","9002741176250"
"MAY82170040","0","1410.0000","9002741176243"
"MAY82170050","0","1410.0000","9002741176236"
"MAY82170060","0","1410.0000","9002741176229"
"MAY82170070","0","2385.0000","9002741202645"
"MAY82170080","0","1928.5000","9002741176212"
"MAY82170090","0","3140.0000","9002741202652"
"MAY82170100","0","2818.0000","9002741176205"
"MAY82170110","0","4424.0000","9002741202669"
"MAY82170120","0","3558.5000","9002741176199"
"MAY82170140","0","4745.5000","9002741176182"
"MAY82170160","0","6229.5000","9002741176175"
"MAY82170200","0","9015.0000","9002741176168"
"MAY82470020","0","1166.0000","9002741175437"
"MAY82470030","0","1480.0000","9002741175857"
"MAY82470040","0","1480.0000","9002741175864"
"MAY82470050","0","1480.0000","9002741175840"
"MAY82470060","0","1480.0000","9002741175833"
"MAY82470070","0","2457.0000","9002741202584"
"MAY82470080","0","2024.5000","9002741175819"
"MAY82470090","0","3258.5000","9002741202591"
"MAY82470100","0","2958.0000","9002741175802"
"MAY82470110","0","4634.5000","9002741202607"
"MAY82470120","0","3737.0000","9002741175796"
"MAY82470160","0","6541.0000","9002741175765"
"MAY82470200","0","9468.5000","9002741175758"
"MAY832028","7","4814.5000","9002740190813"
"MAY83470030","0","1641.0000","9002741175413"
"MAY83470040","1","1641.0000","9002741175642"
"MAY83470050","1","1641.0000","9002741175635"
"MAY83470060","1","1641.0000","9002741175628"
"MAY83470080","1","2245.5000","9002741175611"
"MAY83470100","1","3279.5000","9002741175604"
"MAY83470120","0","4144.0000","9002741175598"
"MAY83470160","0","7254.0000","9002741175574"
"MAY83470200","0","10498.0000","9002741175567"
"MAY841015","0","2340.5000","9002740191391"
"MAY8510060","0","852.0000","9002740191766"
"MAY8510080","0","1006.0000","9002740191773"
"MAY8510100","0","1203.0000","9002740191780"
"MAY864700303","0","1789.0000","9002741196500"
"MAY864700305","0","1789.0000","9002741196517"
"MAY864700405","0","1789.0000","9002741196524"
"MAY864700410","0","1789.0000","9002741196531"
"MAY864700505","0","1789.0000","9002741196548"
"MAY864700510","0","1789.0000","9002741196555"
"MAY864700605","0","1789.0000","9002741196562"
"MAY864700610","0","1789.0000","9002741196579"
"MAY864700615","0","1789.0000","9002741196586"
"MAY864700620","0","1789.0000","9002741196296"
"MAY864700805","0","2448.0000","9002741196609"
"MAY864700810","0","2448.0000","9002741196616"
"MAY864700815","0","2448.0000","9002741196623"
"MAY864700820","0","2448.0000","9002741196630"
"MAY864701005","0","3577.0000","9002741196647"
"MAY864701010","0","3577.0000","9002741196654"
"MAY864701015","0","3577.0000","9002741196661"
"MAY864701020","0","3577.0000","9002741196678"
"MAY864701205","0","4518.0000","9002741196685"
"MAY864701210","0","4518.0000","9002741196692"
"MAY864701215","0","4518.0000","9002741196708"
"MAY864701220","0","4518.0000","9002741196715"
"MAY864701610","0","7908.0000","9002741196722"
"MAY864701620","0","7908.0000","9002741196739"
"MAY864701630","0","7908.0000","9002741196746"
"MAY864702010","0","11445.0000","9002741196753"
"MAY864702020","0","11445.0000","9002741196760"
"MAY864702030","0","11445.0000","9002741196777"
"MAY87170030","0","1410.0000","9002741175383"
"MAY87170040","0","1410.0000","9002741176151"
"MAY87170050","0","1410.0000","9002741176144"
"MAY87170060","0","1410.0000","9002741176137"
"MAY87170070","0","2385.0000","9002741202676"
"MAY87170080","0","1928.5000","9002741176120"
"MAY87170090","0","3140.0000","9002741202683"
"MAY87170100","0","2818.0000","9002741176113"
"MAY87170110","0","4424.0000","9002741202690"
"MAY87170120","0","3558.5000","9002741176106"
"MAY87170140","0","4745.5000","9002741176267"
"MAY87170160","0","6229.5000","9002741176083"
"MAY87170200","0","9015.0000","9002741176076"
"MAY87470030","0","1480.0000","9002741175376"
"MAY87470040","0","1480.0000","9002741175741"
"MAY87470050","0","1480.0000","9002741175734"
"MAY87470060","0","1480.0000","9002741175727"
"MAY87470070","0","2457.0000","9002741202614"
"MAY87470080","0","2024.5000","9002741175710"
"MAY87470090","0","3258.5000","9002741202621"
"MAY87470100","0","2958.0000","9002741175703"
"MAY87470110","0","4634.5000","9002741202638"
"MAY87470120","0","3737.0000","9002741175697"
"MAY87470160","0","6541.0000","9002741175673"
"MAY87470200","0","9468.5000","9002741175659"
"MAY87870040","0","1791.0000","9002741288175"
"MAY87870050","0","1791.0000","9002741288182"
"MAY87870060","0","1791.0000","9002741288199"
"MAY87870080","0","2474.0000","9002741288205"
"MAY87870100","0","3422.0000","9002741288212"
"MAY87870120","0","4227.5000","9002741288229"
"MAY87870140","0","5512.5000","9002741288236"
"MAY87870160","0","7387.0000","9002741288243"
"MAY87870200","0","10802.0000","9002741288250"
"MAY9010010","20","62.8000",""
"MAY9010011","0","64.2000",""
"MAY9010012","91","70.8000","9002740156017"
"MAY9010013","120","66.4000",""
"MAY9010014","0","62.8000",""
"MAY9010015","21","59.6000",""
"MAY9010016","0","62.8000",""
"MAY90100162","200","58.4000",""
"MAY90100165","200","58.4000",""
"MAY9010017","0","64.2000",""
"MAY9010018","0","62.8000",""
"MAY9010019","0","64.2000",""
"MAY9010020","20","52.8000",""
"MAY9010021","0","67.4000",""
"MAY9010022","0","67.4000",""
"MAY9010023","20","67.4000",""
"MAY9010024","0","69.8000",""
"MAY9010025","13","56.2000",""
"MAY9010026","0","70.8000",""
"MAY9010027","0","70.8000",""
"MAY9010028","120","72.0000",""
"MAY9010029","0","72.0000",""
"MAY9010030","15","56.2000",""
"MAY9010031","0","74.2000",""
"MAY9010032","0","62.8000",""
"MAY9010033","14","64.2000",""
"MAY9010034","0","78.6000",""
"MAY9010035","0","62.8000",""
"MAY9010036","0","79.8000",""
"MAY9010037","0","82.0000",""
"MAY9010038","11","82.0000",""
"MAY9010039","0","84.2000",""
"MAY9010040","0","67.4000",""
"MAY9010041","0","84.2000",""
"MAY9010042","64","86.6000",""
"MAY9010043","0","86.6000",""
"MAY9010044","0","88.6000",""
"MAY9010045","15","88.6000",""
"MAY9010046","0","92.2000",""
"MAY9010047","0","92.2000",""
"MAY9010048","15","93.2000",""
"MAY9010049","0","97.8000",""
"MAY9010050","157","83.0000",""
"MAY9010051","0","97.8000",""
"MAY9010052","110","98.8000",""
"MAY9010053","0","100.0000",""
"MAY9010054","0","108.0000",""
"MAY9010055","13","118.0000",""
"MAY9010056","0","111.5000",""
"MAY9010057","0","111.5000",""
"MAY9010058","0","111.5000",""
"MAY9010059","0","111.5000",""
"MAY9010060","95","110.5000",""
"MAY9010061","0","124.0000",""
"MAY9010062","0","124.0000",""
"MAY9010063","0","124.0000",""
"MAY9010064","0","135.0000",""
"MAY9010065","5","124.0000",""
"MAY9010066","0","135.0000",""
"MAY9010067","0","135.0000",""
"MAY9010068","5","147.5000",""
"MAY9010069","0","147.5000",""
"MAY9010070","5","130.5000",""
"MAY9010071","0","177.5000",""
"MAY9010072","0","177.5000",""
"MAY9010073","0","177.5000",""
"MAY9010074","0","177.5000",""
"MAY9010075","5","137.5000",""
"MAY9010076","0","211.0000",""
"MAY9010077","0","211.0000",""
"MAY9010078","0","211.0000",""
"MAY9010079","0","211.0000",""
"MAY9010080","22","170.5000",""
"MAY9010081","0","211.0000",""
"MAY9010082","0","223.5000",""
"MAY9010083","15","223.5000",""
"MAY9010084","0","232.5000",""
"MAY9010085","10","168.5000",""
"MAY9010086","0","249.0000",""
"MAY9010087","0","249.0000",""
"MAY9010088","0","267.5000",""
"MAY9010089","0","279.5000",""
"MAY9010090","10","219.0000",""
"MAY9010091","0","296.5000",""
"MAY9010092","0","313.0000",""
"MAY9010093","0","321.0000",""
"MAY9010094","0","352.5000",""
"MAY9010095","10","257.0000",""
"MAY9010096","0","360.5000",""
"MAY9010097","0","360.5000",""
"MAY9010098","0","360.5000",""
"MAY9010099","0","360.5000",""
"MAY9010100","140","249.0000",""
"MAY9010102","0","352.5000",""
"MAY9010105","10","360.5000",""
"MAY9010110","0","399.5000",""
"MAY9010115","0","507.0000",""
"MAY9010120","0","575.5000",""
"MAY9010125","0","685.0000",""
"MAY9010130","0","736.5000",""
"MAY96257004311","0","2740.5000","9002741670321"
"MAY96257004381","0","2358.4600",""
"MC01-1","141","542.5000","6009515836528"
"MC02","109","512.5000","6009675086610"
"MC02-1","225","542.5000","6009515836535"
"MC03","293","512.5000","6009600406988"
"MC03-1","53","542.5000","6009515836542"
"MC04","273","512.5000","6009600406995"
"MC04-1","63","542.5000","6009515836559"
"MC05","228","512.5000","6009515802288"
"MC05-1","257","542.5000","6009515836566"
"MCA66-62-58","93","3025.5000","6009675084890"
"ME01015","2055","18.3000","6009515823283"
"ME01030","3278","36.6000","6009515823290"
"ME01060","726","88.8000","6009515823306"
"ME01100","382","207.5000","6009515823313"
"ME02030","343","92.8000","6009515826345"
"ME02060","36","182.5000","6009515826352"
"ME02100","212","312.0000","6009515826369"
"ME022120","266","516.5000","6009515910983"
"ME022200","584","857.0000","6009515910990"
"ME02260","1151","301.5000","6009515910976"
"ME03300","1077","78.2000","6009515830748"
"ME03600","1324","193.0000","6009515830755"
"ME04150","925","141.0000","6009515830809"
"ME04200","639","167.0000","6009515858988"
"ME04800","547","287.0000","6009515900410"
"ME05316","1281","105.0000","6009515833145"
"ME05519","918","138.5000","6009515833152"
"ME05825","1153","227.5000","6009515833169"
"ME06030","991","301.5000","6009515841010"
"ME06050","465","725.0000","6009515841027"
"ME06100","12157","167.5000","6009515841034"
"ME06130","233","624.5000","6009515897499"
"ME06316","3375","57.0000","6009515833176"
"ME06519","9923","78.8000","6009515833183"
"ME06525","985","101.0000","6009515844561"
"ME06825","7635","148.0000","6009515833190"
"ME07003","2199","33.4000","6009515855000"
"ME07005","4700","88.6000","6009515864149"
"ME07008","4155","120.0000","6009515864163"
"ME07519","1279","239.0000","6009515907174"
"ME07825","976","277.0000","6009515864293"
"ME07825-01","169","10.3000","6009515865863"
"ME08150","603","60.8000","6009515839406"
"ME08200","481","69.4000","6009515839413"
"ME08300","116","82.0000","6009515839420"
"ME09030","1435","178.0000","6009515823320"
"ME09031","462","416.0000","6009515900427"
"ME09060","-9","636.5000","6009515829742"
"ME09180","450","104.0000","6009515884017"
"ME09300","884","173.5000","6009515884000"
"ME09301","1454","171.0000","6009515899370"
"ME10150","1614","311.5000","6009515818982"
"ME10200","457","406.5000","6009515818999"
"ME11150","329","419.5000","6009515819002"
"ME11200","392","592.5000","6009515819019"
"ME11300","614","984.5000","6009515819026"
"ME12150","280","645.5000","6009515819033"
"ME12200","243","1013.0000","6009515819040"
"ME12300","64","1718.0000","6009515819057"
"ME13150","210","425.5000","6009515819064"
"ME14150","390","495.0000","6009515819194"
"ME14200","281","767.5000","6009515819200"
"ME14300","114","1392.0000","6009515819217"
"ME15150","125","535.0000","6009515824464"
"ME17150","653","54.8000","6009515878610"
"ME18080","847","30.8000","6009515899387"
"ME18080-1","321","113.0000","6009515899424"
"ME18100","369","37.8000","6009515899394"
"ME18100-2","295","148.0000","6009515899431"
"ME18150","735","76.2000","6009515899400"
"ME18200","366","108.0000","6009515899417"
"ME19001","95","128.0000","6009515899448"
"ME20025","107","316.5000","6009515819071"
"ME30025","30","2179.5000","6009515819101"
"ME30050","34","2151.5000","6009515819118"
"ME30075","48","2367.0000","6009515819125"
"MER MSB001","47","8339.0000",""
"MER STICK704","1114","49.0000","6009515900779"
"MER STICK705","77","26.0800",""
"METB0020","0","143.2900","6009515915513"
"METB0316","0","78.8900","6009515915209"
"METB08250","0","107.8700","6009515915506"
"METB11150","-3","260.0200","6009515915339"
"MIL TPE-3408Y2","2991","141.0000","8901057906722"
"MILSTAP3-10","1977","26.2000","8901057901017"
"MILSTAP3-12","1128","29.2000","8901057901024"
"MILSTAP3-14","810","33.4000","8901057901031"
"MILSTAP3-6","2234","18.8000","8901057900997"
"MILSTAP3-8","2243","22.0000","8901057901000"
"MILSTAP4-10","1436","53.2000","8901057901062"
"MILSTAP4-12","1077","58.4000","8901057901079"
"MILSTAP4-14","1248","72.0000","8901057901086"
"MILSTAP4-6","1683","40.8000","8901057901048"
"MILSTAP4-8","1677","46.0000","8901057901055"
"MILSTAP74","512","47.0000","8901057903882"
"MILSTAP8-14","499","41.8000","8901057901147"
"MILSTAP9-14","344","36.6000","8901057901154"
"MILTP5525","614","182.5000","8901057901727"
"MILTP5525C2","483","207.5000","8901057902588"
"MILTS5580R","396","312.0000","8901057900621"
"MILTS5585K","620","291.0000","8901057903158"
"MILTS5670T","697","520.5000","8901057903721"
"MM DS7","23","511.0000","6009515825294"
"MM DS7-2","210","511.0000","6009515827816"
"MM DS9","285","573.5000","6009515825300"
"MM DS9-2","227","573.5000","6009515827823"
"MM10","46","298.5000","6009515800574"
"MM4","287","110.5000","6009600409712"
"MM5","177","140.5000","6009600404397"
"MM6","235","151.0000","6009600404403"
"MM7","251","175.0000","6009600404410"
"MM7-2","-29","183.5000","6009515825317"
"MM8","150","205.0000","6009600404427"
"MM9","88","253.5000","6009600404434"
"MM9-2","85","281.5000","6009515825324"
"MPS10500-LIG","5","447.5000","4260028640039"
"MPS10550-LIG","6","498.5000","4260028640046"
"MPS12250-LIG","0","447.5000","4260028640091"
"MPS16350-LIG","4","559.0000","4260028640145"
"MPS18450-LIG","9","560.0000","4260028640183"
"MPS3100-1","25","192.0000","4028655910013"
"MPS3100-8","6","350.0000","4028655910082"
"MPS3101-2","963","78.4000","4028655231019"
"MPS3101-5","228","131.5000","4028655031015"
"MPS3101-PC-2","60","138.5000","4028655310110"
"MPS3101F-2","134","145.0000","4028655210168"
"MPS3101F-5","97","353.5000","4028655310165"
"MPS3101KR-2","234","94.8000","4028655210144"
"MPS3101KR-5","28","245.5000","4028655310141"
"MPS3101S-2","6","97.6000","4028655210182"
"MPS3102-2","393","78.2000","4028655231026"
"MPS3102-5","1046","131.5000","4028655031022"
"MPS3102F-2","130","132.0000","4028655410261"
"MPS3102F-5","133","281.0000","4028655310264"
"MPS3103-2","340","77.2000","4028655231033"
"MPS3103-5","419","130.0000","4028655031039"
"MPS3103L-2","310","91.0000","4028655210328"
"MPS3103L-5","75","208.0000","4028655310325"
"MPS3103S-2","131","52.4000","4028655210380"
"MPS3104-2","513","62.4000","4028655231040"
"MPS3104-5","824","109.5000","4028655031046"
"MPS3104L-2","133","74.8000","4028655210427"
"MPS3104L-5","152","174.0000","4028655310424"
"MPS3105-2","171","72.6000","4028655231057"
"MPS3105-5","47","146.5000","4028655031053"
"MPS3106-2","327","52.0000","4028655231064"
"MPS3106-5","1612","88.6000","4028655031060"
"MPS3108-2","274","52.0000","4028655431082"
"MPS3108-5","65","103.5000","4028655031084"
"MPS31085-2","273","42.8000","4028655310868"
"MPS3109-2","252","58.0000","4028655431099"
"MPS3109-5","305","114.5000","4028655031091"
"MPS3110-2","575","77.2000","4028655431105"
"MPS3110-5","56","191.0000","4028655031107"
"MPS3110F-2","200","91.0000","4028655211066"
"MPS3111-2","226","76.4000","4028655431112"
"MPS3111-5","235","192.5000","4028655031114"
"MPS31119-2","93","70.0000","4028655531126"
"MPS31119-5","30","142.0000","4028655531119"
"MPS31119F-2","91","74.4000","4028655411176"
"MPS31119F-5","36","156.5000","4028655311179"
"MPS3111F-2","5","91.0000","4028655411169"
"MPS3111F-5","83","197.0000","4028655311162"
"MPS3112-2","167","97.6000","4028655431174"
"MPS3113-2","294","79.4000","4028655431136"
"MPS3113-5","31","189.0000","4028655031138"
"MPS31139-2","100","70.0000","4028655331146"
"MPS31139-5","50","142.0000","4028655331139"
"MPS31139F-2","85","75.2000","4028655311407"
"MPS31139F-5","50","156.5000","4028655311391"
"MPS3114-2","136","121.0000","4028655431143"
"MPS3114-5","31","290.0000","4028655031145"
"MPS3115-2","180","115.0000","4028655431150"
"MPS3115-5","49","271.0000","4028655031152"
"MPS3115F-2","97","109.5000","4028655411565"
"MPS3115F-5","86","239.0000","4028655311568"
"MPS3116-5","203","366.5000","4028655031169"
"MPS3118-2","14","93.6000","4028655231187"
"MPS3118-5","86","232.5000","4028655031183"
"MPS3118F-5","37","219.0000","4028655311865"
"MPS3119-5","6","266.5000","4028655031190"
"MPS3121-1","45","120.5000","4028655031213"
"MPS3122-1","51","106.5000","4028655031220"
"MPS3124","323","572.5000","4028655531249"
"MPS3125-1","193","437.5000","4028655031251"
"MPS3127F-5","22","213.0000","4028655312763"
"MPS3129-2","25","295.5000","4028655312923"
"MPS3130-3","54","861.0000","4028655031305"
"MPS3142-1","69","792.5000","4028655331429"
"MPS3144-1","54","792.5000","4028655331443"
"MPS3145-2","64","84.6000","4028655431228"
"MPS3146-1","54","792.5000","4028655331467"
"MPS3147-1","60","792.5000","4028655331474"
"MPS3150F-2","122","149.5000","4028655415068"
"MPS3150F-5","195","359.0000","4028655315061"
"MPS3160-2","74","82.0000","4028655231606"
"MPS3161-2","89","74.2000","4028655316129"
"MPS3161-5","46","171.0000","4028655503161"
"MPS3162-2","93","61.6000","4028655316204"
"MPS3162-5","48","143.0000","4028655316259"
"MPS3170-2","152","85.0000","4028655231705"
"MPS3170-5","153","220.5000","4028655031701"
"MPS3171-2","122","76.4000","4028655231712"
"MPS3171-5","12","159.5000","4028655031718"
"MPS3176-F-5","161","268.5000","4028655031763"
"MPS3181-5","102","251.0000","4028655543181"
"MPS3182-2","198","146.5000","4028655318222"
"MPS3182-5","96","323.5000","4028655318215"
"MPS3197-3","92","102.5000","4028655031978"
"MPS3198-5","226","165.5000","4028655031985"
"MPS3304-2","417","52.2000","4028655233044"
"MPS3306-5","86","100.6000","4028655033064"
"MPS3308-5","6","123.5000",""
"MPS3311-5","118","171.5000","4028655033118"
"MPS3313-2","11","74.0000","4028655233136"
"MPS3401-2","194","80.8000","4028655234010"
"MPS3401-5","31","171.0000","4028655034016"
"MPS3401-KR-2","75","70.8000","4028655240127"
"MPS3401F-2","75","148.5000","4028655999612"
"MPS3401F-5","51","376.0000","4028655340162"
"MPS3402-2","270","84.4000","4028655234027"
"MPS3403-2","164","80.2000","4028655234034"
"MPS3403-5","27","166.5000","4028655034030"
"MPS3403L-2","132","94.6000","4028655240325"
"MPS3403L-5","71","178.5000","4028655340322"
"MPS3404-2","94","65.4000","4028655234041"
"MPS3404-5","46","131.5000","4028655034047"
"MPS3404L-5","387","162.0000","4028655340421"
"MPS3405-2","43","74.8000","4028655234058"
"MPS3405-5","10","604.0000","4028655034054"
"MPS3406-2","209","59.0000","4028655234065"
"MPS3408-2","64","53.8000","4028655234089"
"MPS3408-5","219","106.5000","4028655034085"
"MPS34085-2","196","55.6000","4028655999636"
"MPS34085-5","69","124.0000","4028655340858"
"MPS3409-2","44","55.4000","4028655234096"
"MPS3409-5","57","122.0000","4028655034092"
"MPS3410-2","121","84.4000","4028655234102"
"MPS3411-2","129","84.6000","4028655234119"
"MPS3411F-2","80","81.6000","4028655241162"
"MPS3411F-5","126","186.5000","4028655341169"
"MPS3413-2","91","71.4000","4028655234133"
"MPS3413-5","49","209.0000","4028655034139"
"MPS3413F-2","6","85.6000","4028655241360"
"MPS3415-5","37","361.5000","4028655034153"
"MPS3415F-5","108","206.5000","4028655341565"
"MPS3422-1","77","117.0000","4028655034221"
"MPS3427-2","28","74.4000","4028655234270"
"MPS3430-3","48","373.0000","4028655034306"
"MPS3450F-2","57","150.0000","4028655245061"
"MPS3450F-5","9","343.5000","4028655345068"
"MPS3470-5","140","153.5000","4028655034702"
"MPS3471-2","100","75.4000","4028655234713"
"MPS3471-5","62","96.6000","4028655034719"
"MPS3490-3","92","92.2000","4028655034900"
"MPS3491-5","49","158.0000","4028655034917"
"MPS3740","29","305.5000","4028655037406"
"MPS3744","105","330.5000","4028655037444"
"MPS3900-SET 1","10","3075.5000","4028655139001"
"MPS3900-SET 3","8","1142.0000","4028655139025"
"MPS3900-SET 7","20","2914.0000","4028655139063"
"MPS3901-1","11","297.5000","4028655539016"
"MPS3902-1","17","308.0000","4028655539023"
"MPS3903-1","7","235.0000","4028655539030"
"MPS3904-1","20","255.5000","4028655539047"
"MPS3905-1","15","360.0000","4028655539054"
"MPS3906-1","13","318.0000","4028655539061"
"MPS3907-1","16","364.0000","4028655539078"
"MPS3909-1","14","506.0000","4028655539092"
"MPS3910-1","11","360.0000","4028655539108"
"MPS3911-1","17","412.0000","4028655539115"
"MPS3914-1","7","1037.5000","4028655539146"
"MPS3917-1","12","881.0000","4028655539177"
"MPS3920-1","10","260.0000","4028655539207"
"MPS3921-5","12","103.5000","4028655539214"
"MPS3922-5","11","103.5000","4028655539221"
"MPS3923-5","12","103.5000","4028655539238"
"MPS3924-1","7","776.0000","4028655539245"
"MPS3925-1","12","270.5000","4028655539252"
"MPS3926-1","9","957.5000","4028655539269"
"MPS3927-1","8","287.0000","4028655539276"
"MPS3928-1","10","416.0000","4028655539283"
"MPS3929-1","10","360.0000","4028655539290"
"MPS4010-2","10","140.5000","4028655440107"
"MPS4011","42","288.0000","4028655040116"
"MPS4011-2","2","119.5000","4028655440114"
"MPS40160","17","254.5000","4260028640541"
"MPS4019-2","18","489.0000","4028655040192"
"MPS4022","69","347.5000","4028655040222"
"MPS4022-2","57","169.0000","4028655440220"
"MPS4027-2","17","460.5000","4028655540272"
"MPS4028-2","-2","526.0000","4028655440282"
"MPS4029-2","20","964.5000","4028655340292"
"MPS4037-2","-7","121.5000","4028655000486"
"MPS4046-5","1","422.5000","4028655040468"
"MPS4052","77","561.5000","4028655040529"
"MPS4070","0","322.5000","4028655494070"
"MPS4078","-26","329.5000","4028655040789"
"MPS4079","53","295.0000","4028655040796"
"MPS4096","-5","688.5000","4028655140960"
"MPS4177","0","338.0000","4028655641771"
"MPS4178","-2","482.0000","4028655541781"
"MPS4400-ETUI","0","402.5000","4028655544201"
"MPS4400SET","26","1354.5000",""
"MPS4401-2","39","162.0000","4028655244019"
"MPS4402","222","397.5000","4028655044022"
"MPS4402-2","87","180.0000","4028655244026"
"MPS4407-5","54","395.0000","4028655000608"
"MPS4430-2","174","199.0000","4028655244309"
"MPS4430-VP","188","408.0000","4028655443016"
"MPS4430-VP-2","127","178.0000","4028655243012"
"MPS4431-2","198","226.0000","4028655244316"
"MPS4431-VP","90","539.0000","4028655443115"
"MPS4431-VP-2","69","252.0000","4028655243111"
"MPS4432-2","309","309.5000","4028655244323"
"MPS4432-VP","66","768.5000","4028655443214"
"MPS4432-VP-2","132","297.5000","4028655243210"
"MPS4445VP","0","678.0000","4028655000806"
"MPS4701-2","193","251.0000","4028655470128"
"MPS4702-2","49","251.0000","4028655470227"
"MPS4703-2","9","327.0000","4028655470326"
"MPS4704-2","122","347.5000","4028655470425"
"MPS4705-2","219","382.0000","4028655470524"
"MPS4706-2","-5","512.0000","4028655470623"
"MPS4707-2","29","300.5000","4028655470722"
"MPS4708-2","6","340.5000","4028655147082"
"MPS4709-2","-3","360.5000","4028655047092"
"MPS4710-2","1","530.0000","4028655247102"
"MPS4711-2","62","430.0000","4028655147112"
"MPS4712-2","0","430.0000","4028655047122"
"MPS53350","0","602.0000",""
"MPS6604","428","44.4000","4028655066048"
"MPS6615-18","0","56.4000","4028655003722"
"MPS6615-24","14","56.4000","4028655003739"
"MPS6615-32","0","56.4000","4028655003746"
"MPS6620-18","0","56.4000","4028655662189"
"MPS6620-20-24","467","56.4000","4028655066208"
"MPS6620-24","-5","56.4000","4028655662240"
"MPS6620-32","181","56.2000","4028655662325"
"MPS701-1 GRIFF","0","398.5000","4028655407049"
"MS1301E","850","176.5000","5012718130110"
"MS1401EC","557","190.0000","5012718140119"
"MS1501E","65","312.0000","5012718150118"
"MS1601E","909","176.5000","5012718160117"
"MS1701E","337","560.0000","5012718170116"
"MS1702E","335","560.0000","5012718170222"
"MS1703E","380","166.0000","5012718170338"
"MS1704E","82","178.5000","5012718170444"
"MS1706E","81","560.0000","5012718170673"
"MS1707E","75","178.5000","5012718170789"
"MS1801EC","309","671.5000","5012718180115"
"MS1901","1167","335.5000","5012718190114"
"MS2001","1602","504.0000","5012718200103"
"MS2002","14","190.0000","5012718200202"
"MS2003","49","190.0000","5012718200301"
"MS2011","4","15.6000","6009515896232"
"MS2021","6","15.6000","6009515896249"
"MS2031-1","7","10.5000","6009515896256"
"MS2031-2","6","15.6000","6009515896263"
"MS2041","6","32.8000","6009515896270"
"MS2042","8","15.6000","6009515896287"
"MS3001","55","895.5000","5012718300117"
"MS3002","21","223.5000","5012718300216"
"MS3400E","83","182.5000","5012718340014"
"MS3500E","82","313.0000","5012718350013"
"MS4100","1119","174.5000","5012718410021"
"MS5001EC","4","239.0000","5012718500111"
"MS8001E","43","391.0000","5012718800112"
"MX32020","92","344.5000","6009515816025"
"MX34012","94","232.0000","6009515823771"
"MX34014","61","275.0000","6009515823788"
"MX34016","73","319.0000","6009515816018"
"MX52020","51","502.0000","6009515816056"
"MX52022","64","571.5000","6009515816063"
"MX52025","8","689.5000","6009515816070"
"MX52028","12","754.0000","6009515896225"
"MX54016","-2","472.5000","6009515816032"
"MX54018","63","480.0000","6009515816049"
"MX54032","256","1239.0000","6009515821708"
"MX57032","284","1329.5000","6009515816087"
"MX57038","39","1404.0000","6009515821678"
"MY3015-2","198","3648.0000","6009515837419"
"MY3015-2-10","20","359.5000","6009515837426"
"MY3015-2-13","249","399.5000","6009515911065"
"MY3015-2-14","106","1374.0000","6009515911058"
"MY3015-2-15","202","1158.0000","6009515911027"
"MY3015-2-16","106","1344.5000","6009515911034"
"MY3015-2-17","106","1039.0000","6009515911089"
"MY3015-2-18","105","1125.5000","6009515911096"
"MY3015-2-19","106","1011.5000","6009515911102"
"MY3015-2-3","8","396.0000","6009515837433"
"MY3015-2-4","9","427.0000","6009515837440"
"MY3015-2-5","43","532.0000","6009515837457"
"MY3015-2-6","-149","343.5000","6009515837464"
"MY3015-2-7","231","346.0000","6009515837471"
"MY3015-2-8","189","343.0000","6009515837488"
"MY3015-2-9","111","358.0000","6009515837495"
"MY3015-2-SK01","9","59.2000","6009515851927"
"MY3015-2-SK02","6","71.8000","6009515851934"
"MY3015-2-SK03","8","701.0000","6009515851941"
"MY3015-2-SK04","8","98.0000","6009515851958"
"MY3015-2-SK05","11","909.0000","6009515851965"
"MY3015-2-SK06","25","587.0000","6009515851972"
"MY3015-2-SK07","31","254.5000","6009515851989"
"MY3015-2-SK08","19","294.5000","6009515851996"
"MY3015-2-SK09","9","196.0000","6009515852009"
"MY3015-2-SK10","244","91.0000","6009515852016"
"MY3015-2-SK11","15","51.2000","6009515852023"
"MY3015-2-SK12","29","782.0000","6009515852030"
"MY3015-2-SK13","25","98.0000","6009515852047"
"MY3015-2-SK14","9","198.0000","6009515852054"
"MY3015-2-SK15","10","60.0000","6009515852061"
"MY3015-2-SK16","15","245.0000","6009515852078"
"MY3015R03B","20","2364.0000","6009515894474"
"MY3016-2","61","4794.5000","6009515837501"
"MY3016-2-10","28","307.0000","6009515837518"
"MY3016-2-11","39","443.5000","6009515837525"
"MY3016-2-3","184","53.6000","6009515837532"
"MY3016-2-4","175","54.4000","6009515837549"
"MY3016-2-5","29","134.5000","6009515837556"
"MY3016-2-6","51","125.5000","6009515837563"
"MY3016-2-8","48","358.0000","6009515837587"
"MY3016-2-9","205","291.0000","6009515837594"
"MY3016-2-SK01","7","59.2000","6009515852085"
"MY3016-2-SK02","0","403.5000","6009515852092"
"MY3016-2-SK03","4","681.5000","6009515852108"
"MY3016-2-SK04","2","98.0000","6009515852115"
"MY3016-2-SK05","1","909.0000","6009515852122"
"MY3016-2-SK06","3","587.0000","6009515852139"
"MY3016-2-SK07","19","259.5000","6009515852146"
"MY3016-2-SK08","13","294.5000","6009515852153"
"MY3016-2-SK09","4","196.0000","6009515852160"
"MY3016-2-SK10","168","49.4000","6009515852177"
"MY3016-2-SK11","12","50.2000","6009515852184"
"MY3016-2-SK12","29","782.0000","6009515852191"
"MY3016-2-SK13","29","98.0000","6009515852207"
"MY3016-2-SK14","5","203.0000","6009515852214"
"MY3016-2-SK15","10","1413.5000","6009515852221"
"MY3016-2-SK16","5","232.5000","6009515901493"
"MY3016-2-SK17","3","197.0000","6009515852238"
"MY3025","59","5211.5000","6009515837600"
"MY3025-1-SK01","12","59.2000","6009515852252"
"MY3025-1-SK02","11","627.0000","6009515852269"
"MY3025-1-SK03","4","457.0000","6009515852276"
"MY3025-1-SK04","5","98.0000","6009515852283"
"MY3025-1-SK05","2","811.5000","6009515852290"
"MY3025-1-SK06","4","587.0000","6009515852306"
"MY3025-1-SK07","4","254.5000","6009515852313"
"MY3025-1-SK08","5","294.5000","6009515852320"
"MY3025-1-SK09","5","196.0000","6009515852337"
"MY3025-1-SK10","75","62.2000","6009515852344"
"MY3025-1-SK11","5","5.4000","6009515852351"
"MY3025-1-SK12","5","678.0000","6009515852368"
"MY3025-1-SK13","5","447.0000","6009515852375"
"MY3025-1-SK14","5","588.5000","6009515852382"
"MY3025-1-SK15","4","1081.0000","6009515852399"
"MY3025-1-SK16","3","1987.5000","6009515852405"
"MY3025-1-SK17","5","197.0000","6009515852412"
"MY3025-2-10","494","260.0000","6009515837617"
"MY3025-2-11","116","419.0000","6009515837624"
"MY3025-2-2","0","124.0000","6009515904234"
"MY3025-2-3","283","47.0000","6009515837631"
"MY3025-2-4","41","46.2000","6009515837648"
"MY3025-2-5","163","124.0000","6009515837655"
"MY3025-2-6","21","124.0000","6009515837662"
"MY3025-2-8","467","260.0000","6009515837686"
"MY3025-2-9","466","260.0000","6009515837693"
"NH22BP1-175","124","247.0000","039800009166"
"NR SET008-1","200","793.0000","6009515899349"
"NR SET008-2","321","892.5000","6009515899356"
"NR SET12","73","436.0000","6009515813796"
"NR SET16","-9","563.0000","6009675086276"
"NR SET20","352","623.0000","6009675086283"
"NR SET20-2","91","597.0000","6009515809379"
"NR SET39","168","1004.0000","6009675086290"
"NR00006","742","73.4000","6009515813499"
"NR00013","878","146.5000","6009675085088"
"NR00019","564","271.0000","6009675085095"
"NR00025","370","558.5000","6009675085101"
"NR01006","584","164.0000","6009515810856"
"NR01013","66","208.5000","6009515807559"
"NR01019","-44","483.0000","6009515807566"
"NR01025","278","903.5000","6009515807573"
"NR02013","295","234.5000","6009675085118"
"NR02019","153","543.0000","6009675085125"
"NR02025","195","1033.5000","6009675085132"
"NR04019","0","1465.5000","6009515827656"
"NR05005-1","450","79.6000","6009515827021"
"NR05005-2","968","143.5000","6009515827038"
"NR06015","958","279.0000","6009515839963"
"NR06018","565","279.0000","6009515843687"
"NR07305","3186","180.0000","6009515855130"
"NR08015","1358","181.0000","6009515855338"
"NR1030-3","80","177.5000","6009600407633"
"NR1030C","146","64.2000","6009600407541"
"NR1040-3","52","185.0000","6009600407640"
"NR1040C","2010","73.0000","6009600407558"
"NR1050-3","54","201.0000","6009600407657"
"NR1050C","1762","82.0000","6009600407565"
"NR1060-3","249","216.0000","6009600407664"
"NR1060C","877","85.6000","6009600407572"
"NR1080-1C","234","92.4000","6009675086450"
"NR1080-3","73","269.5000","6009600407671"
"NR1080C","189","92.4000","6009600407589"
"NR1090-1C","225","115.5000","6009515896720"
"NR1100-1C","391","118.0000","6009675086467"
"NR1100-2C","823","118.0000","6009675086474"
"NR1100-3","80","383.0000","6009600407688"
"NR1100C","1428","133.0000","6009600407596"
"NR1120-1C","1019","147.5000","6009675086481"
"NR1120-2C","902","147.5000","6009515860073"
"NR1120-3","122","445.5000","6009675089987"
"NR1120C","613","147.5000","6009600407602"
"NR1140-1C","270","183.5000","6009675086498"
"NR1140-2C","625","183.5000","6009515805395"
"NR1140-3","13","535.0000","6009600407701"
"NR1140C","177","183.5000","6009600407619"
"NR1160-1C","-12","207.0000","6009675086504"
"NR1160-3","39","594.5000","6009600407718"
"NR1160C","499","207.0000","6009600407626"
"NR1180-1C","212","298.0000","6009515896737"
"NR1180-2C","-6","318.0000","6009515913106"
"NR1200-1C","145","343.0000","6009515896744"
"NR1200-2C","-3","363.0000","6009515913113"
"NR1220-1C","-3","454.0000","6009515913120"
"NR1220-2C","-3","454.0000","6009515913137"
"NR1240-1C","-3","579.5000","6009515913144"
"NR1240-2C","-2","579.5000","6009515913151"
"NR1260-1C","0","611.5000","6009515913168"
"NR1270-1C","0","764.0000","6009515913175"
"NR1280-1C","0","1019.0000","6009515913182"
"NR1300-1C","0","1019.0000","6009515913199"
"NR2030-3","89","76.4000","6009600409859"
"NR2030C","304","31.2000","6009600407725"
"NR2040-3","1","81.2000","6009600409866"
"NR2040C","147","34.2000","6009600409774"
"NR2050-3","77","85.6000","6009600409873"
"NR2050C","97","38.8000","6009600409781"
"NR2060-3","114","91.0000","6009600409880"
"NR2060C","1133","40.8000","6009600409798"
"NR2080-3","151","98.2000","6009600409897"
"NR2080C","508","45.2000","6009600409804"
"NR2110-3","66","107.5000","6009600409903"
"NR2110C","62","51.4000","6009600409811"
"NR2120-1C","287","59.2000","6009515860080"
"NR2120-3","63","154.5000","6009600409910"
"NR2120C","44","59.2000","6009600409828"
"NR2140-3","41","185.5000","6009600409927"
"NR2140C","59","73.4000","6009600409835"
"NR2160-3","79","216.5000","6009600409934"
"NR2160C","18","92.0000","6009600409842"
"NR3030-3","28","210.0000","6009600410015"
"NR3030C","96","215.5000","6009600409941"
"NR3040-3","173","210.0000","6009600410022"
"NR3040C","185","215.5000","6009600409958"
"NR3050-3","10","210.0000","6009600410039"
"NR3050C","59","215.5000","6009600409965"
"NR3060-3","58","210.0000","6009600410046"
"NR3060C","34","215.5000","6009600409972"
"NR3080-3","188","210.0000","6009600410053"
"NR3080C","53","215.5000","6009600409989"
"NR3100-3","13","210.0000","6009600406865"
"NR3110C","97","215.5000","6009600409996"
"NR3120-3","87","210.0000","6009600406872"
"NR3120C","-25","215.5000","6009600410008"
"NR3140-3","40","309.0000","6009675087501"
"NR3140C","8","344.0000","6009515842871"
"NR3160-3","66","328.5000","6009675087518"
"NR3160C","60","345.5000","6009515842888"
"NR3180-1C","0","322.5000","6009515913304"
"NR3180-3","78","378.5000","6009675087525"
"NR3180C","40","322.5000","6009515842895"
"NR3200C","-1","878.5000","6009515913229"
"NR3220-1C","0","878.5000","6009515913243"
"NR3220C","0","878.5000","6009515913236"
"NR3240-1C","0","878.5000","6009515913250"
"NR3240-3","78","693.0000","6009675087532"
"NR3240C","37","592.0000","6009515842901"
"NR3260C","0","1441.0000","6009515913267"
"NR3280C","0","1441.0000","6009515913274"
"NR3300C","0","1441.0000","6009515913281"
"NR4030-3","92","71.0000","6009600406360"
"NR4030C","43","71.0000","6009600406889"
"NR4040-3","85","71.0000","6009600406377"
"NR4040C","114","71.0000","6009600406896"
"NR4050-3","89","71.0000","6009600406384"
"NR4050C","93","71.0000","6009600406902"
"NR4060-3","87","71.0000","6009600406391"
"NR4060C","125","71.0000","6009600406919"
"NR4080-3","54","73.8000","6009600406407"
"NR4080C","193","73.8000","6009600406926"
"NR4100-3","106","73.8000","6009600406414"
"NR4100C","178","73.8000","6009600406933"
"NR4120C","12","73.8000","6009600406940"
"NR5004","119","212.0000","6009515858254"
"NR5004-01","35","199.0000","6009515859374"
"NR5004-02","73","203.5000","6009515859381"
"NR5004-03","48","212.0000","6009515859398"
"NR5005","139","212.0000","6009515858483"
"NR5005-01","95","199.0000","6009515859404"
"NR5005-02","48","203.5000","6009515859411"
"NR5005-03","26","212.0000","6009515859428"
"NR5006","697","261.5000","6009515858261"
"NR5006-01","18","238.5000","6009515859435"
"NR5006-02","29","238.5000","6009515859442"
"NR5006-03","109","243.5000","6009515859459"
"NR5008","451","331.0000","6009515858278"
"NR5008-01","74","249.5000","6009515859466"
"NR5008-02","72","249.5000","6009515859473"
"NR5008-03","72","254.5000","6009515859480"
"NR5010","152","406.0000","6009515858285"
"NR5010-01","129","127.5000","6009515859497"
"NR5010-02","143","132.5000","6009515859503"
"NR5010-03","182","135.5000","6009515859510"
"NR5012","105","507.0000","6009515858292"
"NR5012-01","49","86.6000","6009515859527"
"NR5012-02","-24","90.8000","6009515859534"
"NR5012-03","325","55.4000","6009515859541"
"NR6030C","105","93.8000","6009515899257"
"NR6040C","186","101.0000","6009515899264"
"NR6050C","64","123.5000","6009515899271"
"NR6070C","365","126.5000","6009515899288"
"NR6080C","241","147.5000","6009515899295"
"NR6090C","12","185.0000","6009515899301"
"NR6100C","231","219.0000","6009515899318"
"NR6120C","214","236.5000","6009515899325"
"NR620004","-2","140.0000","6009515911942"
"NR620005","-2","148.0000","6009515911959"
"NR620006","-2","148.0000","6009515911966"
"NR620008","-2","148.0000","6009515911973"
"NR620010","-2","148.0000","6009515911980"
"NR62005","-1","597.0000","6009515911935"
"NR6800C","135","343.5000","6009515899332"
"NR700508","78","1083.5000","6009515904043"
"NR700508-01","14","257.0000","6009515904050"
"NR700610","69","1120.0000","6009515904067"
"NR700610-01","3","257.0000","6009515904074"
"NR7008125","70","1265.5000","6009515904081"
"NR7008125-01","8","273.0000","6009515904098"
"NR7010125","72","1456.5000","6009515904128"
"NR7010125-01","8","364.5000","6009515904135"
"NR701015","79","1665.0000","6009515904104"
"NR701015-01","14","412.0000","6009515904111"
"NR7012125","83","1665.0000","6009515904166"
"NR7012125-01","14","412.0000","6009515904173"
"NR701215","83","1784.5000","6009515904180"
"NR701215-01","16","435.0000","6009515904197"
"NR7012175","82","2072.0000","6009515904142"
"NR7012175-01","15","499.0000","6009515904159"
"NR7014125","83","2166.0000","6009515904203"
"NR7014125-01","12","499.0000","6009515904210"
"NR8004","59","457.0000","6009515840853"
"NR8004-01","36","37.2000","6009515842413"
"NR8004-02","44","64.4000","6009515842420"
"NR8004-03","142","91.6000","6009515842437"
"NR8005","46","531.0000","6009515840860"
"NR8005-01","104","46.6000","6009515842444"
"NR8005-02","87","59.6000","6009515842451"
"NR8005-03","64","68.6000","6009515842468"
"NR8006","83","579.0000","6009515840877"
"NR8006-01","100","45.4000","6009515842475"
"NR8006-02","93","68.4000","6009515842482"
"NR8006-03","107","91.6000","6009515842499"
"NR8008","145","694.5000","6009515840884"
"NR8008-01","113","67.0000","6009515842505"
"NR8008-02","318","82.8000","6009515842512"
"NR8008-03","181","93.4000","6009515842529"
"NR8010","108","811.0000","6009515840891"
"NR8010-01","83","47.0000","6009515842536"
"NR8010-02","137","52.6000","6009515842543"
"NR8010-03","80","63.8000","6009515842550"
"NR8010-3","25","63.8000","6009515903534"
"NR8012","129","961.5000","6009515840907"
"NR8012-01","104","51.0000","6009515842567"
"NR8012-02","79","57.0000","6009515842574"
"NR8012-03","63","56.4000","6009515842581"
"NR8014","14","1284.0000","6009515887759"
"NR8014-01","53","68.0000","6009515887766"
"NR8014-02","93","84.2000","6009515887773"
"NR8014-03","43","104.5000","6009515887780"
"NR8016","24","1732.5000","6009515887797"
"NR8016-01","105","76.6000","6009515887803"
"NR8016-02","2","134.5000","6009515887810"
"NR8016-03","80","182.0000","6009515887827"
"NR806810","63","2318.0000","6009515840914"
"NR9001B","336","129.0000","6009600403789"
"NR9001C","158","143.5000","6009600406438"
"NR9002B","233","137.5000","6009600403796"
"NR9002C","849","150.5000","6009600406445"
"NR9003B","35","201.0000","6009600403802"
"NR9003C","118","215.5000","6009600404663"
"NR9004B","137","296.5000","6009600403819"
"NR9004C","276","311.5000","6009600404670"
"NR9005C","-13","490.5000","6009600404717"
"NR9006","-28","321.5000","6009515888701"
"NR9006B","56","144.0000","6009600403857"
"NR9006C","45","170.5000","6009600403833"
"NR9007B","59","208.5000","6009600404076"
"NR9007C","157","220.5000","6009600403840"
"NR9008B","103","93.0000","6009600404113"
"NR9008C","160","107.5000","6009600404083"
"NR9009C","62","158.0000","6009515836931"
"NR9010B","72","143.5000","6009515864897"
"NR9011C","87","338.0000","6009515899363"
"NR9012C","0","1634.5000","6009515914134"
"NR9019","130","1371.5000","6009515900359"
"NR9020B","27","498.5000","6009515864903"
"NR9030C","0","1243.0000","6009515913298"
"NRM00005","672","95.8000","6009515810849"
"NRM00008","632","153.5000","6009515825942"
"NRM00016","58","646.0000","6009515826284"
"NT2106","1000","140.5000","6009675086689"
"NT2111","448","156.0000","6009675086696"
"NT2115","-15","365.0000","6009515840662"
"NT2116-1","280","140.5000","6009675086726"
"NT2116-2","493","163.0000","6009675086733"
"NT2125","867","212.5000","6009515822217"
"NT2126","864","196.5000","6009515822224"
"NT2137","845","95.6000","6009675086702"
"NT2304","2206","66.4000","6009515822231"
"NT2501","368","163.0000","6009515902650"
"NT2507","409","279.5000","6009515822200"
"NT2508","79","111.5000","6009675086719"
"NT2636","61","620.5000","6009515822248"
"NT2636-10","123","138.5000","6009675089734"
"NT2636-2","441","52.8000","6009675089666"
"NT2636-25","154","59.6000","6009675089673"
"NT2636-3","-55","62.6000","6009675089680"
"NT2636-4","237","81.4000","6009675089697"
"NT2636-5","141","89.6000","6009675089703"
"NT2636-6","110","111.5000","6009675089710"
"NT2636-8","177","131.5000","6009675089727"
"NTTB2106","0","138.4600","6009515915278"
"NTTB2106-1","0","92.5800","6009515915285"
"NTTB2116-3","0","138.4600","6009515915308"
"NTTB2261","0","130.4100","6009515915292"
"NTTB2636-2","0","33.0100","6009515915445"
"NTTB2636-25","0","33.8100","6009515915452"
"NTTB2636-3","0","36.2300","6009515915469"
"NTTB2636-4","0","45.8900","6009515915476"
"NTTB2636-5","0","47.5000","6009515915483"
"NTTB2636-6","0","50.7200","6009515915490"
"OLF BAG SB-1","41","353.5000",""
"OLF DC-4","45","75.2000","091511400809"
"OLF GSR-1-3B","2","267.5000","091511220155"
"OLF GSR-2","70","154.5000","091511220421"
"OLF RTY ST-QR","0","617.0000","091511300796"
"OLF SCR BTC1","11","146.0000","091511400878"
"OLF SCR T45","96","173.0000","091511400915"
"OLF SCRL","126","101.5000","091511400731"
"OLF SCRS","5","78.4000","091511400717"
"OLF XSR-200","58","498.5000","091511220056"
"OLF XSR-300","331","495.5000","091511220063"
"OLF XSR-600","34","619.5000","091511220070"
"OLFA BTC1-DX","149","219.5000","091511230598"
"PACK163","0","70.0000",""
"PACK164","0","70.0000",""
"PACK165","0","70.0000",""
"PC5551","13","757.5000","6009600402805"
"PC5551-50","114","92.0000","6009600404809"
"PC5552","119","891.5000","6009600402812"
"PC5552-50","81","74.6000","6009600404816"
"PC5553","648","891.5000","6009600402829"
"PC5553-50","417","74.6000","6009600404823"
"PEN040-01","883","49.0000","6009515883843"
"PEN07","1247","116.5000","6009515836610"
"PEN10","1415","85.6000","6009515830823"
"PG217","5","610.0000","8011017217000"
"PG218","47","117.0000","8011017218007"
"PG219","120","117.0000","8011017219004"
"PG228","14","121.0000","8011017228006"
"PG230","69","229.0000","8011017230009"
"PG335","62","63.4000","8011017335001"
"PG336","127","72.4000","8011017336008"
"PG337","20","103.5000","8011017337005"
"PG338","4","167.0000","8011017338002"
"PG33805","-9","331.5000","8011017338057"
"PG33820","52","79.8000","8011017338200"
"PG33822","5","140.5000","8011017338224"
"PG33835","25","63.4000","8011017338590"
"PG33850","6","59.0000","8011017338507"
"PG33865","21","81.2000","8011017338651"
"PG33880","168","394.0000","8011017338804"
"PG33882","12","424.0000","8011017338828"
"PG33885","150","589.0000","8011017338859"
"PG339","10","122.5000","8011017339009"
"PG33920","12","173.0000","8011017339207"
"PG33922","11","140.5000","8011017339221"
"PG33923","29","161.0000","8011017339238"
"PG33924","10","218.5000","8011017339245"
"PG33925","9","93.0000","8011017339252"
"PG33927","5","218.0000","8011017339276"
"PG33928","22","323.5000","8011017339283"
"PG33930","20","183.5000","8011017339306"
"PG35840","29","146.5000","8011017358406"
"PG35850","34","168.5000","8011017358505"
"PG35860","5","230.0000","8011017358604"
"PG35880","21","273.0000","8011017358802"
"PG35940","15","426.5000","8011017359403"
"PG35948","6","787.5000","8011017359489"
"PG37403","4","227.5000","8011017374031"
"PG37404","16","232.0000","8011017374048"
"PG37405","9","235.0000","8011017374055"
"PG37406","8","236.5000","8011017374062"
"PG375","0","66.6000","8011017375007"
"PG376","18","81.2000","8011017376004"
"PG377","11","97.4000","8011017377001"
"PG379","6","87.2000","8011017379005"
"PG380","42","180.5000","8011017380001"
"PG381","7","229.5000","8011017381008"
"PG382","0","243.5000","8011017382005"
"PG384","4","330.0000","8011017384009"
"PG38420","14","530.0000","8011017384207"
"PG398","15","153.0000","8011017398006"
"PG399","268","249.5000","8011017399003"
"PG402","10","114.0000","8011017402000"
"PG404","4","220.0000","8011017404004"
"PG41990","57","220.0000","8011017419909"
"PG420","23","114.0000","8011017420004"
"PG422","1","114.0000","8011017422008"
"PG424","3","114.0000","8011017424002"
"PG430","7","114.0000","8011017430003"
"PG432","13","114.0000","8011017432007"
"PG434","11","120.0000","8011017434001"
"PG438","7","120.0000","8011017438009"
"PG445","22","205.5000","8011017445007"
"PG446","9","278.0000","8011017446004"
"PG447","21","589.0000","8011017447001"
"PG44820","0","279.0000","8011017448206"
"PG44920","11","441.5000","8011017449203"
"PG44940","6","184.5000","8011017449401"
"PG44950","18","184.5000","8011017449500"
"PG44960","1","184.5000","8011017449609"
"PG45230","71","121.5000","8011017452302"
"PG45270","9","73.0000","8011017452708"
"PG46502","11","68.4000","8011017465029"
"PG46503","9","73.0000","8011017465036"
"PG46504","4","80.6000","8011017465043"
"PG46505","2","83.8000","8011017465050"
"PG467","22","187.5000","8011017467009"
"PG468","14","220.0000","8011017468006"
"PG46830","18","294.0000","8011017468303"
"PG46835","6","378.0000","8011017468358"
"PG46850","93","56.2000","8011017468501"
"PG469","92","60.6000","8011017469003"
"PG470","31","78.4000","8011017470009"
"PG47050","5","122.5000","8011017470504"
"PG475","16","97.4000","8011017475004"
"PG47550","34","176.0000","8011017475509"
"PG47565","12","338.0000","8011017475653"
"PG476","4","196.5000","8011017476001"
"PG477","3","76.8000","8011017477008"
"PG478","56","87.2000","8011017478005"
"PG47820","5","124.0000","8011017478203"
"PG47840","14","155.0000","8011017478401"
"PG479","24","82.8000","8011017479002"
"PG480","30","76.8000","8011017480008"
"PG485","41","96.0000","8011017485003"
"PG48520","13","146.5000","8011017485201"
"PG48530","35","146.5000","8011017485300"
"PG48531","85","128.5000","8011017485317"
"PG48540","56","198.0000","8011017485409"
"PG48541","14","181.5000","8011017485416"
"PG48550","41","294.0000","8011017485508"
"PG48551","6","274.5000","8011017485515"
"PG48560","12","384.5000","8011017485607"
"PG48565","3","559.5000","8011017485652"
"PG48570","21","291.0000","8011017485706"
"PG48575","10","530.0000","8011017485751"
"PG48576","20","485.5000","8011017485768"
"PG48580","0","90.2000","8011017485805"
"PG486","19","111.0000","8011017486000"
"PG487","10","217.0000","8011017487007"
"PG488","20","456.0000","8011017488004"
"PG489","8","664.0000","8011017489001"
"PG490","7","184.5000","8011017490007"
"PG495","10","156.5000","8011017495002"
"PG497","184","28.6000","8011017497006"
"PG49705","1","214.5000","8011017497051"
"PG49710","0","215.5000","8011017497105"
"PG49715","0","268.5000","8011017497150"
"PG49720","0","251.0000","8011017497204"
"PG49725","10","205.5000","8011017497259"
"PG49730","5","219.5000","8011017497303"
"PG49735","14","233.5000","8011017497358"
"PG49740","6","236.5000","8011017497402"
"PG49745","0","161.0000","8011017497457"
"PG49750","0","161.0000","8011017497501"
"PG49755","5","291.5000","8011017497556"
"PG49760","5","291.5000","8011017497600"
"PG50610","20","386.0000","8011017506104"
"PG50611","20","386.0000","8011017506111"
"PG50612","9","386.0000","8011017506128"
"PG50620","3","207.5000","8011017506203"
"PG50621","4","207.5000","8011017506210"
"PG50622","8","207.5000","8011017506227"
"PG510","18","146.5000","8011017510002"
"PG511","11","353.0000","8011017511009"
"PG512","19","367.5000","8011017512006"
"PG513","12","589.0000","8011017513003"
"PG550","0","1324.0000","8011017550008"
"PG555","0","1576.0000","8011017555003"
"PG560","9","1697.0000","8011017560007"
"PG565","15","184.5000","8011017565002"
"PG567","101","53.4000","8011017567006"
"PG568","-3","51.0000","8011017568003"
"PG56830","26","51.6000","8011017568300"
"PG56840","0","79.6000","8011017568409"
"PG590","9","72.4000","8011017590004"
"PG591","25","75.4000","8011017591001"
"PG592","1","85.6000","8011017592008"
"PG593","5","112.5000","8011017593005"
"PG594","2","168.5000","8011017594002"
"PG595","0","307.0000","8011017595009"
"PG59920","6","314.0000","8011017599205"
"PG620","6","127.0000","8011017620008"
"PG63006","19","48.8000","8011017630069"
"PG63008","13","58.8000","8011017630083"
"PG63010","2","66.4000","8011017630106"
"PG63012","7","90.4000","8011017630120"
"PG650","46","886.5000","8011017650005"
"PG655","184","93.2000","8011017655000"
"PG65505","3","572.0000","8011017655055"
"PG660","268","79.0000","8011017660004"
"PG66005","8","715.0000","8011017660059"
"PG665","517","84.6000","8011017665009"
"PG66505","3","1145.0000","8011017665054"
"PG666","15","96.2000","8011017666006"
"PG668","1296","14.0000","8011017668000"
"PG66810","85","21.6000","8011017668109"
"PG66820","68","33.0000","8011017668208"
"PG66830","113","41.6000","8011017668307"
"PG670","7","56.0000","8011017670003"
"PG675","2","61.8000","8011017675008"
"PG680","16","70.4000","8011017680002"
"PG68010","1","113.5000","8011017680101"
"PG681","191","179.5000","8011017681009"
"PG682","285","199.5000","8011017682006"
"PG683","124","228.0000","8011017683003"
"PG728","6","142.0000","8011017728001"
"PG72810","9","122.0000","8011017728100"
"PG72820","14","126.5000","8011017728209"
"PG72830","11","140.5000","8011017728308"
"PG72840","13","185.0000","8011017728407"
"PG72850","8","228.0000","8011017728506"
"PG730","-3","294.0000","8011017730004"
"PG732","5","338.0000","8011017732008"
"PG735","10","615.5000","8011017735009"
"PG784","0","264.5000","8011017784007"
"PG786","27","294.0000","8011017786001"
"PG787","14","260.0000","8011017787008"
"PG789","46","131.5000","8011017789002"
"PG790","17","57.0000","8011017790008"
"PG791","35","56.2000","8011017791005"
"PG792","16","56.2000","8011017792002"
"PG793","17","94.4000","8011017793009"
"PG840","9","387.5000","8011017840000"
"PG845","7","492.5000","8011017845005"
"PG890","19","488.0000","8011017890005"
"PG957","1","630.5000","8011017957005"
"PG972","3","1328.0000","8011017972008"
"PICA150-40-SB","0","197.5000","4260056152764"
"PICA150-41-SB","3","197.5000","4260056152771"
"PICA150-46","8","197.5000","4260056150012"
"PICA150-46-SB","9","197.5000","4260056151828"
"PICA2020-SB","67","260.0000","4262357552854"
"PICA2030-SB","50","133.5000","4262357552953"
"PICA2050","5","2398.0000","4262357552885"
"PICA3021","6","7873.5000","4260056150982"
"PICA3030","-1","270.5000","4260056150371"
"PICA3030-SB","25","289.0000","4260056151835"
"PICA30402","34","443.5000","4260056157745"
"PICA30403","27","497.5000","4260056157776"
"PICA30404","19","452.5000","4260056157806"
"PICA30405","34","452.5000","4260056157837"
"PICA30407","24","452.5000","4260056157868"
"PICA30800","24","452.5000","4260056159640"
"PICA3097-002","0","883.0000","4262357554339"
"PICA4020","12","162.0000","4260056150272"
"PICA4020-SB","18","172.5000","4260056151842"
"PICA4030","2","207.5000","4260056150289"
"PICA4030-SB","0","217.0000","4260056151859"
"PICA4031","20","203.5000","4260056150296"
"PICA4032","0","203.5000","4260056150302"
"PICA4040-SB","31","176.5000","4260056151880"
"PICA4043","20","207.5000","4260056150579"
"PICA4050","20","182.5000","4260056155109"
"PICA4050-SB","47","193.0000","4260056155901"
"PICA505-01","8","218.0000","4260056152306"
"PICA505-02","14","218.0000","4260056152313"
"PICA505-03","4","269.0000","4260056156519"
"PICA505-04","2","218.0000","4260056156540"
"PICA520-04","22","172.5000","4262357551642"
"PICA520-40-SB","28","41.8000","4260056156571"
"PICA520-41-SB","17","41.8000","4260056156601"
"PICA520-46-SB","21","41.8000","4260056155543"
"PICA521-40-SB","44","41.8000","4260056156663"
"PICA521-41-SB","60","41.8000","4260056156694"
"PICA521-46-SB","32","41.8000","4260056156632"
"PICA533-46","38","33.4000","4260056155048"
"PICA534-04","11","167.0000","4262357551611"
"PICA534-40","19","33.4000","4262357551550"
"PICA534-41","25","33.4000","4262357551581"
"PICA545-24-10","2","558.0000","4260056154973"
"PICA55010","0","1616.0000","4260056157196"
"PICA55020","3","1246.0000","4260056157219"
"PICA55030","4","1663.0000","4260056157233"
"PICA55060","19","990.5000","4262357553127"
"PICA55801","21","109.5000","4260056159510"
"PICA55802","22","88.8000","4260056159541"
"PICA55804","14","156.0000","4262357550348"
"PICA588-SB","8","197.5000","4260056156878"
"PICA591-36","2","141.0000","4260056152733"
"PICA591-40","3","141.0000","4260056152719"
"PICA591-41","17","141.0000","4260056152726"
"PICA591-44","5","141.0000","4260056152740"
"PICA591-46","22","141.0000","4260056152702"
"PICA591-52","4","141.0000","4260056152757"
"PICA6030","19","260.0000","4260056155307"
"PICA6032","19","260.0000","4260056156175"
"PICA6040","21","297.5000","4262357550553"
"PICA6040-SB","9","291.0000","4262357550584"
"PICA6045","2","260.0000","4260056156144"
"PICA6051","12","260.0000","4260056155468"
"PICA6060-SB","2","364.0000","4260056155932"
"PICA6095","120","624.5000","4260056156465"
"PICA6095-002","0","672.5000","4262357554353"
"PICA66325","0","6254.0000","4260056157578"
"PICA7020","0","7296.5000","4260056158506"
"PICA7030","6","103.5000","4260056158445"
"PICA7030-SB","0","117.0000","4260056158612"
"PICA7031","13","103.5000","4260056158520"
"PICA7031-SB","12","92.8000","4262357550430"
"PICA7032","16","103.5000","4260056158674"
"PICA7032-SB","16","114.0000","4262357550461"
"PICA7050","9","103.5000","4260056158476"
"PICA7070","18","312.0000","4260056158384"
"PICA7070-SB","0","324.5000","4260056158414"
"PICA70703","3","412.0000","4260056158551"
"PICA70705","8","412.0000","4260056158852"
"PICA8080-SB","22","207.5000","4260056155222"
"PICA8081-SB","8","207.5000","4260056155239"
"PICA990-40-SB","9","207.5000","4260056156908"
"PICA990-41-SB","9","207.5000","4260056156939"
"PICA990-44-SB","9","246.5000","4260056156960"
"PICA990-52-SB","6","207.5000","4260056156991"
"PICA991-40-SB","9","92.8000","4260056157028"
"PICA991-41-SB","9","92.8000","4260056157059"
"PICA991-44-SB","9","92.8000","4260056157080"
"PICA991-52-SB","9","134.0000","4260056157110"
"PLC1010","37","656.0000","6009515836375"
"PLC1020","-8","572.5000","6009515836382"
"PLC1030","93","796.5000","6009515836399"
"PLC1040","23","1014.5000","6009515836405"
"PLC1043513","55","2172.0000","6009515869595"
"PLC1050","58","1085.5000","6009515836412"
"PLC1060","-2","2292.5000","6009515836429"
"PLC1070","36","2319.0000","6009515836436"
"PLC1080","22","2836.0000","6009515836443"
"PLC1090","50","2929.5000","6009515836450"
"PLC1100","6","3827.5000","6009515836467"
"PLC1120","7","3797.0000","6009515836481"
"PLC1130","15","7666.0000","6009515836498"
"PLC1140","23","1232.5000","6009515836504"
"PLC1150","11","4266.0000","6009515849368"
"PLC1160","23","1259.5000","6009515845964"
"PLC1510","41","529.0000","6009515848972"
"PLC1520","23","1194.0000","6009515848989"
"PLC1530","1","1630.5000","6009515848996"
"PLC1540","14","755.0000","6009515849009"
"PLC1550","23","2285.5000","6009515849016"
"PLC1560","52","2035.0000","6009515849023"
"PLC1570","15","1768.5000","6009515849030"
"PLC1580","5","2009.0000","6009515849047"
"PLC1590","16","3822.0000","6009515849054"
"PLC1600","21","4513.0000","6009515849061"
"PLC1610","27","4427.5000","6009515849078"
"PLC1620","15","8162.0000","6009515849085"
"PLC1630","12","7666.0000","6009515849092"
"PLC1640","17","10390.0000","6009515849108"
"PLC1650","3","13802.0000","6009515849115"
"PLC1660","28","1630.5000","6009515858117"
"PLC1670","1","2666.0000","6009515858124"
"PLC1680","4","1731.0000","6009515860684"
"PLC1690","4","3661.5000","6009515863401"
"PLC171305","96","403.5000","6009515837792"
"PLC60000","-15","3856.5000","6009515904036"
"PLC60001","0","47.0000","6009515911997"
"PLC60002","0","50.2000","6009515912000"
"PLC60003","0","72.0000","6009515912017"
"PLC60004","0","341.0000","6009515912024"
"PLC60010","0","769.5000","6009515912031"
"PLC60020","0","873.0000","6009515912048"
"PLC60030","0","1933.0000","6009515912055"
"PLC60040","0","425.5000","6009515912062"
"PLC60050","0","810.5000","6009515912079"
"PLC70000","0","2627.5000","6009515912086"
"PLC70010","0","2133.0000","6009515912093"
"PLC70020","0","1021.5000","6009515916152"
"PLC744627","9","15357.5000","6009515869625"
"PLC786639","6","15187.5000","6009515869618"
"PM507","1150","175.5000","6009600406759"
"PM508","1533","192.0000","6009600406766"
"PM509","1318","185.5000","6009600406773"
"PM510","1247","81.0000","6009600406780"
"PM511","1032","88.4000","6009600406797"
"PM512","1571","107.0000","6009600406803"
"PM513","1372","148.5000","6009600406810"
"PM514","1343","156.5000","6009600406827"
"POL02","776","2094.0000","6009515828516"
"POL02-13","0","68.4000",""
"POL02-29","6","507.5000",""
"POL02-SK01","20","34.2000","6009515850095"
"POL02-SK02","17","245.0000","6009515851101"
"POL02-SK03","24","703.0000","6009515851118"
"POL02-SK04","12","117.5000","6009515851125"
"POL02-SK05","46","105.0000","6009515851132"
"POL02-SK06","51","617.0000","6009515851149"
"POL02-SK07","52","87.8000","6009515851156"
"POL02-SK08","69","328.5000","6009515851163"
"POL02-SK09","5","203.0000","6009515851170"
"POL02-SK10","566","91.2000","6009515851187"
"POL02-SK11","53","149.5000","6009515851194"
"POL02-SK12","38","22.8000","6009515851200"
"POL02-SK13","44","404.5000","6009515851217"
"POL02-SK14","21","95.8000","6009515851224"
"POL02-SK15","18","148.5000","6009515851231"
"POL02-SK16","5","24.0000","6009515851248"
"POL02-SK17","2","145.0000","6009515851262"
"POL02-SK18","11","167.0000","6009515864880"
"POL04","637","1994.0000","6009515849122"
"POL04-18","58","141.0000","6009515862107"
"POL04-20","47","8.4000","6009515862114"
"POL04-24","59","6.0000","6009515862121"
"POL04-25","73","6.0000","6009515862138"
"POL04-26","40","6.0000","6009515862145"
"POL04-29","21","31.2000","6009515862152"
"POL04-31","9","188.0000","6009515862169"
"POL04-32","39","58.6000","6009515862176"
"POL04-33","30","31.2000","6009515862183"
"POL04-34","53","6.0000","6009515862190"
"POL04-37","42","152.5000","6009515862206"
"POL04-45","70","31.2000","6009515862220"
"POL04-46","55","305.0000","6009515862237"
"POL04-58","60","31.2000","6009515862244"
"POL04-59","41","23.8000","6009515862251"
"POL04-SK01","25","17.7000","6009515864965"
"POL04-SK02","25","176.0000","6009515864972"
"POL04-SK03","26","83.8000","6009515864989"
"POL04-SK04","32","502.5000","6009515864996"
"POL04-SK05","16","88.8000","6009515865009"
"POL04-SK06","22","167.5000","6009515865016"
"POL04-SK07","16","206.0000","6009515865023"
"POL04-SK08","30","102.5000","6009515865030"
"POL04-SK09","39","283.0000","6009515865047"
"POL04-SK10","0","20.2000","6009515865054"
"POL04-SK11","594","33.6000","6009515865061"
"POL04-SK12","59","33.6000","6009515865078"
"POL04-SK13","39","402.0000","6009515865085"
"POL04-SK14","15","544.5000","6009515865092"
"POL04-SK15","10","126.0000","6009515865108"
"POL04-SK16","12","67.2000","6009515865115"
"POL04-SK17","0","157.5000","6009515865122"
"POL05-08","10","31.2000","6009515862275"
"POL05-10","44","205.5000","6009515862282"
"POL05-13","25","8.4000","6009515862299"
"POL05-17","28","6.0000","6009515862305"
"POL05-18","43","6.0000","6009515862312"
"POL05-19","36","6.0000","6009515862329"
"POL05-22","9","29.4000","6009515862336"
"POL05-25","5","246.0000","6009515862343"
"POL05-27","24","8.4000","6009515862367"
"POL05-30","14","217.0000","6009515862374"
"POL05-SK01","24","17.7000","6009515865139"
"POL05-SK02","17","126.0000","6009515865146"
"POL05-SK03","29","218.0000","6009515865153"
"POL05-SK04","6","335.0000","6009515865160"
"POL05-SK05","25","209.5000","6009515865177"
"POL05-SK06","32","270.0000","6009515865184"
"POL05-SK07","17","209.5000","6009515865191"
"POL05-SK08","58","234.5000","6009515865207"
"POL05-SK09","5","50.2000","6009515865214"
"POL05-SK10","195","32.0000","6009515865221"
"POL05-SK11","18","25.2000","6009515865238"
"POL05-SK12","23","419.0000","6009515865245"
"POL05-SK13","28","58.8000","6009515865252"
"POL05-SK14","0","234.5000","6009515865269"
"POL05-SK15","17","83.8000","6009515865276"
"POL05-SK16","1","102.5000","6009515865283"
"POL06-08","50","31.2000","6009515862428"
"POL06-10","33","205.5000","6009515862435"
"POL06-12","27","8.4000","6009515862442"
"POL06-15","34","6.0000","6009515862459"
"POL06-16","43","6.0000","6009515862466"
"POL06-17","38","6.0000","6009515862473"
"POL06-18","33","35.2000","6009515862480"
"POL06-21","0","352.0000","6009515862497"
"POL06-24","56","305.0000","6009515862503"
"POL06-28","19","6.0000","6009515862527"
"POL06-2G","677","2763.0000","6009515896201"
"POL06-2G-SK01","46","199.5000","6009515897963"
"POL06-2G-SK02","1","40.8000","6009515897970"
"POL06-2G-SK03","28","236.0000","6009515897987"
"POL06-2G-SK04","444","40.8000","6009515897994"
"POL06-2G-SK05","30","462.0000","6009515898007"
"POL06-2G-SK06","7","249.5000","6009515898014"
"POL06-2G-SK07","11","4.6000","6009515898021"
"POL06-2G-SK08","8","27.2000","6009515898038"
"POL06-2G-SK09","19","258.5000","6009515898045"
"POL06-2G-SK10","0","27.2000","6009515898052"
"POL06-2G-SK11","0","444.0000","6009515898069"
"POL06-2G-SK12","17","36.4000","6009515898076"
"POL06-2G-SK13","29","226.5000","6009515898083"
"POL06-38","22","176.0000","6009515862541"
"POL06-SK01","0","17.7000","6009515865290"
"POL06-SK02","30","126.0000","6009515865306"
"POL06-SK03","1","335.0000","6009515865313"
"POL06-SK04","24","209.5000","6009515865320"
"POL06-SK05","0","385.5000","6009515865337"
"POL06-SK06","0","209.5000","6009515865344"
"POL06-SK07","26","293.0000","6009515865351"
"POL06-SK08","756","33.6000","6009515865368"
"POL06-SK09","50","32.0000","6009515865375"
"POL06-SK10","79","58.8000","6009515865382"
"POL06-SK11","1","234.5000","6009515865399"
"POL06-SK12","22","193.0000","6009515865405"
"POL06-SK13","15","83.8000","6009515865412"
"POL06-SK14","1","50.2000","6009515865429"
"POL06-SK15","176","102.5000","6009515865436"
"PT10008-22","111","669.5000","6009515858513"
"PT16012-20","72","272.5000","6009515856403"
"PT16018-20","329","321.0000","6009515860202"
"PT16028-20","65","311.0000","6009515856410"
"PT16040","199","493.5000","6009515877187"
"PT16048-20LM","149","417.0000","6009515860219"
"PT16060AL","208","878.0000","6009515877286"
"PT18524-30","134","502.5000","6009515877194"
"PT18540-30","116","618.0000","6009515877200"
"PT18560-30","139","762.5000","6009515877217"
"PT18560AL","207","936.5000","6009515877293"
"PT21018-30","82","625.5000","6009515860226"
"PT21036-30","135","741.5000","6009515860233"
"PT21052-30","116","794.0000","6009515860257"
"PT23040-30","144","776.0000","6009515877224"
"PT23060-30","174","934.0000","6009515877231"
"PT23060AL","214","1129.5000","6009515877279"
"PT25040-30","160","864.0000","6009515877248"
"PT25060-30","205","1023.5000","6009515877255"
"PT25080-30","165","1183.0000","6009515877262"
"PT25080AL","194","1512.5000","6009515877309"
"PT26060-30","95","1457.5000","6009515856427"
"PT26068-30AL","145","2493.5000","6009515856441"
"PT26080-30","154","2326.0000","6009515856434"
"PTAF001","203","917.0000","6009515896041"
"PTBP010","227","1035.5000","6009515896126"
"PTD0530","91","927.0000","6009515867836"
"PTD0640","58","632.0000","6009515867829"
"PTD0640-1000","51","2272.0000","6009515870010"
"PTD0840","327","208.5000","6009515867812"
"PTD0840-500","42","1875.5000","6009515867928"
"PTD0850","389","208.5000","6009515867805"
"PTD1050","490","208.5000","6009515867799"
"PTD1050-500","101","1875.5000","6009515867911"
"PTDJ06810","-12","1344.5000","6009515878825"
"PTDS203","149","4238.0000","6009515871123"
"PTDSJ011","229","604.0000","6009515896133"
"PTET0025","188","302.0000","6009515887582"
"PTET0025-01","43","136.0000","6009515887599"
"PTFB007","218","442.5000","6009515896096"
"PTFE12","109421","4.3000","6009515827861"
"PTFE12-300","2","1220.0000",""
"PTFE12-5","1","21.0000","6009515824648"
"PTFE19","-118","6.4000","6009515860356"
"PTFE19-1","27049","23.6000","6009515875206"
"PTFE19-1-60","10","1395.0000",""
"PTGS006","134","520.5000","6009515896089"
"PTGS006-01","169","313.0000","6009515896195"
"PTLFB008","208","485.5000","6009515896102"
"PTMT003","189","755.0000","6009515896058"
"PTPC5551-100","268","141.0000","6009515903459"
"PTPC5552-100","260","141.0000","6009515903466"
"PTPC5553-100","148","141.0000","6009515903473"
"PTPH004","195","1165.0000","6009515896065"
"PTRAP001","254","480.0000","6009515896034"
"PTRS1180","275","167.0000","6009515900397"
"PTRS1300","60","353.5000","6009515900403"
"PTTG009","276","388.5000","6009515896119"
"PU0425","6763","11.9000","6009515831769"
"PU0640","28822","11.9000","6009515829698"
"PU0640T","3144","10.3000","6009515869571"
"PU0805B","1495","16.3000","6009515833473"
"PU0805BT","2059","16.7000","6009515833480"
"PU0805G","3900","16.7000","6009515833466"
"PU0805O","2175","16.7000","6009515833459"
"PU0805R","2501","16.7000","6009515833435"
"PU0805T","5166","16.7000","6009515833497"
"PU0805Y","3980","16.7000","6009515833442"
"PU0860","32074","17.0000","6009515829704"
"PU1065","21137","23.2000","6009515829711"
"PU1280","18927","34.0000","6009515831776"
"PU1410B","3125","39.2000","6009515869564"
"PU1612B","2734","35.6000","6009515907815"
"RAC01020B","182","450.5000","6009515910341"
"RAC01020R","193","450.5000","6009515910334"
"RAC01033B","214","364.0000","6009515910365"
"RAC01033R","215","364.0000","6009515910358"
"RACL1020BAF","1","175.5000","6009515910457"
"RACL1020C","92","36.6000","6009515910556"
"RACL1020CAF","73","103.5000","6009515910570"
"RACL1020GAF","4","175.5000","6009515910464"
"RACL1020GLAF","1","175.5000","6009515910433"
"RACL1020PAF","2","175.5000","6009515910488"
"RACL1020RAF","-1","175.5000","6009515910440"
"RACL1020SAF","88","124.5000","6009515910594"
"RACL1020WAF","1","175.5000","6009515910471"
"RACL1020Y","12","103.5000","6009515910419"
"RACL1033BAF","3","175.5000","6009515910518"
"RACL1033C","49","36.6000","6009515910563"
"RACL1033CAF","27","103.5000","6009515910587"
"RACL1033GAF","5","175.5000","6009515910525"
"RACL1033GLAF","5","175.5000","6009515910495"
"RACL1033PAF","5","175.5000","6009515910549"
"RACL1033RAF","3","175.5000","6009515910501"
"RACL1033SAF","30","124.5000","6009515910600"
"RACL1033WAF","3","175.5000","6009515910532"
"RACL1033Y","8","103.5000","6009515910426"
"RACR0010","27","350.5000","6009515910396"
"RACR0011","59","141.0000","6009515910402"
"RACT0010","166","103.5000","6009515910372"
"RACT0020","95","103.5000","6009515910389"
"RCC 11-SD","18","361.5000","6009600405011"
"RCC 20-AB","129","409.0000","6009600405035"
"RCC G-13","159","243.0000","6009515837938"
"RCC G-14","1022","404.5000","6009515837945"
"RCC SW-2000","420","107.0000","6009515837952"
"RCC SW-3","121","246.5000","6009515837914"
"RH06","55","2966.0000","6009600408906"
"RH06 KIT","99","624.5000","6009675082766"
"RH06-50","7","1407.5000","6009515887964"
"RH08","40","3122.5000","6009600403413"
"RH08 BLUE","24","1559.0000","6009515874544"
"RH08 BLUE 100M","6","5207.5000",""
"RH08 KIT","579","652.0000","6009675082773"
"RH08-50","10","1616.0000","6009515887971"
"RH08KIT20","18","1095.0000","6009515849252"
"RH08KIT30","0","1381.5000","6009515849269"
"RH10","56","3909.5000","6009600403420"
"RH10-50","0","1824.5000","6009515887988"
"RH10KIT","28","729.0000","6009515806491"
"RH10KIT20","0","1194.0000","6009515849276"
"RH10KIT30","4","1642.0000","6009515811266"
"RH13","8","5353.5000","6009675088348"
"RH13KIT","9","1037.5000","6009515874551"
"RHBX0612BU","17","4582.0000","6009515904500"
"RHBX0814BU","4","5207.5000","6009515904517"
"RHBX1016BU","14","6254.0000","6009515904524"
"RHBX151016KRSF","0","6254.0000","6009515904449"
"RHBX151928","7","5211.5000","6009515904456"
"RHBX152535","4","8339.0000","6009515904463"
"RHBX15612KRSF","0","4535.0000","6009515904470"
"RHBX15814KRSF","0","5211.5000","6009515904487"
"RHBX15814SF","47","5211.5000",""
"RHC0810-2B","159","626.5000","6009515818678"
"RHC0810-2R","197","568.5000","6009515818685"
"RHYF06","49","4071.0000","6009515907617"
"RHYF06KIT","100","474.5000","6009515907600"
"RHYF08","128","4586.0000","6009515833077"
"RHYF08KIT","132","683.5000","6009515833091"
"RHYF10","19","5084.0000","6009515833084"
"RHYF10KIT","73","774.5000","6009515833107"
"RSH0310","48","551.5000","767615195940"
"RSH0311","107","624.5000","767615195957"
"RSH0312","20","312.0000","767615192611"
"RSH0313","74","301.5000","767615192628"
"RSH0314","67","182.5000","767615192635"
"RSH0315","111","364.0000","767615192642"
"RSH0317","145","291.0000","669356637645"
"RSH0318","10","416.0000","669356637652"
"RSH0401","25","349.5000","767615192659"
"RSH0402","46","291.0000","767615192666"
"RSH0422","81","937.5000","669356638901"
"RSH0423","74","1563.0000","669356638918"
"RSH0501","153","291.0000","767615192741"
"RSH0502","102","291.0000","767615192758"
"RSH0504","33","301.5000","767615192772"
"RSH0505","86","297.5000","767615192789"
"RSH0506","25","343.0000","767615192796"
"RSH0507","1","364.0000","767615195155"
"RSH0508","58","437.0000","767615192802"
"RSH0509","1","520.5000","6970058533130"
"RSH0511","77","391.5000","767615192819"
"RSH0512","92","728.0000","6970058533109"
"RSH0516","157","499.5000","767615192840"
"RSH0518","21","499.5000","767615192864"
"RSH0519","25","520.5000","767615192871"
"RSH0520","41","610.0000","767615192888"
"RSH0523","71","499.5000","767615192918"
"RSH0531","14","1041.5000","6970058533079"
"RSH0533","11","1329.5000","6970058533093"
"RSH0534","83","1008.0000","6970058533178"
"RSH0550","87","172.5000","6970058532621"
"RSH0552","323","172.5000","6970058532645"
"RSH0554","70","291.0000","6970058532669"
"RSH0555","55","343.0000","6970058532676"
"RSH0556","13","391.0000","6970058532683"
"RSH0691","15","353.5000","669356639748"
"RSH0695","0","447.5000","669356639731"
"RT001","238","2263.5000","6009515845292"
"RT001- SK01","0","30.8000","6009515914158"
"RT001- SK02","0","438.0000","6009515914165"
"RT001- SK03","0","52.6000","6009515914172"
"RUL MQR-15X30","89","276.0000","091511300765"
"RUL MQR-15X60","-1","351.0000","091511300772"
"RUL MQR-30X30","45","353.0000","091511300789"
"RUL QR-12S","108","339.0000","091511300932"
"RUL QR-6S","22","232.0000","091511300871"
"RUL QR-6X12","-6","248.5000","091511300925"
"RUL QR-6X24","0","362.5000","091511300918"
"RULER 01","1064","37.6000","6009515831783"
"RULER 02","1272","37.6000","6009515831790"
"SANDBALC-150-25KG","2","2038.0000",""
"SANDBALCAB-150-1KG","24","404.0000","6001651263954"
"SANDBL-50","54","316.0000","6009515831813"
"SANDBL-50-1","55","336.0000","6009515894139"
"SANDBL-50-2","63","336.0000","6009515894146"
"SANDBL-B60-2KG","5","130.5000","6009515887544"
"SANDBL-B90-2KG","-1","130.5000","6009515887551"
"SANDBL015","9","89.8000","6009515805319"
"SANDBL015-1","4","89.8000","6009515904654"
"SAW ATGP-FE","0","15064.5000",""
"SAW BTS-R-24ATB","6","729.0000",""
"SAW BTSDS82402","1","12326.5000","857766003475"
"SAW BTSP80HATB","10","2084.0000","857766003208"
"SAW BTSR40ATB","12","1771.5000","857766003192"
"SAW C10WA018","0","729.0000",""
"SAW CB104011","5","15.7000",""
"SAW CB104038","1","1407.5000",""
"SAW CB104068","2","141.0000",""
"SAW CB104092","1","678.0000",""
"SAW CB104095","1","782.0000",""
"SAW CB104137","1","9.4000",""
"SAW CB104140","1","678.0000",""
"SAW CB104169","2","41.8000",""
"SAW CB104176","5","678.0000",""
"SAW CB104184","0","1512.0000","857766003222"
"SAW CB104185","0","365.0000",""
"SAW CB104186","2","308.0000",""
"SAW CB104191","3","725.0000",""
"SAW CB104192","6","641.5000",""
"SAW CB104210","1","10.5000",""
"SAW CB104217","5","103.5000",""
"SAW CB104250","1","2084.0000",""
"SAW CB104279","1","130.5000",""
"SAW CB104280","1","88.8000",""
"SAW CB104282","1","933.5000",""
"SAW CB105018","1","203.5000",""
"SAW CB107017","5","2497.0000",""
"SAW CB107021","3","308.0000",""
"SAW CB107031","1","7296.5000",""
"SAW CB107035","1","6254.0000",""
"SAW CB107056","1","12509.0000",""
"SAW CB10M3SC","9","1041.5000",""
"SAW CB10M5RC","5","937.5000",""
"SAW CB10M5SC","5","1041.5000",""
"SAW CB10MCS","17","416.0000",""
"SAW CB110004","10","624.5000",""
"SAW CB110007","0","1041.5000",""
"SAW CB110011","3","2814.0000",""
"SAW CB112001","2","520.5000",""
"SAW CB116001","2","15.7000",""
"SAW CBF104004","1","833.0000",""
"SAW CBF104008","1","51.2000",""
"SAW CBF104010","0","364.0000",""
"SAW CBF104012","1","416.0000",""
"SAW CBF105002","1","2814.0000",""
"SAW CBFR1043612","1","88.8000",""
"SAW CBFR1043613","1","416.0000",""
"SAW CBFR1043614","1","479.0000",""
"SAW CBFR1043699","2","312.0000",""
"SAW CBFR1045214","0","312.0000",""
"SAW CBFR1045299","1","207.5000",""
"SAW CBFRT1053600","2","16679.0000",""
"SAW CBFT1045299","1","312.0000",""
"SAW CNS WA032","1","13551.5000",""
"SAW CNS-CIWA","7","7296.5000",""
"SAW CNS07017","7","4169.0000",""
"SAW CNS07058","7","1354.5000",""
"SAW CNS07074","1","416.0000",""
"SAW CNS07137","0","1980.0000",""
"SAW CNS07148","3","1041.5000","857766003215"
"SAW CNS07149","0","228.5000",""
"SAW CNS07158","3","36.6000",""
"SAW CNS07250","2","312.0000",""
"SAW CNS07251","1","207.5000",""
"SAW CNS07255","2","61.6000",""
"SAW CNS08006","0","416.0000",""
"SAW CNS08012","3","520.5000",""
"SAW CNS175-AU","5","57336.5000","857766003451"
"SAW CNSDCP","4","1458.5000",""
"SAW CNSJSC008","1","41.8000",""
"SAW CNSJSC009","1","15.7000",""
"SAW CNSSFA","1","7296.5000",""
"SAW CNSWA005","4","937.5000",""
"SAW CNSWA008","16","833.0000",""
"SAW CNSWA013","1","3335.0000",""
"SAW CNSWA028","6","193.0000",""
"SAW CNSWA036","24","860.5000",""
"SAW CTS002","3","885.5000",""
"SAW CTS003","3","833.0000",""
"SAW CTS004","3","197.5000",""
"SAW CTS005","3","729.0000",""
"SAW CTS006","3","134.5000",""
"SAW CTS007","3","67.8000",""
"SAW CTS009","3","72.0000",""
"SAW CTS010","3","145.0000",""
"SAW CTS011","3","468.5000",""
"SAW CTS012","3","729.0000",""
"SAW CTS013","3","207.5000",""
"SAW CTS014","3","572.5000",""
"SAW CTS015","3","572.5000",""
"SAW CTS017","3","301.5000",""
"SAW CTS018","3","604.0000",""
"SAW CTS019","3","583.0000",""
"SAW CTS020","3","583.0000",""
"SAW CTS021","3","312.0000",""
"SAW CTS022","3","395.5000",""
"SAW CTS023","3","134.5000",""
"SAW CTS024","3","145.0000",""
"SAW CTS025","3","228.5000",""
"SAW CTS026","3","141.0000",""
"SAW CTS028","3","1041.5000",""
"SAW CTS029","3","333.0000",""
"SAW CTS030","3","92.8000",""
"SAW CTS031","2","374.5000",""
"SAW CTS032","3","353.5000",""
"SAW CTS033","3","426.5000",""
"SAW CTS034","3","885.5000",""
"SAW CTS035","3","364.0000",""
"SAW CTS037","3","92.8000",""
"SAW CTS038","3","2605.5000",""
"SAW CTS040","3","1146.0000",""
"SAW CTS041","3","1720.5000",""
"SAW CTS043","3","7296.5000",""
"SAW CTS045","3","385.0000",""
"SAW CTS047","3","385.0000",""
"SAW CTS048","3","207.5000",""
"SAW CTS049","3","322.5000",""
"SAW CTS050","3","468.5000",""
"SAW CTS051","3","572.5000",""
"SAW CTS054","3","364.0000",""
"SAW CTS055","3","677.0000",""
"SAW CTS056","3","489.0000",""
"SAW CTS057","3","624.5000",""
"SAW CTS058","3","72.0000",""
"SAW CTS059","3","416.0000",""
"SAW CTS061","3","291.0000",""
"SAW CTS062","3","124.5000",""
"SAW CTS065","3","985.5000",""
"SAW CTS066","3","312.0000",""
"SAW CTS067","3","187.0000",""
"SAW CTS068","3","187.0000",""
"SAW CTS069","6","47.0000",""
"SAW CTS230A50I","13","31270.0000","857555005598"
"SAW CTSFS","0","4169.0000",""
"SAW CTSMG","3","1041.5000",""
"SAW CTSTSI","3","937.5000",""
"SAW ICS31240-50","6","128226.5000",""
"SAW JSS001","1","2397.0000",""
"SAW JSS002","1","624.5000",""
"SAW JSS003","2","2605.5000",""
"SAW JSS004","1","88.8000",""
"SAW JSS005","1","15.7000",""
"SAW JSS019","1","47.0000",""
"SAW JSS021","5","26.2000",""
"SAW JSS022","1","31.4000",""
"SAW JSS023","1","26.2000",""
"SAW JSS024","1","47.0000",""
"SAW JSS025","1","36.6000",""
"SAW JSS030","0","1041.5000",""
"SAW JSS031","1","47.0000",""
"SAW JSS032","1","47.0000",""
"SAW JSS033","0","833.0000",""
"SAW JSS034","1","31.4000",""
"SAW JSS035","1","9.4000",""
"SAW JSS036","1","41.8000",""
"SAW JSS037","1","520.5000",""
"SAW JSS038","1","1041.5000",""
"SAW JSS039","1","9.4000",""
"SAW JSS053","1","155.5000",""
"SAW JSS073","1","134.5000",""
"SAW JSS074","1","124.5000",""
"SAW JSS075","1","124.5000",""
"SAW JSS076","1","78.2000",""
"SAW JSS077","1","61.6000",""
"SAW JSS078","1","61.6000",""
"SAW JSS079","1","103.5000",""
"SAW JSS081","1","9.4000",""
"SAW JSS083","3","1563.0000",""
"SAW JSS089","1","103.5000",""
"SAW JSS090","1","15.7000",""
"SAW JSS092","1","9.4000",""
"SAW JSS094","1","416.0000",""
"SAW JSS095","1","520.5000",""
"SAW JSS096","1","78.2000",""
"SAW JSS097","1","72.0000",""
"SAW JSS098","1","67.8000",""
"SAW JSS108","1","624.5000",""
"SAW JSS109","1","624.5000",""
"SAW JSS124","0","4169.0000",""
"SAW JSS126","1","83.4000",""
"SAW JSS131","2","312.0000",""
"SAW JSS132","1","9.4000",""
"SAW JSS138","1","21.0000",""
"SAW JSS149","1","114.0000",""
"SAW JSS150","1","36.6000",""
"SAW JSS151","1","15.7000",""
"SAW JSS154","2","729.0000",""
"SAW JSS170","1","1041.5000",""
"SAW JSS173","1","9.4000",""
"SAW JSS186","9","145.0000",""
"SAW JSS205","1","729.0000",""
"SAW JSS206","1","72.0000",""
"SAW JSS222","1","114.0000",""
"SAW JSS230A50I","9","43784.0000","857766003406"
"SAW JSS238","-1","1146.0000",""
"SAW JSS246","2","1354.5000",""
"SAW JSS252","2","52.2000",""
"SAW JSS265","1","1041.5000",""
"SAW JSS268","1","41.8000",""
"SAW JSS270","1","9.4000",""
"SAW JSS272","1","41.8000",""
"SAW JSS290","1","624.5000",""
"SAW JSS292","14","18.8000",""
"SAW JSS294","1","182.5000",""
"SAW JSS299","1","207.5000",""
"SAW JSS301","0","416.0000",""
"SAW JSS310","1","1041.5000",""
"SAW JSS311","1","7818.0000",""
"SAW JSS315","1","88.8000",""
"SAW JSS316","1","15.7000",""
"SAW JSS319","6","6254.0000",""
"SAW JSS444","5","11466.5000",""
"SAW JSSFA","1","3126.5000",""
"SAW JSSMG","1","833.0000",""
"SAW JSSWA001","1","624.5000",""
"SAW MBCNS000","7","8339.0000",""
"SAW MBIND000","3","13551.5000",""
"SAW MBIND009","3","15.7000",""
"SAW MBIND010","4","9.4000",""
"SAW MBIND016","1","1041.5000",""
"SAW MBIND500","9","729.0000","857766003307"
"SAW MBPCS000","0","6567.0000",""
"SAW MBPCSIND","0","17409.0000",""
"SAW MCCNS","1","5733.0000",""
"SAW MCJSS","1","4169.0000",""
"SAW MCJSS001","1","520.5000",""
"SAW MCJSS004","1","26.2000",""
"SAW MCJSS006","1","15.7000",""
"SAW MCJSS022","0","624.5000",""
"SAW MK-DEMOKIT","4","729.0000",""
"SAW MK-HAT","42","103.5000",""
"SAW OFT30-CNS-000","2","3126.5000",""
"SAW PCS-087","1","1563.0000",""
"SAW PCS-178","5","21.0000",""
"SAW PCS-179","5","21.0000",""
"SAW PCS-188","5","207.5000",""
"SAW PCS-198","5","207.5000",""
"SAW PCS-WA-027","4","1041.5000",""
"SAW PCS00200","2","28.2000",""
"SAW PCS003","1","10424.0000",""
"SAW PCS00345","1","447.5000",""
"SAW PCS090","10","8.4000",""
"SAW PCS107","2","729.0000",""
"SAW PCS108","1","1771.5000",""
"SAW PCS115","1","312.0000",""
"SAW PCS119","5","8.4000",""
"SAW PCS121","12","31.4000",""
"SAW PCS122","1","624.5000",""
"SAW PCS123","3","26.2000",""
"SAW PCS143","2","624.5000",""
"SAW PCS148","0","8.4000",""
"SAW PCS161","1","448.5000",""
"SAW PCS163","3","312.0000",""
"SAW PCS164","10","12.6000",""
"SAW PCS203","1","520.5000",""
"SAW PCS258","0","520.5000",""
"SAW PCS263","4","468.5000",""
"SAW PCS265","1","13030.5000",""
"SAW PCS31230-AU","1","93824.0000",""
"SAW PCSWA004","7","416.0000",""
"SAW PCSWA005","11","416.0000",""
"SAW PCSWA014","3","207.5000",""
"SAW PCSWA024","3","1041.5000",""
"SAW PCSWA025","2","3361.0000",""
"SAW PFA012","5","9.1000",""
"SAW PFA013","2","56.2000",""
"SAW PFA014","0","46.2000",""
"SAW PFA018","2","46.2000",""
"SAW PFA021","3","16.9000",""
"SAW PFA026","2","312.0000",""
"SAW PFA042","1","16.9000",""
"SAW PFA043","1","312.0000",""
"SAW PFA049","3","207.5000",""
"SAW PFA951200","1","416.0000",""
"SAW RT-C27","3","7296.5000","857766003529"
"SAW RT-C30","4","11466.5000","857555005413"
"SAW RT-C32","1","11988.0000","857555005420"
"SAW RT-DCB","2","4169.0000","857555005390"
"SAW RT-F27","2","4169.0000","857555005376"
"SAW RT-F32","2","4482.0000","857766003482"
"SAW RT-FLS","18","833.0000","857766003567"
"SAW RT-HFD","6","781.0000","857766003581"
"SAW RT-ICW","2","4169.0000","857766003536"
"SAW RT-LFT","1","10945.5000","857555005369"
"SAW RT-PIR","2","1875.5000","857766003550"
"SAW RT-PSW230M","39","1563.0000",""
"SAW RT-PZR","2","2084.0000","857766003543"
"SAW RT-ST2","8","1041.5000","857766003505"
"SAW RT-STF","0","6254.0000","857555005406"
"SAW RT-STP","1","2605.5000","857766003604"
"SAW RT-TGS","2","1771.5000","857766003574"
"SAW RT-VFS","5","391.0000","857766003598"
"SAW SFA07005","1","16.9000",""
"SAW SFA07007","1","16.9000",""
"SAW SFA07042","1","56.2000",""
"SAW SFA07048","2","223.5000",""
"SAW TGI2-FA","12","6775.5000","857555005475"
"SAW TGI2-FRT36A","0","6254.0000",""
"SAW TGI2-R36A","10","7818.0000",""
"SAW TGI2-R52A","10","9381.5000",""
"SAW TGI2-T36A","12","6254.0000",""
"SAW TGI2-T52A","10","7296.5000",""
"SAW TGI2FRT52A","1","16679.0000",""
"SAW TGI2WA004","1","416.0000",""
"SAW TGP2-FA","8","6358.5000","857766003024"
"SAW TGP2-R36A2","7","7296.5000","857766003666"
"SAW TGP2-R52A2","22","7296.5000","857766003659"
"SAW TGP2-T36A","13","4899.0000","857766003048"
"SAW TGP2-T52A","17","5733.0000","857766003062"
"SAW TGP2002","2","1120.0000",""
"SAW TGP2004","0","207.5000",""
"SAW TGP2009","0","9.4000",""
"SAW TGP2010","5","52.2000",""
"SAW TGP2030","4","36.6000",""
"SAW TGP2041","5","39.4000",""
"SAW TGP2053","2","335.5000",""
"SAW TGP2054","2","560.0000",""
"SAW TSA-FOT","1","15636.5000",""
"SAW TSA-SA070","7","38571.5000",""
"SAW TSA-SA48","3","41699.0000",""
"SAW TSAODC","0","9381.5000",""
"SAW TSAPFA","2","7296.5000","857766003376"
"SAW TSASA48104","5","624.5000",""
"SAW TSBC10R3","0","2397.0000","857555005666"
"SAW TSDC8R2","1","2501.0000","857766003161"
"SAW TSG-DC-006","2","1041.5000",""
"SAW TSG-DC-007","1","833.0000",""
"SAW TSG-FDC","0","20849.0000",""
"SAW TSGDC","-1","4690.5000",""
"SAW TSGDC002","1","1563.0000",""
"SAW TSGDC006","1","10.2000",""
"SAW TSGDC007","0","335.5000",""
"SAW TSGDC031","1","1146.0000",""
"SAW TSGMG026","3","416.0000",""
"SAW TSIDJB","4","1146.0000","857766003420"
"SAW TSIDLD","6","2084.0000",""
"SAW TSISJB","10","937.5000",""
"SAW TSISLD","5","2084.0000",""
"SAWJSS224","2","1146.0000",""
"SB1205","375","20.5000","6009515831820"
"SB1205P","66","31.6000","6009515881528"
"SB1206","2926","25.6000","6009515831837"
"SB1206P","-8","37.0000","6009515881535"
"SB1207","782","42.0000","6009515831844"
"SB1207P","34","65.8000","6009515881542"
"SB1208","277","59.6000","6009515831851"
"SB1208P","36","71.6000","6009515881559"
"SB1209","142","24.0000","6009515831868"
"SB1209P","-6","41.8000","6009515881566"
"SB1210","73","34.8000","6009515831875"
"SB1210P","33","45.2000","6009515881573"
"SB1211","69","49.6000","6009515831882"
"SB1211P","52","50.0000","6009515881580"
"SB1212","359","42.2000","6009515831899"
"SB1212P","33","45.4000","6009515881597"
"SB1213","1465","45.2000","6009515831905"
"SB1213P","-50","54.6000","6009515881603"
"SB1214","130","56.2000","6009515831912"
"SB1214P","58","77.2000","6009515881610"
"SB1215","129","91.2000","6009515831929"
"SB1215P","32","106.5000","6009515881627"
"SB1216","136","102.5000","6009515831936"
"SB1216P","61","113.5000","6009515881634"
"SB1217","9","22.4000","6009515831943"
"SB1217P","-54","35.0000","6009515881641"
"SB1218","147","56.0000","6009515831950"
"SB1218P","-55","37.6000","6009515881658"
"SB1219","255","39.2000","6009515831967"
"SB1219P","37","53.8000","6009515881665"
"SB1220","16","51.2000","6009515832353"
"SB1220P","-24","60.6000","6009515881672"
"SB1221","50","34.0000","6009515832360"
"SB1221P","33","50.4000","6009515881689"
"SB1222","335","51.6000","6009515832377"
"SB1222P","7","57.6000","6009515881696"
"SB1223","517","68.2000","6009515832384"
"SB1223P","-44","82.0000","6009515881702"
"SB1224","1","68.2000","6009515832391"
"SB1224P","-76","71.6000","6009515881719"
"SB1225","524","71.4000","6009515832407"
"SB1225P","22","72.2000","6009515881726"
"SB1226","142","79.2000","6009515832414"
"SB1226P","34","91.0000","6009515881733"
"SB1227","32","92.2000","6009515832421"
"SB1227P","16","102.0000","6009515881740"
"SB1228","582","22.2000","6009515832438"
"SB1228P","11","30.0000","6009515881757"
"SB1229","435","32.8000","6009515832445"
"SB1229P","31","54.2000","6009515881764"
"SB1230","785","30.8000","6009515832452"
"SB1230P","40","37.0000","6009515881771"
"SB1231","477","51.2000","6009515832469"
"SB1231P","27","69.6000","6009515881788"
"SB1232","1203","53.8000","6009515832476"
"SB1232P","-4","62.8000","6009515881795"
"SB1233","641","43.6000","6009515832483"
"SB1233P","61","50.8000","6009515881801"
"SB1234","84","135.0000","6009515832490"
"SB1234P","36","165.0000","6009515881818"
"SB1235","161","93.8000","6009515832506"
"SB1235P","25","102.5000","6009515881825"
"SB1236","34","85.2000","6009515832513"
"SB1236P","40","80.8000","6009515881832"
"SB1242","430","20.4000","6009515832520"
"SB1242P","35","35.0000","6009515881849"
"SB1243","1228","31.4000","6009515832537"
"SB1243P","27","39.2000","6009515881856"
"SB1244","451","48.8000","6009515832544"
"SB1244P","34","65.8000","6009515881863"
"SB1245","36","64.2000","6009515832551"
"SB1245P","20","74.4000","6009515881870"
"SB1246","135","26.6000","6009515832568"
"SB1246P","53","41.6000","6009515881887"
"SB1247","143","34.0000","6009515832575"
"SB1247P","19","42.6000","6009515881894"
"SB1248","107","51.2000","6009515832582"
"SB1248P","40","58.6000","6009515881900"
"SB1249","364","47.6000","6009515832599"
"SB1249P","70","58.0000","6009515881917"
"SB1250","1038","68.2000","6009515832605"
"SB1250P","4","72.2000","6009515881924"
"SB1251","163","75.2000","6009515832612"
"SB1251P","10","90.6000","6009515881931"
"SB1252","211","92.2000","6009515832629"
"SB1252P","55","89.8000","6009515881948"
"SB1253","319","102.5000","6009515832636"
"SB1253P","57","99.6000","6009515881955"
"SB6002","0","2.0000","6009515908621"
"SB6002P","0","2.3000","6009515908638"
"SB6004","0","2.5000","6009515908645"
"SB6004P","0","3.2000","6009515908652"
"SB6005","0","6.0000","6009515908669"
"SB6005P","0","12.6000","6009515908676"
"SB6006","0","9.6000","6009515908683"
"SB6006P","0","12.5000","6009515908690"
"SB6008","0","14.1000","6009515908706"
"SB6008P","0","26.8000","6009515908713"
"SB610004","0","9.6000","6009515908744"
"SB610005","0","12.5000","6009515908768"
"SB610006","0","14.1000","6009515908782"
"SB610008","0","26.8000","6009515908805"
"SB610212","0","10.8000","6009515908720"
"SB6202","443","49.0000","6009515889654"
"SB6204","320","54.8000","6009515889661"
"SB6205","324","107.0000","6009515889678"
"SB6206","345","130.5000","6009515889685"
"SB6208","354","130.5000","6009515889692"
"SB6402","0","33.2000","6009515909581"
"SB6404","0","47.6000","6009515909604"
"SB6405","0","67.4000","6009515909628"
"SB6406","0","79.4000","6009515909642"
"SB6408","0","140.0000","6009515909666"
"SB64R106","0","118.5000","6009515909741"
"SB64R46","0","72.2000","6009515909680"
"SB64R84","0","84.6000","6009515909703"
"SB64R86","0","96.4000","6009515909727"
"SB6503","0","31.6000","6009515909147"
"SB6504","-2","37.4000","6009515909185"
"SB6505","0","48.8000","6009515909208"
"SB6506","0","65.0000","6009515909222"
"SB6508","0","96.6000","6009515909246"
"SB6604A","0","25.0000","6009515908904"
"SB6604B","0","38.0000","6009515908928"
"SB6604C","0","63.6000","6009515908942"
"SB6604D","0","79.4000","6009515908966"
"SB6605A","0","25.6000","6009515908980"
"SB6605B","0","26.6000","6009515909000"
"SB6606A","0","32.6000","6009515909024"
"SB6606B","0","40.6000","6009515909048"
"SB6606C","0","51.2000","6009515909062"
"SB6606D","0","62.6000","6009515909086"
"SB6608C","0","76.4000","6009515909109"
"SB6608D","0","70.4000","6009515909123"
"SB6802A","322","31.8000","6009515889746"
"SB6804A","705","36.8000","6009515889753"
"SB6804B","326","52.6000","6009515889760"
"SB6804C","543","60.8000","6009515889777"
"SB6804D","540","60.8000","6009515889784"
"SB6805A","244","52.4000","6009515889791"
"SB6805B","172","58.4000","6009515889807"
"SB6805C","231","70.0000","6009515889814"
"SB6806A","233","79.2000","6009515889821"
"SB6806B","229","79.2000","6009515889838"
"SB6806C","200","81.6000","6009515889845"
"SB6806D","211","112.5000","6009515889852"
"SB6808B","229","85.8000","6009515889869"
"SB6808C","242","89.0000","6009515889876"
"SB6808D","245","118.0000","6009515889883"
"SB6901","0","55.0000","6009515909260"
"SB6904A","0","31.4000","6009515909284"
"SB6904B","-2","39.6000","6009515909307"
"SB6904C","0","53.2000","6009515909321"
"SB6904D","0","64.2000","6009515909345"
"SB6905A","0","36.6000","6009515909369"
"SB6905B","0","43.6000","6009515909383"
"SB6905C","0","59.4000","6009515909406"
"SB6906A","0","40.4000","6009515909420"
"SB6906B","0","45.2000","6009515909444"
"SB6906C","0","58.4000","6009515909468"
"SB6906D","0","74.8000","6009515909482"
"SB6908B","0","76.2000","6009515909505"
"SB6908C","0","76.8000","6009515909529"
"SB6908D","0","86.4000","6009515909543"
"SB6908E","0","93.4000","6009515909567"
"SBF1257","-4","34.0000","6009515832643"
"SBF1257P","16","43.8000","6009515881962"
"SBF1258","250","44.4000","6009515832650"
"SBF1258P","-1","50.2000","6009515881979"
"SBF1259","226","47.0000","6009515832667"
"SBF1259P","38","55.2000","6009515881986"
"SBF1260","256","54.6000","6009515861001"
"SBF1260P","61","60.2000","6009515882013"
"SBM1257","508","27.2000","6009515832674"
"SBM1257P","59","33.8000","6009515882020"
"SBM1258","2357","31.6000","6009515832681"
"SBM1258P","41","37.6000","6009515882037"
"SBM1259","697","30.2000","6009515832698"
"SBM1259P","-28","40.8000","6009515882044"
"SBM1260","172","39.6000","6009515832704"
"SBM1260P","22","45.8000","6009515882051"
"SBM1261","222","54.6000","6009515878573"
"SBM1261P","58","55.6000","6009515882068"
"SC20012","7","29.8000","4012929200122"
"SC20019","1007","12.3000","4012929200191"
"SC20022","186","29.8000","4012929200221"
"SC20029","3343","12.3000","4012929200290"
"SC2002C5","11","63.4000","6009515833657"
"SC20032","24","29.8000","4012929200320"
"SC20039","2090","12.3000","4012929200399"
"SC20089","340","24.2000","4012929200894"
"SC20112","23","29.8000","4012929201129"
"SC20119","387","12.3000","4012929201198"
"SC20122","165","29.8000","4012929201228"
"SC20127","10","139.0000","6009515810030"
"SC20129","3026","12.3000","4012929201297"
"SC2012C10","13","121.0000","6009515811037"
"SC2012C5","12","66.4000","6009515811020"
"SC20132","16","29.8000","4012929201327"
"SC20139","513","12.3000","4012929201396"
"SC20182","0","95.8000",""
"SC20189","433","36.2000",""
"SC20202","0","30.4000","4012929202027"
"SC20219","44","17.5000","4012929202195"
"SC20222","13","36.6000","4012929202225"
"SC20229","102","17.5000","4012929202294"
"SC20242","5","36.6000","4012929202423"
"SC20249","183","17.5000","4012929202492"
"SC20252","6","36.6000","4012929202522"
"SC20259","205","17.5000","4012929202591"
"SC20262","18","36.6000","4012929202621"
"SC20269","33","17.5000","6009515801908"
"SC20282","20","47.8000","4012929202829"
"SC20289","123","21.0000","6009515801915"
"SC20292","6","59.8000","4012929202928"
"SC20299","95","28.0000","6009515801922"
"SC20622","0","44.6000","4012929206223"
"SC20629","290","22.2000","4012929206292"
"SC20632","7","45.8000","4012929206322"
"SC20639","211","22.2000","4012929206391"
"SC20642","11","45.8000","4012929206421"
"SC20649","108","22.2000","6009515802004"
"SC20652","20","45.8000","4012929206420"
"SC20659","374","22.2000","6009515810023"
"SC20669","240","22.2000","6009515802035"
"SC20782","0","91.6000","4012929207824"
"SC20789","-5","55.8000","4012929207893"
"SC20809","21","46.2000","4012929208098"
"SC20819","-3","54.0000","6009515802912"
"SC20832","14","87.4000","4012929208326"
"SC20839","66","39.2000","6009515803025"
"SC20842","10","67.4000","4012929208425"
"SC20849","409","21.0000","6009515803049"
"SC20852","13","46.4000","4012929208524"
"SC20859","151","21.0000","6009515803360"
"SC20862","10","46.4000","4012929208623"
"SC20869","345","21.0000","4012929208692"
"SC20872","29","46.4000","4012929208722"
"SC20879","412","21.0000","6009515803377"
"SC20882","19","46.4000","4012929208821"
"SC20889","90","21.0000","6009515803407"
"SC20892","3","46.4000","4012929208920"
"SC20899","572","21.0000","6009515803421"
"SC20902","16","65.0000","4012929209026"
"SC20909","164","21.0000","6009515804176"
"SC21402","8","57.6000","4012929214006"
"SC21409","135","27.0000","4012929214099"
"SC21412","19","57.6000","4012929214105"
"SC21419","42","27.0000","6009515836320"
"SC21422","25","57.6000","4012929214204"
"SC21429","316","27.0000","4012929214297"
"SC21842","10","52.4000","4012929218424"
"SC21849","35","24.2000","4012929218493"
"SC21852","6","52.4000","4012929218523"
"SC21859","187","24.2000","4012929218592"
"SC21872","15","52.4000","4012929218721"
"SC21879","163","24.2000","4012929218790"
"SC21882","23","67.4000","6009675087600"
"SC21889","40","45.0000",""
"SC21892","6","48.4000","6009675087617"
"SC21899","288","27.4000","4012929218998"
"SC21902","0","53.4000","4012929219025"
"SC21909","365","27.4000","4012929219094"
"SC23010","282","8.8000",""
"SC23012","75","51.4000","4012929230129"
"SC23019","995","22.0000","4012929230198"
"SC23022","61","51.4000","4012929230228"
"SC23029","5556","22.0000","4012929230297"
"SC23029-1","5400","18.0000",""
"SC23032","14","51.4000","4012929230327"
"SC23039","949","22.0000","6009515810009"
"SC23051","22","41.4000","6009515803766"
"SC23059","96","39.2000","6009515804183"
"SC23081","14","67.6000","6009515803773"
"SC23089","93","63.0000","6009515804190"
"SC23112","42","51.4000","4012929231126"
"SC23119","4944","22.0000","4012929231195"
"SC23122","57","51.4000","4012929231225"
"SC23129","6623","22.0000","4012929231294"
"SC2312C5","23","119.5000","6009515820077"
"SC23132","166","51.4000","4012929231324"
"SC23139","1788","22.0000","4012929231393"
"SC23149","172","36.4000","6009515804206"
"SC23151","15","38.4000","6009515803728"
"SC23159","120","36.4000","6009515839383"
"SC23181","27","77.0000","6009515803711"
"SC23189","312","69.2000","4012929231805"
"SC23842","1","210.0000","6009515826529"
"SC23852","0","210.0000","6009515826536"
"SC23859","226","97.2000",""
"SC23862","24","210.0000","6009515826543"
"SC23869","100","98.4000","4012929238699"
"SC23872","11","210.0000","6009515826550"
"SC23879","76","98.4000","6009515806729"
"SC23882","30","210.0000","6009515826567"
"SC23889","86","98.4000","6009515803934"
"SC25160","64","66.2000","4012929251605"
"SC25170","95","66.2000","4012929251704"
"SC25180","-1","69.4000","4012929251803"
"SC25190","391","69.4000","4012929251902"
"SC37201","0","211.5000","4012929372010"
"SC37209","22","142.5000","6009515807635"
"SC37231","1065","93.6000","4012929372317"
"SCH90014","-3","971.0000","4012929900145"
"SCS-1","-3","287.0000","091511400403"
"SCS-2","207","323.5000","091511400410"
"SCS-4","431","260.0000","091511900255"
"SD40R-1","324","198.5000","6009515802103"
"SD40R-2","333","203.5000","6009515802110"
"SD42001","54","443.5000","6009515802042"
"SD42002","410","464.0000","6009515802059"
"SD42003","315","485.0000","6009515802066"
"SD42004","678","511.0000","6009515802073"
"SD42005","333","547.5000","6009515802080"
"SD42006","195","620.5000","6009515802097"
"SD50R-1","998","193.0000","6009515802127"
"SD50R-2","350","203.5000","6009515802134"
"SD63B-1","449","260.0000","6009515802158"
"SD63BG","395","468.5000","6009515802165"
"SD63R-1","297","276.5000","6009515802141"
"SG A-10A","328","40.0000","6009515889418"
"SG A-15A","256","51.0000","6009515889425"
"SG A-6A","96","13.8000","6009515889395"
"SG A-8A","32","24.4000","6009515889401"
"SG A130","123","597.0000","6009515809737"
"SG A130-03","16","144.0000","6009515888930"
"SG A130-05","3","95.4000","6009515888947"
"SG A130-06","18","163.5000","6009515889135"
"SG A130-1-2","8","163.5000","6009515888954"
"SG A130K","282","809.0000","6009515818401"
"SG A130K-30","19","184.5000","6009515889203"
"SG A130K-31","9","184.5000","6009515889210"
"SG A130K-32","17","184.5000","6009515889227"
"SG A130K-33","12","126.5000","6009515889234"
"SG A130K-34","25","126.5000","6009515889241"
"SG A130K-35","22","126.5000","6009515889258"
"SG A134-01","4","164.0000","6009515842123"
"SG A137-01","10","164.0000","6009515842116"
"SG A138","168","257.0000","6009515809744"
"SG A138-03","38","144.0000","6009515888961"
"SG A138-04","7","164.0000","6009515842109"
"SG A138-2-3","3","213.0000","6009515888978"
"SG A178","35","1231.0000","6009515813833"
"SG A178-01","13","152.0000","6009515815776"
"SG A178-02","30","64.2000","6009515813840"
"SG A178-03","-2","107.0000","6009515816421"
"SG A178-04","25","213.5000","6009515889142"
"SG A180","8","1115.5000","6009515809751"
"SG A180-03","10","205.0000","6009515848330"
"SG A180-04","17","256.5000","6009515889159"
"SG A180-1-2","26","213.0000","6009515888985"
"SG A180-20","-2","130.5000","6009515888992"
"SG A180K","33","1240.0000","6009515818418"
"SG A182","59","1187.0000","6009515813826"
"SG A182-03","15","204.0000","6009515889005"
"SG A182-1-2-3","10","218.0000","6009515889012"
"SG A182-27","48","130.5000","6009515889029"
"SG A182-30","4","98.4000","6009515889197"
"SG A182-A-184","8","164.0000","6009515842147"
"SG A208","11","1236.5000","6009515813819"
"SG A208-03","18","198.0000","6009515889036"
"SG A208-04","17","249.0000","6009515889166"
"SG A208-1-2-5","14","207.0000","6009515889043"
"SG A208-19","29","126.5000","6009515889050"
"SG A209","-5","829.0000","6009515816513"
"SG A209-01","33","188.5000","6009515889173"
"SG A330-1","11","606.5000","6009515889180"
"SG A330-2","7","164.0000","6009515842093"
"SG A800-01","45","164.0000","6009515842130"
"SG A813-01","69","356.5000","6009515898212"
"SG AAS-10","283","252.0000","6009515889371"
"SG AAS-15","283","322.5000","6009515889388"
"SG AAS-6","289","101.0000","6009515889357"
"SG AAS-8","284","145.5000","6009515889364"
"SG AB17","14","45.8000",""
"SG AB17-12","19","19.5000","6009515862619"
"SG AB17G","207","729.0000","6009515809706"
"SG AB17G-1","46","571.5000","6009515877774"
"SG AB17G-10","44","5.9000",""
"SG AB17G-11","14","0.8000",""
"SG AB17G-14","16","12.9000",""
"SG AB17G-15","2","5.9000",""
"SG AB17G-18","36","10.5000",""
"SG AB17G-2","8","313.5000","6009515809713"
"SG AB17G-21","12","5.9000",""
"SG AB17G-3","15","0.4000",""
"SG AB17G-30","24","111.0000","6009515809720"
"SG AB17G-4","0","0.4000",""
"SG AB17G-41","20","5.9000",""
"SG AB17G-43","8","5.9000",""
"SG AC2000-01VP","3","781.0000","6009515898847"
"SG AC2000-02VP","301","781.0000","6009515898854"
"SG AC2000-03VP","190","781.0000","6009515898861"
"SG AC2000-4VP","168","130.5000","6009515898908"
"SG AC2000-SK01-1","45","372.5000","6009515903206"
"SG AC2000-SK01-2","25","372.5000","6009515903213"
"SG AC2000-SK01-3","22","372.5000","6009515903220"
"SG AC2000-SK02","29","65.8000","6009515899080"
"SG AC2000-SK03","30","43.6000","6009515899097"
"SG AC2000-SK04","28","62.2000","6009515899103"
"SG AC2000-SK05","29","43.6000","6009515902971"
"SG AC2000-SK06","28","78.2000","6009515903107"
"SG AC6000-347","4","2171.5000","6009515898816"
"SG AC6000-366","4","1737.0000","6009515898823"
"SG AC6000-369","4","1737.0000","6009515898830"
"SG AC6003","15","12654.0000","6009515898809"
"SG AD01","2333","88.8000","6009515806248"
"SG AD02","1760","103.5000","6009515809515"
"SG AD04","672","124.5000","6009515809546"
"SG AD05","325","134.5000","6009515843038"
"SG AD06","1399","56.4000","6009515907624"
"SG ADA01","14","26.8000","6009515814199"
"SG ADV012","452","628.5000","6009515896508"
"SG ADV014","264","628.5000","6009515896492"
"SG AH01","22","100.0000","6009515811983"
"SG AH02","17","100.0000","6009515811990"
"SG AH03","75","81.2000","6009515813871"
"SG AH04","12","115.0000","6009515813888"
"SG AH05","17","126.5000","6009515813895"
"SG AH06","248","135.5000","6009515813901"
"SG AH07","38","131.0000","6009515814205"
"SG AHC10","2685","29.8000","6009515907822"
"SG AHC12","2665","35.2000","6009515907839"
"SG AHC14","2950","61.4000","6009515907846"
"SG AHC16","2860","72.0000","6009515907853"
"SG AHC6","3868","12.8000","6009515888862"
"SG AHC8","2650","12.9000","6009515846930"
"SG APBJ04","270","28.6000","6009515890537"
"SG APBJ06","234","35.0000","6009515890544"
"SG APBJ06-04","288","30.8000","6009515890582"
"SG APBJ08","250","48.6000","6009515890551"
"SG APBJ08-06","279","39.4000","6009515890599"
"SG APBJ10","268","80.8000","6009515890568"
"SG APBJ10-08","287","51.6000","6009515890605"
"SG APBJ12","274","104.0000","6009515890575"
"SG APBJ12-10","286","85.8000","6009515890612"
"SG APD04-01","887","23.2000","6009515848668"
"SG APD04-02","259","26.4000","6009515848675"
"SG APD06-01","105","27.2000","6009515848682"
"SG APD06-02","374","28.8000","6009515848699"
"SG APD06-03","214","39.2000","6009515848705"
"SG APD06-04","248","54.6000","6009515848712"
"SG APD08-01","171","30.0000","6009515848729"
"SG APD08-02","65","30.6000","6009515848736"
"SG APD08-03","214","40.0000","6009515848743"
"SG APD08-04","234","55.6000","6009515848750"
"SG APD10-01","252","47.6000","6009515846701"
"SG APD10-02","125","47.6000","6009515846718"
"SG APD10-03","224","47.6000","6009515846725"
"SG APD10-04","223","68.2000","6009515846732"
"SG APD12-01","271","68.2000","6009515846749"
"SG APD12-02","213","72.6000","6009515846756"
"SG APD12-03","253","72.6000","6009515846763"
"SG APD12-04","178","72.6000","6009515846770"
"SG APDJ04","279","28.6000","6009515890353"
"SG APDJ06","260","35.0000","6009515890360"
"SG APDJ06-04","305","30.8000","6009515890407"
"SG APDJ08","275","48.6000","6009515890377"
"SG APDJ08-06","288","39.4000","6009515890414"
"SG APDJ10","277","80.8000","6009515890384"
"SG APDJ10-08","293","51.6000","6009515890421"
"SG APDJ12","279","104.0000","6009515890391"
"SG APDJ12-10","293","85.8000","6009515890438"
"SG APGJ06-04","271","22.2000","6009515890629"
"SG APGJ08-04","256","23.6000","6009515890636"
"SG APGJ08-06","289","25.6000","6009515890643"
"SG APGJ10-06","243","30.0000","6009515890650"
"SG APGJ10-08","255","34.0000","6009515890667"
"SG APGJ12-06","247","42.0000","6009515890674"
"SG APGJ12-08","183","37.6000","6009515890681"
"SG APGJ12-10","278","44.6000","6009515890698"
"SG APH04-01","275","24.4000","6009515890001"
"SG APH04-02","269","38.0000","6009515890018"
"SG APH06-02","209","37.2000","6009515890025"
"SG APH06-03","278","59.0000","6009515890032"
"SG APH06-04","269","92.8000","6009515890049"
"SG APH08-01","213","26.8000","6009515890056"
"SG APH08-02","200","37.4000","6009515890063"
"SG APH08-03","281","61.4000","6009515890070"
"SG APH08-04","271","95.8000","6009515890087"
"SG APH10-01","214","30.4000","6009515890094"
"SG APH10-02","201","41.2000","6009515890100"
"SG APH10-03","270","63.4000","6009515890117"
"SG APH10-04","268","98.8000","6009515890124"
"SG APH12-01","288","35.0000","6009515890131"
"SG APH12-02","261","44.4000","6009515890148"
"SG APH12-03","269","67.2000","6009515890155"
"SG APH12-04","266","103.0000","6009515890162"
"SG APHF04-01","176","34.0000","6009515848897"
"SG APHF04-02","249","48.8000","6009515848903"
"SG APHF06-01","274","41.0000","6009515848910"
"SG APHF06-02","219","47.6000","6009515844967"
"SG APHF06-03","265","64.2000","6009515844974"
"SG APHF06-04","250","98.2000","6009515844981"
"SG APHF08-01","253","37.6000","6009515844998"
"SG APHF08-02","171","50.2000","6009515845001"
"SG APHF08-03","275","67.4000","6009515845018"
"SG APHF08-04","253","101.5000","6009515845025"
"SG APHF10-01","286","39.2000","6009515846534"
"SG APHF10-02","244","64.2000","6009515846541"
"SG APHF10-03","244","76.0000","6009515846558"
"SG APHF10-04","269","118.0000","6009515846565"
"SG APHF12-02","260","66.6000","6009515846572"
"SG APHF12-03","290","80.2000","6009515846589"
"SG APHF12-04","270","122.0000","6009515846596"
"SG APKD04-01","252","51.2000","6009515848811"
"SG APKD04-02","272","51.2000","6009515848828"
"SG APKD06-01","284","51.2000","6009515848835"
"SG APKD06-02","244","61.4000","6009515848842"
"SG APKD06-03","277","61.4000","6009515848859"
"SG APKD06-04","268","64.2000","6009515848866"
"SG APKD08-01","260","51.2000","6009515848873"
"SG APKD08-02","226","64.2000","6009515848880"
"SG APKD08-03","253","64.2000","6009515846374"
"SG APKD08-04","563","68.2000","6009515846381"
"SG APKD10-01","277","68.2000","6009515846398"
"SG APKD10-02","264","68.2000","6009515846404"
"SG APKD10-03","276","68.2000","6009515846411"
"SG APKD10-04","550","68.2000","6009515846428"
"SG APKJ04","290","45.8000","6009515890445"
"SG APKJ06","286","57.2000","6009515890452"
"SG APKJ06-04","291","48.6000","6009515890483"
"SG APKJ08","286","72.2000","6009515890469"
"SG APKJ08-04","291","50.8000","6009515890490"
"SG APKJ08-06","287","60.8000","6009515890506"
"SG APKJ10","287","119.0000","6009515890476"
"SG APKJ10-06","291","64.4000","6009515890513"
"SG APKJ10-08","292","77.2000","6009515890520"
"SG APLJ04","270","21.8000","6009515890261"
"SG APLJ06","208","25.8000","6009515890278"
"SG APLJ06-04","295","30.2000","6009515890315"
"SG APLJ08","217","31.0000","6009515890285"
"SG APLJ08-06","275","36.2000","6009515890322"
"SG APLJ10","263","45.8000","6009515890292"
"SG APLJ10-08","291","50.0000","6009515890339"
"SG APLJ12","250","64.0000","6009515890308"
"SG APLJ12-10","285","72.8000","6009515890346"
"SG APM04","179","36.8000","6009515889890"
"SG APM06","103","41.8000","6009515889906"
"SG APM08","60","49.6000","6009515889913"
"SG APM10","204","80.8000","6009515889920"
"SG APM12","209","103.0000","6009515889937"
"SG APP04","188","6.2000","6009515889944"
"SG APP06","104","6.9000","6009515889951"
"SG APP08","363","7.8000","6009515889968"
"SG APP10","117","8.6000","6009515889975"
"SG APP12","238","14.2000","6009515889982"
"SG APYJ04","281","29.0000","6009515890179"
"SG APYJ06","263","34.0000","6009515890186"
"SG APYJ06-04","293","30.2000","6009515890223"
"SG APYJ08","273","42.0000","6009515890193"
"SG APYJ08-06","241","36.2000","6009515890230"
"SG APYJ10","278","63.8000","6009515890209"
"SG APYJ10-08","294","50.0000","6009515890247"
"SG APYJ12","278","81.8000","6009515890216"
"SG APYJ12-10","304","72.8000","6009515890254"
"SG APZ04","183","25.6000","6009515848767"
"SG APZ06","142","28.2000","6009515848774"
"SG APZ08","141","28.2000","6009515848781"
"SG APZ10","129","37.4000","6009515848798"
"SG APZ12","353","42.8000","6009515848804"
"SG AS1001-1","20","426.5000","6009515806125"
"SG AS1001-2","16","426.5000","6009515806132"
"SG AS1001-3","29","426.5000","6009515806149"
"SG AS1001-4","56","186.0000","6009515806217"
"SG AS1001A","291","572.5000","6009515806095"
"SG AS1001P-10","3","19.8000","6009515881405"
"SG AS1001P-11","0","19.8000","6009515881412"
"SG AS1001P-12","11","13.8000","6009515881429"
"SG AS1001P-15","4","13.8000","6009515881436"
"SG AS1001P-19","8","13.8000","6009515881443"
"SG AS1001P-21","10","13.8000","6009515881450"
"SG AS1001P-28","2","13.8000","6009515881467"
"SG AS1001P-3","7","13.8000","6009515881474"
"SG AS1001P-31","1425","9.6000","6009515877071"
"SG AS1001P-4","18","13.8000","6009515881481"
"SG AS1001P-41","6","10.3000","6009515881498"
"SG AS1001P-43","9","10.3000","6009515881504"
"SG ASC04-01","184","54.4000","6009515890704"
"SG ASC04-02","259","67.0000","6009515890711"
"SG ASC06-01","90","58.2000","6009515890728"
"SG ASC06-02","99","65.8000","6009515890735"
"SG ASC06-03","265","117.0000","6009515890742"
"SG ASC06-04","282","173.0000","6009515890759"
"SG ASC08-01","319","58.2000","6009515890766"
"SG ASC08-02","6","66.2000","6009515890773"
"SG ASC08-03","190","118.5000","6009515890780"
"SG ASC08-04","256","173.0000","6009515890797"
"SG ASC10-01","271","64.6000","6009515890803"
"SG ASC10-02","163","75.0000","6009515890810"
"SG ASC10-03","227","120.0000","6009515890827"
"SG ASC10-04","266","176.0000","6009515890834"
"SG ASC12-01","276","79.4000","6009515890841"
"SG ASC12-02","251","78.6000","6009515890858"
"SG ASC12-03","253","121.5000","6009515890865"
"SG ASC12-04","230","176.5000","6009515890872"
"SG ASU04","171","65.8000","6009515890889"
"SG ASU06","327","73.2000","6009515890896"
"SG ASU08","177","87.2000","6009515890902"
"SG ASU10","190","123.0000","6009515890919"
"SG ASU12","165","175.0000","6009515890926"
"SG ATC-01","1","42.2000","6009515903947"
"SG ATC-01P","761","45.4000","6009515903954"
"SG ATC-06","154","50.2000","6009515882785"
"SG ATC-09","1518","50.2000","6009515818111"
"SG ATC-09P","56","56.8000","6009515874599"
"SG BD-01","277","20.6000","6009675089741"
"SG BD-02","94","26.0000","6009675089758"
"SG BD-03","420","32.4000","6009675089765"
"SG BD-117","321","122.5000","6009675089772"
"SG BD-18","16","1399.0000","6009515820237"
"SG BD-400","43","401.0000","6009515820275"
"SG BD-430","484","83.0000","6009515820268"
"SG BD-470","24","83.0000","6009515820251"
"SG BD-48","164","60.4000","6009515836634"
"SG BD-480","25","19.3000","6009515820305"
"SG BD-821","3","7228.5000","6009515889104"
"SG BD-A1","28","38.8000","6009675089789"
"SG BD-A4","20","38.8000","6009675089796"
"SG BD-A5","32","38.8000","6009675089802"
"SG BD-A6","-11","38.8000","6009675089819"
"SG BD-A7","13","38.8000","6009675089826"
"SG BD42","11","20.5000","6009515889128"
"SG BD51-52","35","41.2000","6009515889111"
"SG BX0608","226","52.2000","6009515874568"
"SG BX0810","188","52.2000","6009515874575"
"SG COMP04","108","2202.0000","6009515814090"
"SG COMP04-01","11","170.0000",""
"SG COMP04-02","0","115.5000",""
"SG COMP04-03","2","14.9000",""
"SG COMP04-04","8","312.0000",""
"SG COMP04-05","5","12.5000",""
"SG COMP04-06","21","22.2000",""
"SG COMP04-07","11","22.2000",""
"SG COMP04-08","8","3228.5000",""
"SG COMP04K","93","2858.0000","6009515814144"
"SG COMP05","0","4016.0000","6009515814106"
"SG COMP06","6","3445.5000","6009515814113"
"SG COMP06-01","-1","117.0000",""
"SG COMP06-02","0","312.0000",""
"SG COMP06-03","0","94.2000",""
"SG COMP06-04","5","26.8000",""
"SG COMP06-05","7","2011.0000",""
"SG COMP06-16","2","442.0000",""
"SG COMP06-26","7","122.5000",""
"SG COMP06-30","9","121.0000",""
"SG COMP06-31","0","188.0000",""
"SG COMP06-34","7","121.0000",""
"SG COMP06-45","-3","179.5000",""
"SG COMP06-48","0","118.5000",""
"SG COMP07","18","5014.5000","6009515814120"
"SG COMP08K","-6","2642.5000","6009515814137"
"SG COMP09","20","2318.5000","6009515816094"
"SG COMP09K","0","2480.5000","6009515816414"
"SG COMP11","0","2495.5000","6009515824723"
"SG COMP12","0","2691.0000","6009515824877"
"SG COMP13","-1","3754.0000","6009515825393"
"SG COMP13-1","10","687.5000","6009515889265"
"SG COMPSP-01","1","68.0000",""
"SG COMPSP-02","0","77.6000",""
"SG COMPSP-03","0","192.5000",""
"SG COMPSP-04","5","16.4000",""
"SG COMPSP-05","8","55.8000",""
"SG COMPSP-06","4","472.0000",""
"SG COMPSP-06A","-2","429.0000",""
"SG COMPSP-07","0","16.4000",""
"SG COMPSP-08","0","9.9000",""
"SG COMPSP-09","0","186.5000",""
"SG COMPSP-10","0","40.4000",""
"SG COMPSP-11","5","24.6000",""
"SG COMPSP-12","13","496.0000",""
"SG COMPSP-13","9","116.5000",""
"SG COMPSP-14","5","77.8000",""
"SG COMPSP-15","0","117.0000",""
"SG COMPSP-16","5","3228.5000",""
"SG CP01","8","814.5000","6009515814977"
"SG CS15014","910","135.0000","6009515903565"
"SG CS15014-1","2843","176.5000","6009515903558"
"SG CS15058","977","194.5000","6009515903589"
"SG CUT01","220","38.6000","6009515889302"
"SG DTC-10","1570","36.0000","6009515903961"
"SG DTC-10P","1022","39.2000","6009515903978"
"SG DTC-12","2125","79.6000","6009515818173"
"SG E240","10","2241.5000","6009515816520"
"SG E240-01","23","89.8000","6009515884116"
"SG EC11-13","2269","5.5000","6009515903695"
"SG EC13-15","1707","7.3000","6009515903701"
"SG EC15-18","21","7.5000","6009515903718"
"SG EC17-20","290","9.4000","6009515903725"
"SG EC9-11","2255","5.7000","6009515903688"
"SG F01","1390","103.5000","6009600408975"
"SG F02","34","158.0000","6009515814182"
"SG F180-1","117","308.0000","6009515817657"
"SG F180-1-1","20","103.5000","6009515850708"
"SG F180-2","51","954.0000","6009515817756"
"SG F200-1","116","547.5000","6009515817664"
"SG F200-2","72","1041.5000","6009515817763"
"SG FR01","902","399.0000","6009515910617"
"SG FR180-1","212","818.5000","6009515817695"
"SG FR180-2","21","1771.5000","6009515817732"
"SG FR200-1","138","1199.0000","6009515817701"
"SG FR200-2","156","1771.5000","6009515817749"
"SG FRL180-1","77","1354.5000","6009515817633"
"SG FRL180-2","29","1824.5000","6009515817770"
"SG FRL200-1","6","1976.0000","6009515817640"
"SG FRL200-2","63","2292.5000","6009515817787"
"SG GL0010","1966","177.5000","6009515911119"
"SG GL0011","1962","177.5000","6009515911126"
"SG GL0012","1948","177.5000","6009515911133"
"SG H2000","869","303.5000","6009515806118"
"SG H2000-03","94","20.8000",""
"SG H2000-1","141","169.0000","6009515806187"
"SG H2000-12","15","134.5000",""
"SG H2000-13","11","19.9000",""
"SG H2000-14","8","19.9000",""
"SG H2000-19","0","19.7000",""
"SG H2000-2","132","169.0000","6009515806194"
"SG H2000-26","0","19.7000",""
"SG H2000-28","6","19.7000",""
"SG H2000-29","0","19.7000",""
"SG H2000-3","19","169.0000","6009515806200"
"SG H2000-33","0","19.9000",""
"SG H2000-34","0","19.9000",""
"SG H2000-35","0","19.7000",""
"SG H2000-36","0","19.9000",""
"SG H2000-37","0","19.7000",""
"SG H2000-38","0","35.4000",""
"SG H2000-4","0","53.8000",""
"SG H2000-6","4","20.8000",""
"SG H2000-7","0","19.9000",""
"SG H2000-8","17","128.0000","6009515809485"
"SG H2000-SK01","9","21.4000","6009515848613"
"SG H2000-SK02","26","50.4000","6009515848620"
"SG H2000-SK03","4","42.8000","6009515848637"
"SG H2000-SK04","37","29.4000","6009515848644"
"SG H2000-SK05","59","29.4000","6009515848651"
"SG H2000P","714","497.5000","6009515878887"
"SG H2000T","42","120.0000","6009515827946"
"SG H2000T-1","0","169.0000","6009515827953"
"SG H827","8098","395.5000","6009515806101"
"SG H827-008","16","35.2000",""
"SG H827-01","1061","468.5000","6009515824273"
"SG H827-02","275","541.5000","6009515818647"
"SG H827-05","38","226.0000","6009515806156"
"SG H827-1","41","226.0000","6009515809812"
"SG H827-10","7","20.8000",""
"SG H827-11","42","20.8000",""
"SG H827-15","2","72.8000",""
"SG H827-18","25","70.2000",""
"SG H827-2","66","226.0000","6009515806163"
"SG H827-21","1","160.0000",""
"SG H827-3","75","226.0000","6009515806170"
"SG H827-4","1117","118.0000","6009515806224"
"SG H827-5","11","186.0000","6009515837396"
"SG H827-SK01","44","71.4000","6009515848569"
"SG H827-SK02","101","61.0000","6009515848576"
"SG H827-SK03","39","71.4000","6009515848583"
"SG H827-SK04","89","40.0000","6009515848590"
"SG H827-SK05","64","40.0000","6009515848606"
"SG H827-SK06","46","40.0000","6009515906054"
"SG H827C","223","652.0000","6009515842987"
"SG H827K","173","833.0000","6009515824945"
"SG H887","1124","725.5000","6009515824150"
"SG H887-01","8","434.0000","6009515824952"
"SG H887-02","108","434.0000","6009515824969"
"SG H887-03","111","434.0000","6009515824976"
"SG H887-04","53","434.0000","6009515824990"
"SG H887-05","51","162.5000","6009515866037"
"SG H887-16","0","34.4000",""
"SG H887-17","0","62.8000",""
"SG H887-18","0","34.4000",""
"SG H887-34","0","34.4000",""
"SG H887-35","0","62.8000",""
"SG H887-37","10","62.8000",""
"SG H887-38","5","62.8000",""
"SG H887-39","0","34.4000",""
"SG H887MINI","361","541.0000","6009515825461"
"SG H887MINI-1","34","186.0000","6009515825478"
"SG H887MINI-2","40","186.0000","6009515825485"
"SG H887MINI-3","26","186.0000","6009515825492"
"SG H887P","617","777.0000","6009515878863"
"SG HC11-23","840","13.4000","6009515903732"
"SG HC6-17","1744","9.4000","6009515903749"
"SG HC6-22","886","9.8000","6009515903756"
"SG HL01","23","308.5000","6009515814151"
"SG HL02","29","308.5000","6009515814168"
"SG HL04","19","97.8000","6009515814175"
"SG HR1000","98","5552.0000","6009515902681"
"SG HR1000-SK01","5","525.0000","6009515906719"
"SG HR1000-SK02","25","2485.0000","6009515906726"
"SG HR1000-SK03","15","199.0000","6009515906733"
"SG HR1000-SK04","5","1325.0000","6009515906740"
"SG HR1000-SK05","15","175.0000","6009515906757"
"SG HR1000-SK06","5","535.0000","6009515906764"
"SG HR1000-SK07","5","410.0000","6009515906771"
"SG HR1000-SK08","5","245.0000","6009515906788"
"SG HR1000-SK09","10","199.0000","6009515906795"
"SG HR1000-SK10","30","669.0000","6009515906801"
"SG HR1000-SK11","60","108.0000","6009515906818"
"SG HR22215","318","1563.0000","6009515900885"
"SG HR22215-SK01","0","40.4000","6009515900946"
"SG HR22215-SK02","31","25.4000","6009515900953"
"SG HR22215-SK03","10","25.4000","6009515900960"
"SG HR22215-SK04","10","44.8000","6009515901158"
"SG HR22309","-11","1095.0000","6009515900878"
"SG HR22309-SK01","10","32.6000","6009515900908"
"SG HR22309-SK02","6","25.4000","6009515900915"
"SG HR22309-SK03","10","25.4000","6009515900922"
"SG HR22309-SK04","11","12.3000","6009515900939"
"SG HR22618","437","2918.0000","6009515900892"
"SG HR22618-SK01","39","25.4000","6009515900984"
"SG HR22618-SK02","8","7.9000","6009515900991"
"SG HR22618-SK03","9","219.0000","6009515901165"
"SG HR22618-SK04","0","219.0000","6009515914417"
"SG HS-A7","0","77.8000",""
"SG HVSF01-06","131","162.5000","6009515846787"
"SG HVSF01-08","216","159.5000","6009515845056"
"SG HVSF01-10","269","237.5000","6009515846794"
"SG HVSF01-12","289","220.0000","6009515846800"
"SG HVSF02-06","182","157.5000","6009515845032"
"SG HVSF02-08","195","164.0000","6009515845063"
"SG HVSF02-10","241","230.5000","6009515845087"
"SG HVSF02-12","274","234.0000","6009515846817"
"SG HVSF03-06","275","168.0000","6009515845049"
"SG HVSF03-08","241","168.0000","6009515845070"
"SG HVSF03-10","246","246.0000","6009515845094"
"SG HVSF03-12","241","241.0000","6009515846824"
"SG HVSF04-10","575","254.5000","6009515845100"
"SG HVSF04-12","267","258.0000","6009515846831"
"SG HVSS01-01","258","153.5000","6009515845117"
"SG HVSS02-01","280","168.5000","6009515845124"
"SG HVSS02-02","234","169.0000","6009515845131"
"SG HVSS03-02","243","177.5000","6009515845148"
"SG HVSS03-03","277","182.5000","6009515845155"
"SG HVSS04-03","290","184.5000","6009515846442"
"SG HVSS04-04","571","193.0000","6009515845162"
"SG KIT01","-8","621.5000","6009515812287"
"SG KIT03","88","1036.5000","6009515827670"
"SG KIT04","284","122.0000","6009515827687"
"SG KIT05","910","978.5000","6009515812270"
"SG KIT05-01","14","162.5000","6009515871857"
"SG KIT07","0","624.5000","6009515911379"
"SG KIT07-SK01","0","130.5000","6009515912697"
"SG KIT07-SK02","0","26.2000","6009515912703"
"SG L01","359","123.0000","6009600408968"
"SG L180","192","228.5000","6009515817671"
"SG L200","9","416.0000","6009515817688"
"SG L897-01","11","621.5000","6009515859015"
"SG LM3000-SK01","6","961.0000","6009515852429"
"SG LM3000-SK02","2","234.5000","6009515852436"
"SG LM3000-SK03","1","234.5000","6009515852443"
"SG LM3000-SK04","1","234.5000","6009515852450"
"SG LM3000-SK05","5","141.0000","6009515852467"
"SG LM3000-SK06","7","234.5000","6009515852474"
"SG LM3000-SK07","6","269.5000","6009515852481"
"SG LM3000-SK08","22","80.2000","6009515852498"
"SG LM3000M","209","1179.0000","6009515809676"
"SG LM3000M-1","12","508.5000",""
"SG LM3000M-18","7","5.9000",""
"SG LM3000M-2","10","495.0000","6009515809805"
"SG LM3000M-22","14","5.9000",""
"SG LM3000M-24","0","5.9000",""
"SG LM3000M-29","9","5.9000",""
"SG LM3000M-3","11","495.5000","6009515809683"
"SG LM3000M-5","20","5.9000",""
"SG LVLP-13","8","5.9000",""
"SG LVLP-14","10","5.9000",""
"SG LVLP-15-1","3","5.9000",""
"SG LVLP-15-3","6","5.9000",""
"SG LVLP-18-2","8","5.9000",""
"SG LVLP-19","2","5.9000",""
"SG LVLP-24-1","4","5.9000",""
"SG LVLP-27","35","5.9000",""
"SG LVLP-28","26","47.8000",""
"SG LVLP-29","26","61.8000",""
"SG LVLP-30","17","61.8000",""
"SG LVLP-4","5","61.8000",""
"SG LVLP-6","8","5.9000",""
"SG MMDS7","184","511.0000","6009515903640"
"SG MMDS7-2","195","511.0000","6009515903657"
"SG MMDS9","179","573.5000","6009515903664"
"SG MMDS9-2","197","573.5000","6009515903671"
"SG MP200","133","833.0000","6009515819507"
"SG MP200-01","15","449.5000","6009515860417"
"SG MP500-01","4","441.5000","6009515860431"
"SG MP866","59","624.5000","6009515818661"
"SG MPC04-01","83","27.6000","6009515890933"
"SG MPC04-02","107","33.0000","6009515890940"
"SG MPC06-01","116","30.2000","6009515890957"
"SG MPC06-02","136","33.0000","6009515890964"
"SG MPC06-03","108","40.4000","6009515890971"
"SG MPC06-04","109","61.6000","6009515890988"
"SG MPC08-01","84","33.8000","6009515890995"
"SG MPC08-02","135","34.6000","6009515891008"
"SG MPC08-03","115","44.0000","6009515891015"
"SG MPC08-04","95","63.0000","6009515891022"
"SG MPC10-01","111","55.0000","6009515891039"
"SG MPC10-02","59","55.0000","6009515891046"
"SG MPC10-03","98","55.0000","6009515891053"
"SG MPC10-04","92","66.8000","6009515891060"
"SG MPC12-01","117","73.4000","6009515891077"
"SG MPC12-02","107","73.4000","6009515891084"
"SG MPC12-03","113","73.4000","6009515891091"
"SG MPC12-04","110","80.6000","6009515891107"
"SG MPCF04-01","77","32.4000","6009515891473"
"SG MPCF04-02","83","47.0000","6009515891480"
"SG MPCF06-01","99","32.4000","6009515891497"
"SG MPCF06-02","109","51.4000","6009515891503"
"SG MPCF06-03","117","58.6000","6009515891510"
"SG MPCF06-04","119","73.4000","6009515891527"
"SG MPCF08-01","118","41.2000","6009515891534"
"SG MPCF08-02","89","55.8000","6009515891541"
"SG MPCF08-03","110","63.0000","6009515891558"
"SG MPCF08-04","118","77.8000","6009515891565"
"SG MPCF10-01","117","61.6000","6009515891572"
"SG MPCF10-02","115","61.6000","6009515891589"
"SG MPCF10-03","114","73.4000","6009515891596"
"SG MPCF10-04","120","88.0000","6009515891602"
"SG MPCF12-01","124","88.0000","6009515891619"
"SG MPCF12-02","113","91.0000","6009515891626"
"SG MPCF12-03","116","92.4000","6009515891633"
"SG MPCF12-04","109","95.4000","6009515891640"
"SG MPH04-01","84","66.0000","6009515892036"
"SG MPH04-02","85","80.6000","6009515892043"
"SG MPH06-01","90","70.4000","6009515892050"
"SG MPH06-02","88","88.0000","6009515892067"
"SG MPH06-03","82","113.0000","6009515892074"
"SG MPH06-04","77","125.0000","6009515892081"
"SG MPH08-01","79","95.4000","6009515892098"
"SG MPH08-02","35","98.2000","6009515892104"
"SG MPH08-03","82","125.0000","6009515892111"
"SG MPH08-04","74","139.5000","6009515892128"
"SG MPH10-01","82","110.0000","6009515892135"
"SG MPH10-02","39","117.5000","6009515892142"
"SG MPH10-03","81","139.5000","6009515892159"
"SG MPH10-04","77","154.0000","6009515892166"
"SG MPH12-01","83","183.5000","6009515892173"
"SG MPH12-02","73","183.5000","6009515892180"
"SG MPH12-03","81","183.5000","6009515892197"
"SG MPH12-04","78","198.0000","6009515892203"
"SG MPL04-01","109","51.4000","6009515891114"
"SG MPL04-02","84","52.8000","6009515891121"
"SG MPL06-01","208","52.8000","6009515891138"
"SG MPL06-02","52","52.8000","6009515891145"
"SG MPL06-03","111","58.6000","6009515891152"
"SG MPL06-04","118","74.8000","6009515891169"
"SG MPL08-01","158","61.6000","6009515891176"
"SG MPL08-02","164","64.6000","6009515891183"
"SG MPL08-03","90","73.4000","6009515891190"
"SG MPL08-04","110","86.6000","6009515891206"
"SG MPL10-01","276","76.2000","6009515891213"
"SG MPL10-02","14","82.2000","6009515891220"
"SG MPL10-03","171","88.0000","6009515891237"
"SG MPL10-04","84","95.4000","6009515891244"
"SG MPL12-01","119","113.0000","6009515891251"
"SG MPL12-02","47","113.0000","6009515891268"
"SG MPL12-03","126","113.0000","6009515891275"
"SG MPL12-04","116","125.0000","6009515891282"
"SG MPT04-01","89","84.4000","6009515891299"
"SG MPT04-02","83","84.4000","6009515891305"
"SG MPT06-01","117","84.4000","6009515891312"
"SG MPT06-02","122","88.0000","6009515891329"
"SG MPT06-03","129","95.4000","6009515891336"
"SG MPT06-04","129","105.5000","6009515891343"
"SG MPT08-01","129","103.0000","6009515891350"
"SG MPT08-02","123","105.5000","6009515891367"
"SG MPT08-03","131","113.0000","6009515891374"
"SG MPT08-04","139","127.5000","6009515891381"
"SG MPT10-01","133","142.5000","6009515891398"
"SG MPT10-02","130","142.5000","6009515891404"
"SG MPT10-03","130","149.5000","6009515891411"
"SG MPT10-04","133","164.5000","6009515891428"
"SG MPT12-01","132","190.5000","6009515891435"
"SG MPT12-02","131","190.5000","6009515891442"
"SG MPT12-03","134","193.5000","6009515891459"
"SG MPT12-04","134","223.0000","6009515891466"
"SG MPUC04","130","39.6000","6009515891657"
"SG MPUC06","215","47.0000","6009515891664"
"SG MPUC08","256","54.4000","6009515891671"
"SG MPUC10","181","70.4000","6009515891688"
"SG MPUC12","166","88.0000","6009515891695"
"SG MPUL04","83","55.8000","6009515891701"
"SG MPUL06","66","66.0000","6009515891718"
"SG MPUL08","81","80.6000","6009515891725"
"SG MPUL10","88","132.0000","6009515891732"
"SG MPUL12","96","190.5000","6009515891749"
"SG MPUT04","180","67.4000","6009515891756"
"SG MPUT06","183","89.4000","6009515891763"
"SG MPUT08","160","107.0000","6009515891770"
"SG MPUT10","109","146.5000","6009515891787"
"SG MPUT12","95","179.0000","6009515891794"
"SG MPY04","78","73.4000","6009515891800"
"SG MPY06","133","99.8000","6009515891817"
"SG MPY08","131","125.0000","6009515891824"
"SG MPY10","141","176.0000","6009515891831"
"SG MPY12","141","205.5000","6009515891848"
"SG MSC04-01","90","158.5000","6009515891855"
"SG MSC04-02","87","158.5000","6009515891862"
"SG MSC06-01","75","158.5000","6009515891879"
"SG MSC06-02","137","158.5000","6009515891886"
"SG MSC06-03","171","198.0000","6009515891893"
"SG MSC06-04","184","227.5000","6009515891909"
"SG MSC08-01","71","161.5000","6009515891916"
"SG MSC08-02","89","161.5000","6009515891923"
"SG MSC08-03","163","198.0000","6009515891930"
"SG MSC08-04","182","242.0000","6009515891947"
"SG MSC10-01","90","205.5000","6009515891954"
"SG MSC10-02","166","205.5000","6009515891961"
"SG MSC10-03","172","227.5000","6009515891978"
"SG MSC10-04","183","256.5000","6009515891985"
"SG MSC12-01","-2","242.0000","6009515891992"
"SG MSC12-02","51","242.0000","6009515892005"
"SG MSC12-03","90","271.0000","6009515892012"
"SG MSC12-04","86","300.5000","6009515892029"
"SG NE01","16","124.0000","6009515889067"
"SG NE02","28","124.0000","6009515889074"
"SG NZ01","25","190.5000","6009515889081"
"SG NZ02","1","190.5000","6009515889098"
"SG PP10","38","5581.0000","6009515815004"
"SG PP10-1","43","435.5000","6009515830229"
"SG PP10-2","8","7252.0000","6009515829995"
"SG PP10-3","0","381.5000","6009515830083"
"SG PP102040-SK01","44","417.0000","6009515904395"
"SG PP20","0","9401.5000","6009515815011"
"SG PP20-1","14","10076.5000","6009515815028"
"SG PP20-2","12","732.5000","6009515830045"
"SG PP20-3","0","667.5000","6009515830052"
"SG PP40","15","9091.0000","6009515829971"
"SG PP40-1","2","14712.0000","6009515829988"
"SG PP40-2","26","573.5000","6009515830069"
"SG PP40-3","11","776.0000","6009515877101"
"SG PP882AG","20","1050.5000","6009515836306"
"SG PP882AG-01","25","369.5000","6009515845179"
"SG PP882AG-02","19","130.5000","6009515845186"
"SG PP882AG-03","8","369.5000","6009515878894"
"SG PP882AG-SK01","4","88.2000","6009515845193"
"SG PP882AG-SK02","2","101.0000","6009515845209"
"SG PP882AG-SK03","9","101.0000","6009515845216"
"SG PP882AG-SK04","8","88.2000","6009515845223"
"SG PP882AG-SK05","25","113.5000","6009515845230"
"SG PPK800-105","0","4226.0000","6009515856212"
"SG PPK800-106","0","2100.0000","6009515856229"
"SG PPK800-17","0","36.2000",""
"SG PPK800-18","0","36.2000",""
"SG PPK800-20","0","375.0000",""
"SG PPK800-21","0","116.0000",""
"SG PPK800-22","0","36.2000",""
"SG PPK800-43","0","36.2000",""
"SG PPK800-44","0","375.0000",""
"SG PPK800-45","0","105.0000",""
"SG PPK800-46","0","36.2000",""
"SG PPK800-SK01","0","186.0000","6009515866846"
"SG PPK800-SK02","0","283.0000","6009515866853"
"SG PPK800-SK03","0","899.5000","6009515866860"
"SG PPK800-SK04","0","1800.0000","6009515866877"
"SG PPK800-SK05","0","3186.0000","6009515866884"
"SG PPK800-SK06","0","744.5000","6009515866891"
"SG PPK800-SK07","0","758.0000","6009515866907"
"SG PPK800-SK08","0","576.5000","6009515866914"
"SG PPK800-SK09","0","8030.0000","6009515866921"
"SG PPK800-SK10","0","1159.5000","6009515866938"
"SG PPK800-SK11","0","1361.0000","6009515867935"
"SG PPK800-SK12","0","1908.5000","6009515867942"
"SG PPK800-SK13","0","1632.5000","6009515867959"
"SG PPK800-SK14","0","168.0000","6009515867966"
"SG PPK800-SK15","0","133.0000","6009515867973"
"SG PPPQ2U","17","982.5000","6009515830038"
"SG PPQ2U-1","17","242.5000",""
"SG PPX1","62","4569.5000","6009515830007"
"SG PPX1-1","25","381.5000","6009515830014"
"SG PPX1-2","12","407.5000","6009515851897"
"SG PPX1-3","10","829.0000","6009515851910"
"SG PPX13","16","510.0000","6009515851903"
"SG PPX4001S","27","1452.0000","6009515830021"
"SG PPX4001S-1","73","829.0000","6009515836313"
"SG PPX4001S-2","19","816.0000","6009515877088"
"SG PPX4001S-3","11","816.0000","6009515877095"
"SG PPX4001S-4","32","812.0000","6009515889272"
"SG PQ2","312","364.0000","6009515819521"
"SG PQ2-01","34","242.5000",""
"SG PQ2-02","9","28.8000","6009515842963"
"SG PQ2-03","7","224.5000","6009515842949"
"SG PQ2P","509","416.0000","6009515878856"
"SG PS6","711","203.5000","6009515809874"
"SG PSU-10","179","27.2000","6009515889623"
"SG PSU-15","221","38.4000","6009515889630"
"SG PSU-20","307","121.0000","6009515889647"
"SG PSU-6","210","8.5000","6009515889609"
"SG PSU-8","169","16.2000","6009515889616"
"SG PTFE12-2P","0","56.4000","6009515824792"
"SG PVC0810-2","587","416.0000","6009515816704"
"SG R01","685","172.5000","6009675081899"
"SG R180","125","364.0000","6009515817718"
"SG R200","71","708.0000","6009515817725"
"SG RH06","0","3097.0000","6009515913977"
"SG RH06KIT","0","441.0000","6009515913960"
"SG RH08","0","3483.0000","6009515913991"
"SG RH08KIT","-9","495.5000","6009515913984"
"SG RH10","0","3785.0000","6009515914011"
"SG RH10KIT","0","680.0000","6009515914004"
"SG SB-10","84","84.6000","6009515889531"
"SG SB-15","246","129.0000","6009515889548"
"SG SB-6","240","50.4000","6009515889517"
"SG SB-8","103","56.4000","6009515889524"
"SG SP016","3050","68.2000","6009515818135"
"SG SP016P","24","68.4000","6009515878290"
"SG SP017","473","105.5000","6009515876036"
"SG SP017P","52","89.2000","6009515878306"
"SG SP018","413","131.0000","6009515876043"
"SG SP018P","61","106.0000","6009515878450"
"SG SP019","0","255.5000","6009515909888"
"SG SP0216","-5","111.5000","6009515909901"
"SG SP0217","0","172.0000","6009515909925"
"SG SP0218","0","188.5000","6009515909949"
"SG SP0219","-5","270.0000","6009515909963"
"SG SP0315","0","108.5000","6009515909987"
"SG SP0316","0","90.4000","6009515910013"
"SG SP0317","0","104.0000","6009515910037"
"SG SP0318","0","121.5000","6009515910051"
"SG SP0319","0","265.5000","6009515910075"
"SG SP0415","0","105.5000","6009515910099"
"SG SP0416","0","87.4000","6009515910112"
"SG SP0417","0","102.5000","6009515910136"
"SG SP0418","0","118.5000","6009515910150"
"SG SP0419","0","258.0000","6009515910174"
"SG SPC00101","4152","30.4000","6009515903633"
"SG SPC00102","2906","30.2000","6009515911218"
"SG SPC00103","890","190.5000","6009515911201"
"SG SPC00104","1446","227.5000","6009515911195"
"SG SPC00105","1911","56.2000","6009515911188"
"SG SPC00106","2473","31.0000","6009515911171"
"SG SPC00107","933","232.5000","6009515903596"
"SG SPC00108","1412","74.6000","6009515911164"
"SG SPC00109","2415","40.4000","6009515911157"
"SG SPC00110","276","248.5000","6009515903626"
"SG SPC00111","1376","127.5000","6009515911140"
"SG SPC00120","1886","104.5000","6009515904678"
"SG SPC00129","287","151.5000","6009515903602"
"SG SPC00130","193","139.0000","6009515903619"
"SG SPC00300","2314","43.8000","6009515911225"
"SG SPC04-G01","287","13.6000","6009515846459"
"SG SPC04-G02","136","19.5000","6009515846466"
"SG SPC06-G04","169","51.2000","6009515846473"
"SG SPC10-G01","321","29.8000","6009515846480"
"SG SPC12-G01","107","45.6000","6009515846497"
"SG SPC12-G02","271","48.6000","6009515846503"
"SG SPC12-G03","197","47.6000","6009515846510"
"SG SPC12-G04","147","55.6000","6009515846527"
"SG SS-15","1887","26.8000","6009515818142"
"SG SS-26","154","101.0000","6009515818159"
"SG SS-28","930","34.0000","6009515818166"
"SG STG05","1400","300.0000","6009515806286"
"SG SU-10","350","14.1000","6009515889579"
"SG SU-15","181","16.2000","6009515889586"
"SG SU-20","451","121.0000","6009515889593"
"SG SU-6","364","8.5000","6009515889555"
"SG SU-8","313","10.1000","6009515889562"
"SG V-10","373","23.4000","6009515889494"
"SG V-15","273","33.4000","6009515889500"
"SG V-6","222","10.7000","6009515889470"
"SG V-8","176","16.4000","6009515889487"
"SG VAC01","3","4152.0000","6009515815998"
"SG VAC02","3","3345.5000","6009515818067"
"SG VAC02-01","7","297.5000",""
"SG VAC05","6","3186.5000","6009515827250"
"SG VS-10","479","252.0000","6009515889456"
"SG VS-15","501","322.5000","6009515889463"
"SG VS-6","447","101.0000","6009515889432"
"SG VS-8","456","145.5000","6009515889449"
"SG WG01","1896","166.0000","6009515806279"
"SG WG01P","401","187.0000","6009515882662"
"SG10001","1808","62.4000","6009515831646"
"SG10001P","15","68.6000","6009515882792"
"SG10002","1298","100.0000","6009515831653"
"SG10010","4838","11.5000","6009515815226"
"SG10010P","112","28.0000","6009515827762"
"SG10020","5695","12.6000","6009515815233"
"SG10020P","86","28.0000","6009515827779"
"SG10050","1184","19.9000","6009515815240"
"SG10050P","28","46.2000","6009515880842"
"SG10060","3232","19.9000","6009515815257"
"SG10060P","11","46.2000","6009515827786"
"SG10070","1094","25.4000","6009515815264"
"SG10070P","64","46.2000","6009515880859"
"SG10231","-4","14.6000","6009515909765"
"SG10232","1204","22.4000","6009515831660"
"SG10232-1P","-8","27.8000","6009515882754"
"SG10233","0","22.2000","6009515909789"
"SG10234","0","31.0000","6009515909802"
"SG10252","1195","50.2000","6009515829728"
"SG10252-1P","-43","58.8000","6009515824761"
"SG10261","0","26.8000","6009515909826"
"SG10262","1414","50.2000","6009515825102"
"SG10262-1P","25","58.8000","6009515824778"
"SG10263","0","33.4000","6009515909840"
"SG10264","0","50.8000","6009515909864"
"SG10272","447","62.2000","6009515829735"
"SG10272-1P","-30","70.0000","6009515824785"
"SG11000","5275","12.6000","6009515831677"
"SG11000P","1","28.0000","6009515880927"
"SG11001","252","14.7000","6009515880460"
"SG11001P","50","29.4000","6009515880934"
"SG11010","3386","13.2000","6009515831684"
"SG11010P","-40","28.0000","6009515880972"
"SG11011","727","22.0000","6009515880491"
"SG11011P","7","62.0000","6009515880989"
"SG11020","345","19.9000","6009515871949"
"SG11020P","16","46.2000","6009515880958"
"SG11030","1269","21.2000","6009515831691"
"SG11030P","52","46.2000","6009515880941"
"SG11031","-2","19.9000","6009515880484"
"SG11031P","44","46.2000","6009515880965"
"SG11140","389","70.0000","6009515831707"
"SG12010","875","25.8000","6009515815271"
"SG12010P","39","66.2000","6009515880866"
"SG12020","3961","26.8000","6009515815288"
"SG12020P","29","33.0000","6009515874582"
"SG12030","1773","27.4000","6009515815295"
"SG12030P","26","66.2000","6009515880880"
"SG12040","143","37.0000","6009515868987"
"SG13010","528","32.2000","6009515815301"
"SG13010P","38","66.2000","6009515880897"
"SG13040","1620","38.6000","6009515815318"
"SG13040P","14","63.4000","6009515827793"
"SG13050","365","35.8000","6009515850715"
"SG13050P","36","98.4000","6009515880910"
"SG3000","1674","74.2000","6009515880545"
"SG3000P","6","81.6000","6009515878023"
"SG3001","285","74.2000","6009515880552"
"SG3001P","6","81.6000","6009515878030"
"SG3002","81","74.2000","6009515880569"
"SG3002P","13","81.6000","6009515878283"
"SG4001","395","686.0000","6009515819514"
"SG4001-01","4","282.0000","6009515842918"
"SG4001-02","0","14.2000","6009515898106"
"SG4001-03","30","69.0000",""
"SG472-15","40","16.2000",""
"SG472A","226","391.0000","6009515809522"
"SG472AP","863","560.0000","6009515878849"
"SG5000","5950","74.2000","6009515907150"
"SG5000-1","192","78.6000","6009515888879"
"SG5000-1P","16","84.0000","6009515888923"
"SG5000P","-38","81.6000","6009515877996"
"SG5001","186","74.2000","6009515880521"
"SG5001P","-91","81.6000","6009515878009"
"SG5002","471","74.2000","6009515880538"
"SG5002P","17","81.6000","6009515878016"
"SG5009","93","71.6000","6009515880507"
"SG5009P","138","81.6000","6009515877972"
"SG5010","1197","71.6000","6009515815363"
"SG5010P","-42","81.6000","6009515880996"
"SG5011","702","76.8000","6009515880514"
"SG5011P","55","85.8000","6009515877989"
"SG5AM","4644","146.5000","6009515809461"
"SG6000","466","45.2000","6009515840686"
"SG777","0","3407.5000","6009515809478"
"SG777-01","15","326.0000",""
"SG777-02","10","302.5000",""
"SG777-03","6","55.8000",""
"SG777-04","14","13.9000",""
"SG777-05","2","158.5000",""
"SG777-06","5","2277.0000",""
"SHVFF06-06","273","152.0000","6009515829575"
"SHVFF08-08","123","152.0000","6009515829582"
"SHVFF10-10","106","213.5000","6009515846275"
"SHVFF12-12","293","213.5000","6009515846282"
"SPB04-01","407","25.0000","6009515829056"
"SPB04-02","118","27.6000","6009515829063"
"SPB04-M5","200","18.9000","6009515908331"
"SPB04-M6","200","18.9000","6009515908348"
"SPB06-01","278","27.0000","6009515829070"
"SPB06-02","283","29.2000","6009515829087"
"SPB06-03","373","39.4000","6009515829094"
"SPB06-04","340","53.8000","6009515829100"
"SPB06-M5","200","23.4000","6009515908355"
"SPB06-M6","200","23.4000","6009515908362"
"SPB08-01","486","30.6000","6009515829117"
"SPB08-02","136","32.2000","6009515829124"
"SPB08-03","363","39.2000","6009515829131"
"SPB08-04","383","57.4000","6009515829148"
"SPB10-01","287","41.2000","6009515846039"
"SPB10-02","464","42.0000","6009515846046"
"SPB10-03","352","42.0000","6009515846053"
"SPB10-04","392","58.0000","6009515846060"
"SPB12-01","339","58.0000","6009515846077"
"SPB12-02","296","59.4000","6009515846084"
"SPB12-03","424","59.4000","6009515846091"
"SPB12-04","535","62.6000","6009515846107"
"SPB14-02","487","105.0000","6009515869427"
"SPB14-04","236","109.5000","6009515869434"
"SPB16-02","288","116.5000","6009515907730"
"SPB16-04","188","125.0000","6009515907747"
"SPC00051","113","59.0000","6009515825157"
"SPC00052","49","71.0000","6009515825225"
"SPC00053","197","71.0000","6009515825232"
"SPC00054","226","71.0000","6009515825249"
"SPC00055","79","71.0000","6009515827373"
"SPC00100","27","227.5000","6009515827090"
"SPC00101","93","337.5000","6009515816476"
"SPC00102","128","315.0000","6009515816483"
"SPC00103","95","315.0000","6009515816490"
"SPC00104","6907","41.8000","6009515816469"
"SPC00105","-10","167.0000","6009515904326"
"SPC00106","-15","363.5000","6009515816506"
"SPC00107","269","232.5000","6009515816452"
"SPC00107-1","0","232.5000","6009515913915"
"SPC00108","541","259.0000","6009515816445"
"SPC00109","478","225.5000","6009515819224"
"SPC00110","293","248.5000","6009515819231"
"SPC00111","95","166.0000","6009515819248"
"SPC00112","-56","209.0000","6009515819255"
"SPC00113","461","224.0000","6009515819262"
"SPC00117","104","232.5000","6009515819408"
"SPC00118","71","232.5000","6009515819415"
"SPC00119","240","295.0000","6009515825140"
"SPC00120","-26","104.5000","6009515825164"
"SPC00121","1233","318.0000","6009515825171"
"SPC00122","870","81.8000","6009515825188"
"SPC00123","608","138.0000","6009515825195"
"SPC00124","295","138.5000","6009515825201"
"SPC00125","-38","341.5000","6009515825218"
"SPC00126","259","109.0000","6009515840945"
"SPC00126-1","-4","109.0000","6009515913908"
"SPC00127","1692","148.5000","6009515840952"
"SPC00128","207","341.0000","6009515842314"
"SPC00129","322","151.5000","6009515862640"
"SPC00130","750","139.0000","6009515862633"
"SPC00200","140","119.0000","6009515859558"
"SPC00201","118","135.5000","6009515859565"
"SPC00203","320","125.0000","6009515859589"
"SPC00204","-33","125.0000","6009515859596"
"SPC00205","354","125.0000","6009515859602"
"SPC00206","220","109.5000","6009515859619"
"SPC00207","-22","109.5000","6009515859626"
"SPC00208","36","131.5000","6009515859633"
"SPC00300","1855","81.8000","6009515911232"
"SPC00320","1420","190.5000","6009515911270"
"SPC00321","1992","72.8000","6009515911287"
"SPC00400","0","60.3500","6009515915940"
"SPC04-01","431","12.9000","6009515828561"
"SPC04-02","267","17.0000","6009515849825"
"SPC04-M5","200","10.3000","6009515908294"
"SPC04-M6","200","10.3000","6009515908300"
"SPC06-01","7633","13.0000","6009515828578"
"SPC06-02","8465","16.5000","6009515828585"
"SPC06-03","1250","25.0000","6009515828592"
"SPC06-04","1025","42.4000","6009515849832"
"SPC06-G01","402","14.8000","6009515829476"
"SPC06-G02","253","18.0000","6009515829483"
"SPC06-G03","327","28.2000","6009515829490"
"SPC06-M5","480","24.0000","6009515908317"
"SPC06-M6","480","24.0000","6009515901899"
"SPC08-01","7309","16.3000","6009515828608"
"SPC08-02","8020","17.7000","6009515828615"
"SPC08-03","1455","23.6000","6009515828622"
"SPC08-04","2384","41.4000","6009515849849"
"SPC08-G01","355","17.4000","6009515829506"
"SPC08-G02","1247","18.0000","6009515829513"
"SPC08-G03","250","26.8000","6009515829520"
"SPC08-G04","184","45.6000","6009515829537"
"SPC10-01","1399","25.0000","6009515828639"
"SPC10-02","7227","26.2000","6009515828646"
"SPC10-03","2111","27.0000","6009515828653"
"SPC10-04","2547","42.2000","6009515828660"
"SPC10-G02","462","28.6000","6009515829544"
"SPC10-G03","190","29.0000","6009515829551"
"SPC10-G04","364","43.8000","6009515829568"
"SPC10102","380","130.5000","6009515819439"
"SPC10103","382","119.0000","6009515836597"
"SPC12-01","590","38.8000","6009515849856"
"SPC12-02","1121","39.0000","6009515828677"
"SPC12-03","916","39.2000","6009515828684"
"SPC12-04","2458","49.4000","6009515828691"
"SPC14-02","96","67.8000","6009515869342"
"SPC14-04","283","72.0000","6009515869359"
"SPC14-G02","246","75.2000","6009515869526"
"SPC14-G04","239","78.4000","6009515869533"
"SPC16-02","179","62.2000","6009515907686"
"SPC16-04","74","69.6000","6009515907693"
"SPCF04-01","237","20.0000","6009515849863"
"SPCF04-02","268","20.0000","6009515849870"
"SPCF06-01","950","21.0000","6009515828707"
"SPCF06-02","331","26.2000","6009515828714"
"SPCF06-03","329","37.2000","6009515828721"
"SPCF06-04","450","56.0000","6009515849887"
"SPCF08-01","361","23.2000","6009515828738"
"SPCF08-02","1533","29.2000","6009515828745"
"SPCF08-03","583","40.6000","6009515828752"
"SPCF08-04","525","46.0000","6009515828769"
"SPCF10-01","560","38.8000","6009515849894"
"SPCF10-02","418","41.6000","6009515849900"
"SPCF10-03","692","57.8000","6009515845971"
"SPCF10-04","840","67.4000","6009515845988"
"SPCF12-01","467","55.0000","6009515845995"
"SPCF12-02","382","63.4000","6009515846008"
"SPCF12-03","299","57.8000","6009515846015"
"SPCF12-04","467","64.6000","6009515846022"
"SPCF14-02","215","94.2000","6009515869366"
"SPCF14-04","174","95.4000","6009515869373"
"SPCF16-02","188","92.2000","6009515907754"
"SPCF16-04","188","93.0000","6009515907761"
"SPE04","1132","13.8000","6009515829322"
"SPE04-06","190","16.4000","6009515908416"
"SPE04-08","190","17.9000","6009515908423"
"SPE06","5342","15.0000","6009515829339"
"SPE06-08","190","18.1000","6009515908430"
"SPE06-10","190","58.4000","6009515908447"
"SPE06-12","190","64.4000","6009515908461"
"SPE08","6315","16.8000","6009515829346"
"SPE08-10","175","24.4000","6009515908454"
"SPE08-12","190","31.8000","6009515908478"
"SPE10","2896","22.0000","6009515829353"
"SPE10-12","175","32.2000","6009515908485"
"SPE12","2491","27.0000","6009515829360"
"SPE12-14","90","76.0000","6009515908492"
"SPE12-16","100","104.0000","6009515908508"
"SPE14","314","46.6000","6009515869489"
"SPE14-16","100","104.0000","6009515908515"
"SPE16","45","50.8000","6009515907723"
"SPG06-04","1270","14.1000","6009515829414"
"SPG08-06","5309","15.8000","6009515829421"
"SPG10-06","60","16.3000","6009515908577"
"SPG10-08","4908","19.8000","6009515829438"
"SPG12-06","190","23.6000","6009515908584"
"SPG12-08","160","21.8000","6009515908591"
"SPG12-10","2934","22.6000","6009515829445"
"SPG14-12","848","46.6000","6009515869502"
"SPG16-12","100","44.0000","6009515908607"
"SPG16-14","153","46.8000","6009515907679"
"SPIR 10M","80","672.5000","6009600408579"
"SPIR 20M","13","985.5000","6009515818319"
"SPIR 3M","25","374.5000","8054085169215"
"SPIR 5M","41","406.0000","6009600408760"
"SPKG04-04","245","35.4000","6009515846312"
"SPKG06-04","234","37.2000","6009515829452"
"SPKG06-06","233","43.8000","6009515846329"
"SPKG08-06","151","44.0000","6009515829469"
"SPKG08-08","107","53.0000","6009515846336"
"SPKG10-08","244","34.8000","6009515846350"
"SPKG10-10","229","58.6000","6009515846343"
"SPKG12-10","263","50.6000","6009515846367"
"SPL04-01","659","16.0000","6009515828776"
"SPL04-02","437","19.8000","6009515828783"
"SPL04-G01","190","16.4000","6009515846602"
"SPL04-G02","254","27.4000","6009515846619"
"SPL04-M5","200","12.2000","6009515908379"
"SPL04-M6","200","12.2000","6009515908386"
"SPL06-01","7383","17.5000","6009515828790"
"SPL06-02","3060","21.2000","6009515828806"
"SPL06-03","318","28.0000","6009515828813"
"SPL06-04","624","45.0000","6009515846220"
"SPL06-G01","108","17.0000","6009515829599"
"SPL06-G02","241","24.4000","6009515829605"
"SPL06-G03","377","36.8000","6009515829612"
"SPL06-G04","104","56.2000","6009515846633"
"SPL06-M5","200","15.2000","6009515908393"
"SPL06-M6","200","15.2000","6009515908409"
"SPL08-01","4725","21.2000","6009515828820"
"SPL08-02","5938","22.6000","6009515828837"
"SPL08-03","457","28.4000","6009515828844"
"SPL08-04","336","46.0000","6009515828851"
"SPL08-G01","91","23.4000","6009515829629"
"SPL08-G02","456","24.8000","6009515829636"
"SPL08-G03","159","32.0000","6009515829643"
"SPL08-G04","339","51.2000","6009515829650"
"SPL10-02","1935","36.2000","6009515828868"
"SPL10-03","1896","36.8000","6009515828875"
"SPL10-04","1037","51.2000","6009515828882"
"SPL10-G01","591","33.8000","6009515846640"
"SPL10-G02","374","43.4000","6009515829667"
"SPL10-G03","257","44.8000","6009515829674"
"SPL10-G04","424","51.2000","6009515829681"
"SPL12-01","388","52.4000","6009515846237"
"SPL12-02","1006","54.2000","6009515846244"
"SPL12-03","1023","59.2000","6009515846251"
"SPL12-04","874","62.2000","6009515846268"
"SPL12-G01","193","61.2000","6009515846657"
"SPL12-G02","332","64.0000","6009515846664"
"SPL12-G03","115","61.2000","6009515846671"
"SPL12-G04","202","64.4000","6009515846688"
"SPL14-02","182","85.8000","6009515869380"
"SPL14-04","133","89.0000","6009515869397"
"SPL14-G02","281","94.2000","6009515869540"
"SPL14-G04","277","98.4000","6009515869557"
"SPL16-02","78","92.2000","6009515907709"
"SPL16-04","78","93.0000","6009515907716"
"SPLF04-01","42","24.2000","6009515828899"
"SPLF04-02","409","28.0000","6009515828905"
"SPLF06-01","447","24.4000","6009515828912"
"SPLF06-02","176","30.4000","6009515828929"
"SPLF06-03","439","43.6000","6009515828936"
"SPLF06-04","334","56.0000","6009515828943"
"SPLF08-01","220","27.8000","6009515828950"
"SPLF08-02","421","33.2000","6009515828967"
"SPLF08-03","374","39.6000","6009515828974"
"SPLF08-04","557","58.6000","6009515828981"
"SPLF10-01","358","41.0000","6009515846299"
"SPLF10-02","193","51.2000","6009515828998"
"SPLF10-03","248","60.4000","6009515829001"
"SPLF10-04","481","75.0000","6009515829018"
"SPLF12-01","423","67.6000","6009515846305"
"SPLF12-02","300","70.0000","6009515829025"
"SPLF12-03","356","77.2000","6009515829032"
"SPLF12-04","293","67.6000","6009515829049"
"SPLF14-02","256","101.0000","6009515869403"
"SPLF14-04","248","107.0000","6009515869410"
"SPLF16-02","88","98.6000","6009515907778"
"SPLF16-04","88","104.5000","6009515907785"
"SPPF04","100","10.7000","6009515908522"
"SPPF06","100","12.3000","6009515908539"
"SPPF08","100","13.5000","6009515908546"
"SPPF10","100","15.3000","6009515908553"
"SPPF12","100","17.1000","6009515908560"
"SPR 0410","20","1021.0000","6009515815042"
"SPR 0412","27","1041.5000","6009515815059"
"SPR 0808","9","1246.0000","6009515815066"
"SPR 0810","3","1667.0000","6009515815073"
"SPR 0812","17","1980.0000","6009515815080"
"SPR 1208","0","1563.0000","6009515815097"
"SPR 1210","27","1875.5000","6009515815103"
"SPR 1212","5","1980.0000","6009515815110"
"SPRC07075","264","263.5000","6009515845780"
"SPRC0805","-20","165.0000","6009515845797"
"SPRC0815","264","368.5000","6009515845247"
"SPU04","2932","10.0000","6009515829155"
"SPU06","11688","11.0000","6009515829162"
"SPU08","9886","12.6000","6009515829179"
"SPU10","7674","16.1000","6009515829186"
"SPU12","9771","17.9000","6009515829193"
"SPU14","291","38.2000","6009515869441"
"SPU16","-75","43.0000","6009515907655"
"SPV04","214","10.2000","6009515829278"
"SPV06","4324","10.7000","6009515829285"
"SPV08","3500","11.9000","6009515829292"
"SPV10","4895","15.2000","6009515829308"
"SPV12","1898","19.0000","6009515829315"
"SPV14","362","38.2000","6009515869472"
"SPV16","59","43.0000","6009515907662"
"SPX04-01","215","25.0000","6009515846114"
"SPX04-02","148","29.2000","6009515846121"
"SPX06-01","352","27.0000","6009515829209"
"SPX06-02","349","29.2000","6009515829216"
"SPX06-03","323","38.2000","6009515829223"
"SPX06-04","175","53.8000","6009515846138"
"SPX08-01","179","30.6000","6009515829230"
"SPX08-02","460","32.2000","6009515829247"
"SPX08-03","305","39.2000","6009515829254"
"SPX08-04","491","66.4000","6009515829261"
"SPX10-01","328","45.6000","6009515846145"
"SPX10-02","533","44.8000","6009515846152"
"SPX10-03","361","47.6000","6009515846169"
"SPX10-04","588","65.6000","6009515846176"
"SPX12-01","448","65.6000","6009515846183"
"SPX12-02","292","67.6000","6009515846190"
"SPX12-03","320","67.6000","6009515846206"
"SPX12-04","520","71.4000","6009515846213"
"SPX14-02","286","119.0000","6009515869458"
"SPX14-04","277","127.5000","6009515869465"
"SPX16-02","100","116.5000","6009515907792"
"SPX16-04","100","125.0000","6009515907808"
"SPY06","1592","13.1000","6009515829377"
"SPY08","1848","14.3000","6009515829384"
"SPY10","738","22.4000","6009515829391"
"SPY12","614","30.6000","6009515829407"
"SPY14","186","46.6000","6009515869496"
"SPY16","93","50.8000","6009515907648"
"SSB402DZ","27","223.5000","012373430049"
"SSB40501","76","163.0000","012373405016"
"SSB405DZ","18","223.5000","01237343008"
"SSB406DZ","16","223.5000","01237343012"
"SSB41001","77","163.0000","012373410010"
"SSB41101","59","163.0000","012373411017"
"SSB411DZ","24","223.5000","01237343014"
"SSB41201","26","163.0000","012373412014"
"SSB412DZ","18","223.5000","01237343018"
"SSB42003","32","163.0000","012373420033"
"SSB42401","39","163.0000","012373424017"
"SSB427","22","219.0000","012373055136"
"SSB42701","74","174.5000","012373427018"
"SSB46300","30","207.5000","012373463009"
"SSB46500","7","213.5000","012373465003"
"SSB47500","4","178.5000","012373475002"
"SSB47600","34","178.5000","012373476009"
"SSB47800","9","219.0000","012373478003"
"SSB47900","13","178.5000","012373479000"
"SSB48000","38","219.0000","012373480006"
"SSB48700","23","219.0000","012373487005"
"SSB63507","9","704.0000","01237363507"
"SSB91212BL","11","255.5000","012373912125"
"SSB91218BL","25","255.5000","012373912187"
"SSB91222BL","2","255.5000","012373912224"
"SSB91508BL","25","255.5000","012373915089"
"SSB91512BL","15","255.5000","01237391512"
"SSB91518BL","16","255.5000","098666915189"
"SSB91522BL","12","255.5000","012373915225"
"SSB92212BL","30","255.5000","012373922124"
"SSB92218BL","28","255.5000","012373922186"
"SSB92222BL","29","255.5000","012373922223"
"SSB92508BL","37","255.5000","012373925088"
"SSB92512BL","29","255.5000","012373925125"
"SSB92518BL","32","255.5000","012373925187"
"SSB92522BL","32","255.5000","012373925224"
"ST AB16","4","1364.5000","5060082781278"
"ST AB19","6","1157.5000","5060082781285"
"ST AB25","5","1191.5000","5060082781292"
"ST AB32","4","913.0000","5060082781308"
"ST CWB13","13","700.0000","5060082784934"
"ST CWB15","7","682.5000","5060082784941"
"ST CWB16","35","828.0000","5060082785450"
"ST CWB18","22","836.0000","5060082785467"
"ST CWB19","33","814.5000","5060082785498"
"ST CWB20","22","871.0000","5060082785528"
"ST CWB21","4","899.5000",""
"ST CWB22","20","942.0000","5060082785559"
"ST CWB23","10","907.5000","5060082785566"
"ST CWB24","14","901.5000","5060082785573"
"ST CWB25","-1","893.5000","5060082785627"
"ST CWB29","0","835.5000","5060082785641"
"ST CWB32","7","914.0000",""
"ST DBB KIT","0","1961.5000",""
"ST DBB-DS","0","152.0000",""
"ST DBB-GS","6","36.0000","5060082781803"
"ST DBB-HK","3","1065.0000","5060082781810"
"ST DBB-HK-O","5","2012.0000","5060082781834"
"ST DBB-HK-S","5","1004.0000","5060082781841"
"ST DBB-LD-A","5","671.5000","5060082785382"
"ST DBB-LS","1","2185.5000","5060082781872"
"ST DBB-OB","2","309.0000","5060082781902"
"ST DBB-SB-HK","1","1401.5000","5060082781926"
"ST DBB-SB-XLS","5","1452.0000",""
"ST DBB-SBS","3","1115.5000","5060082781933"
"ST DBB-SP","13","167.5000",""
"ST DBB-SRK","5","432.0000","5060082781940"
"ST DBB-SS","1","1850.0000","5060082781957"
"ST JIG 1C","34","4818.5000","5060082785818"
"ST JIG LS","6","667.5000","5060082785788"
"ST JIG SS","7","505.0000","5060082785795"
"ST NAB16","1","499.0000","5060082785665"
"ST NAB19","3","577.5000","5060082785672"
"ST NAB22","7","723.0000",""
"ST NAB25","6","768.5000","5060082785689"
"ST PD18","4","505.0000","5060082785702"
"ST PD23","4","533.0000","5060082785719"
"ST PD25","2","533.0000","5060082785726"
"ST WB20","3","891.5000","5060082784989"
"ST WB21","6","914.0000","5060082784996"
"ST WB23","5","947.5000","5060082785016"
"ST WB27","7","981.0000","5060082785047"
"ST WB29","3","992.5000","5060082785054"
"ST WB32","2","1026.0000","5060082785061"
"ST101250","2","1093.0000","5060082785481"
"ST10950","1","1037.0000","5060082780226"
"STAND92","17","1599.0000","6009515897444"
"STAP001","1967","73.0000","6009515825041"
"STAP002","2886","75.6000","6009515825058"
"STAP003","2783","85.0000","6009515825065"
"STAP004","2422","91.8000","6009515825072"
"STAP005","2618","99.2000","6009515825089"
"STAP006","2613","109.5000","6009515825096"
"T 938001","-154","110.5000","6009675086245"
"T AD0345","205","224.0000","6009515843717"
"T AD12014","29","258.0000","6009515902674"
"T AD12050B","1075","68.6000","6009515894153"
"T AD12050C","2344","79.4000","6009515805104"
"T AD14014B","298","41.2000","6009515894160"
"T AD14014C","175","49.8000","6009515817848"
"T AD14050C","1106","45.8000","6009675082452"
"T AD14075B","8","42.8000","6009515894177"
"T AD31012","141","146.5000","6009515840105"
"T AD31038","15","146.5000","6009515840099"
"T AD38050B","470","55.6000","6009515894184"
"T AD38050C","424","67.0000","6009515805111"
"T BC32324","452","88.8000","6009675084760"
"T BH03100A","506","206.5000","6009515863388"
"T BH21010150","196","192.5000","6009515840129"
"T BH21010300","104","219.5000","6009515840150"
"T BH2101075","-11","154.0000","6009515840112"
"T BH30090","698","202.5000","6009515863364"
"T BH30100","741","213.5000","6009515863371"
"T BH3505","176","224.5000","6009515899226"
"T BH54C","-151","113.0000","6009675082360"
"T BH60C","827","118.5000","6009515826932"
"T BH75C","1814","125.5000","6009675082377"
"T CS005","357","246.0000","6009515864064"
"T CS101","537","100.0000","6009675085170"
"T CS102","2128","107.0000","6009675085163"
"T CS103","1390","111.5000","6009675082780"
"T CS104","1263","152.0000","6009675082797"
"T CS105","725","196.5000","6009675082803"
"T CS201","760","50.6000","6009675082810"
"T CS202","2124","54.0000","6009675082827"
"T CS203","1370","56.2000","6009675082834"
"T CS204","235","61.8000","6009675082841"
"T CS205","615","67.4000","6009675082858"
"T CS300","96","140.5000","6009515843946"
"T DE PH0265B","2503","16.9000","6009515878900"
"T DE PHSL65B","998","16.9000","6009515878917"
"T DE PZ0265B","122","16.9000","6009515878924"
"T DE PZSL65B","934","16.9000","6009515878931"
"T MBH54B","140","91.6000","6009515815172"
"T MBH60B","957","92.8000","6009515831226"
"T MBH75B","104","104.5000","6009515831233"
"T NS01","-177","48.6000","6009515804459"
"T NS02","781","49.0000","6009515804466"
"T NS03","1243","48.4000","6009515831240"
"T NS04","147","46.6000","6009515831257"
"T NS05","3241","54.8000","6009515805326"
"T NS06","1004","49.0000","6009515801960"
"T NS06065C","781","57.8000","6009515814212"
"T NS07","1055","71.0000","6009515831264"
"T NS07065C","305","69.2000","6009515805128"
"T NS08","753","44.2000","6009515831271"
"T NS08065C","141","74.0000","6009515805135"
"T NS09","103","50.2000","6009515831288"
"T NS10","1091","41.4000","6009515831295"
"T NS10065C","441","74.0000","6009515805142"
"T NS11","0","39.2000","6009515831301"
"T NS11065C","1163","74.4000","6009515896638"
"T NS12065C","208","74.4000","6009515805159"
"T NS13065C","1988","77.4000","6009515805166"
"T NS14","701","55.0000","6009515842680"
"T NS14065C","479","77.2000","6009515842697"
"T NS17065B","403","117.0000","6009515886851"
"T NS17065C","321","150.5000","6009515886844"
"T NS38045C","325","66.4000","6009675082346"
"T NS38065C","75","70.0000","6009675082353"
"T NS516200B","668","112.0000","6009515871369"
"T NS51642C","318","61.6000","6009675082322"
"T NS51665C","-376","70.0000","6009675082339"
"T PH0125C","910","40.0000","6009675082995"
"T PH0150C","372","38.6000","6009600407398"
"T PH0165C","-43","38.6000","6009675083701"
"T PH02150B","259","38.0000","6009515831318"
"T PH02150C","305","52.8000","6009515803483"
"T PH0225B","4219","9.1000","6009515815158"
"T PH0225C","3114","40.0000","6009600407343"
"T PH0245C","422","38.6000","6009675083633"
"T PH0250B","6018","13.6000","6009515831325"
"T PH0250C","3292","38.6000","6009600407404"
"T PH0265C","768","38.6000","6009675083688"
"T PH0270B","685","19.5000","6009515831332"
"T PH0325C","571","40.0000","6009600407350"
"T PH0350C","1334","38.6000","6009600407411"
"T PH1073B","1865","21.8000","6009515885175"
"T PH2073B","1251","21.8000","6009515885182"
"T PH2090B","2636","25.6000","6009515885229"
"T PH2090C","1899","55.6000","6009515885205"
"T PH2110B","963","33.0000","6009515885113"
"T PH2110C","1871","68.4000","6009515885137"
"T PH3073B","1811","21.8000","6009515885199"
"T PHDW025","1384","21.0000","6009515850340"
"T PHDW025-1","795","35.0000","6009515865511"
"T PHDW050","109","35.4000","6009515850357"
"T PHDW050-1","552","38.0000","6009515865504"
"T PHS0245C","136","38.6000","6009675083664"
"T PHS0265C","1043","38.6000","6009675083725"
"T PZ0125B","1197","9.1000","6009515831349"
"T PZ0125C","1310","40.0000","6009675082964"
"T PZ0150B","2286","13.5000","6009515831356"
"T PZ0150C","786","38.6000","6009600407367"
"T PZ0165C","281","38.6000","6009675083718"
"T PZ02150B","787","44.2000","6009515831363"
"T PZ02150C","1021","48.0000","6009515803490"
"T PZ0225B","6756","9.1000","6009515831370"
"T PZ0225C","1479","40.0000","6009675082971"
"T PZ0225TINB","41","37.6000","6009515831387"
"T PZ0225TINC","727","84.2000","6009515816803"
"T PZ0245C","509","38.6000","6009675083657"
"T PZ0250B","4374","13.5000","6009515815141"
"T PZ0250C","6565","38.6000","6009600407374"
"T PZ0265C","243","38.6000","6009675083695"
"T PZ0270B","17","18.8000","6009515831394"
"T PZ0289B","494","24.6000","6009515831400"
"T PZ0325B","761","9.1000","6009515831417"
"T PZ0325C","402","40.0000","6009675082988"
"T PZ0350B","6368","13.5000","6009515831424"
"T PZ0350C","248","38.6000","6009600407381"
"T PZ1073B","-83","23.4000","6009515885144"
"T PZ2073B","785","23.4000","6009515885151"
"T PZ2090B","-127","27.4000","6009515885236"
"T PZ2090C","1289","59.4000","6009515885212"
"T PZ2110B","1073","35.4000","6009515885106"
"T PZ2110C","1691","73.2000","6009515885120"
"T PZ3073B","1835","23.4000","6009515885168"
"T PZS0245C","307","38.6000","6009675083671"
"T PZS0265C","733","38.6000","6009675083732"
"T SC06045C","135","122.5000","6009515861667"
"T SC06504C","456","100.0000","6009675082421"
"T SC06506C","624","144.0000","6009675082438"
"T SC06510C","104","216.0000","6009675082445"
"T SC10006C","-8","139.5000","6009675086603"
"T SC25007C","424","128.0000","6009675082407"
"T SC2500801C","87","97.0000","6009515849160"
"T SC2500802C","313","73.0000","6009515849177"
"T SC2500803C","884","87.6000","6009515849184"
"T SC25008C","112","82.4000","6009675082476"
"T SC25010C","-7","104.0000","6009675082391"
"T SC25018C","1557","84.2000","6009675082469"
"T SC25033C","528","295.0000","6009675082483"
"T SC50005C","448","82.6000","6009675082384"
"T SCTR01-2","-35","56.6000","6009515803803"
"T SD2071180","768","159.0000","6009515840136"
"T SD21680","189","134.0000","6009515840143"
"T SD22680","177","111.5000","6009515902667"
"T SL0325C","589","34.2000","6009675086139"
"T SL0350C","413","33.6000","6009675086184"
"T SL0425C","11","34.2000","6009675086146"
"T SL0450C","-309","33.6000","6009675086191"
"T SL0525C","-157","34.2000","6009675086153"
"T SL0550C","63","33.6000","6009675086207"
"T SL0625C","97","34.2000","6009675086160"
"T SL0650C","236","33.6000","6009675086214"
"T SL0825C","33","34.2000","6009675086177"
"T SL0850C","267","33.6000","6009675086221"
"T SL1050C","738","33.6000","6009675086238"
"T SP05000C","414","336.5000","6009675082544"
"T SP06075C","-207","92.4000","6009675082506"
"T SP08075C","-102","99.4000","6009675082513"
"T SP10075C","957","103.0000","6009675082520"
"T SP12075C","1264","122.5000","6009675082537"
"T SP24","112","17.0000","6009515809904"
"T SP28","336","22.0000","6009515809911"
"T SP32","156","24.8000","6009515809928"
"T SP35","126","25.2000","6009515809935"
"T SQ0025B","203","7.0000","6009515831431"
"T SQ0025C","290","33.8000","6009515805999"
"T SQ0050B","421","9.1000","6009515831448"
"T SQ0050C","144","30.8000","6009515806033"
"T SQ01150B","154","57.0000","6009515831455"
"T SQ01150C","354","67.0000","6009515826673"
"T SQ0125B","1484","7.0000","6009515831462"
"T SQ0125C","298","33.8000","6009515806002"
"T SQ0150B","1953","9.1000","6009515831479"
"T SQ0150C","130","30.8000","6009515806040"
"T SQ02150B","468","57.0000","6009515831486"
"T SQ02150C","234","67.0000","6009515826680"
"T SQ0225B","4876","7.0000","6009515831493"
"T SQ0225C","1650","33.8000","6009515806019"
"T SQ0250B","2035","9.1000","6009515831509"
"T SQ0250C","669","30.8000","6009515806057"
"T SQ03150B","593","57.0000","6009515831516"
"T SQ03150C","253","67.0000","6009515826697"
"T SQ0325B","384","7.0000","6009515831523"
"T SQ0325C","215","33.8000","6009515806026"
"T SQ0350B","893","9.1000","6009515831530"
"T SQ0350C","178","30.8000","6009515806064"
"T SQ10002","1965","67.4000","6009515806088"
"T TR001","170","41.0000","6009515894207"
"T TR001C","276","48.2000","6009515845735"
"T TR002","13","41.2000","6009515855802"
"T TR002C","361","48.2000","6009515845742"
"T TR003","214","41.2000","6009515871352"
"T TR003C","73","48.2000","6009515845759"
"T TX02504B","950","8.5000","6009515885380"
"T TX02504C","1135","43.4000","6009515885397"
"T TX02505B","976","8.5000","6009515885403"
"T TX02505C","1135","43.4000","6009515885410"
"T TX02506B","962","8.5000","6009515885427"
"T TX02506C","1143","43.4000","6009515885434"
"T TX02507B","979","7.6000","6009515885441"
"T TX02507C","1132","41.4000","6009515885458"
"T TX02508B","1790","7.6000","6009515885465"
"T TX02508C","1131","41.4000","6009515885472"
"T TX02509B","961","7.6000","6009515885489"
"T TX02509C","1143","41.4000","6009515885496"
"T TX02510B","1869","6.6000","6009515885502"
"T TX02510C","1107","33.0000","6009515885519"
"T TX02515B","622","6.6000","6009515885526"
"T TX02515C","1115","33.0000","6009515885533"
"T TX02520B","68","6.6000","6009515885540"
"T TX02520C","1800","33.0000","6009515885557"
"T TX02525B","859","6.6000","6009515885564"
"T TX02525C","913","33.0000","6009515885571"
"T TX02527B","931","6.6000","6009515885588"
"T TX02527C","1112","33.0000","6009515885595"
"T TX02530B","873","6.6000","6009515885601"
"T TX02530C","891","33.0000","6009515885618"
"T TX02535B","999","6.6000","6009515885625"
"T TX02535C","1150","33.0000","6009515885632"
"T TX02540B","466","6.6000","6009515885649"
"T TX02540C","1085","33.0000","6009515885656"
"T TX02545B","891","9.5000","6009515885663"
"T TX02545C","1011","39.6000","6009515885670"
"T TX02550B","896","14.1000","6009515885687"
"T TX02550C","1163","42.4000","6009515885694"
"T TX05004B","1003","13.2000","6009515885700"
"T TX05004C","1185","46.2000","6009515885717"
"T TX05005B","991","13.2000","6009515885724"
"T TX05005C","1173","46.2000","6009515885731"
"T TX05006B","828","13.2000","6009515885748"
"T TX05006C","1168","46.2000","6009515885755"
"T TX05007B","980","12.3000","6009515885762"
"T TX05007C","1174","46.2000","6009515885779"
"T TX05008B","935","12.3000","6009515885786"
"T TX05008C","1175","46.2000","6009515885793"
"T TX05009B","1000","12.3000","6009515885809"
"T TX05009C","1172","46.2000","6009515885816"
"T TX05010B","756","11.3000","6009515885823"
"T TX05010C","969","41.4000","6009515885830"
"T TX05015B","790","11.3000","6009515885847"
"T TX05015C","1117","41.4000","6009515885854"
"T TX05020B","285","11.3000","6009515885861"
"T TX05020C","1101","41.4000","6009515885878"
"T TX05025B","1142","11.3000","6009515885885"
"T TX05025C","913","41.4000","6009515885892"
"T TX05027B","936","11.3000","6009515855908"
"T TX05027C","1140","41.4000","6009515885915"
"T TX05030B","141","11.3000","6009515885922"
"T TX05030C","448","41.4000","6009515885939"
"T TX05035B","993","11.3000","6009515885946"
"T TX05035C","1180","41.4000","6009515885953"
"T TX05040B","894","11.3000","6009515885960"
"T TX05040C","1115","41.4000","6009515885977"
"T TX25100C","981","77.0000","6009515888466"
"T TXTR02508B","527","8.5000","6009515885984"
"T TXTR02509B","912","8.5000","6009515885991"
"T TXTR02510B","1076","7.0000","6009515886004"
"T TXTR02515B","-3","7.0000","6009515886011"
"T TXTR02520B","831","7.0000","6009515886028"
"T TXTR02525B","933","7.0000","6009515886035"
"T TXTR02527B","550","7.0000","6009515886042"
"T TXTR02530B","34","7.0000","6009515886059"
"T TXTR02535B","906","7.0000","6009515886066"
"T TXTR02540B","906","7.0000","6009515886073"
"T9111","52","3799.0000","6009515818456"
"T9322","42","2005.5000","6009675083008"
"T9441","40","3361.0000","6009675083015"
"T9950","169","1362.5000","6009675083107"
"TC CUT2902","-79","185.0000","6009675085996"
"TC CUT2903","437","192.0000","6009515833428"
"TC CUT2904","428","294.5000","6009515808167"
"TC CUT2905","428","137.5000","6009515844844"
"TC CUT2906","114","68.2000","6009515860660"
"TC D101AO-2","508","32.2000","6009515811488"
"TC D101AO-5","417","75.8000","6009515811563"
"TC D101B-2","3585","32.2000","6009515811495"
"TC D101B-5","236","80.6000","6009515811570"
"TC D101BR-2","1495","32.2000","6009515811501"
"TC D101D-2","2252","32.2000","6009515811518"
"TC D118A-2","1019","42.8000","6009515811464"
"TC D118A-5","369","99.4000","6009515811594"
"TC D118AF-2","588","45.2000","6009515811532"
"TC D118B-2","878","51.0000","6009515811471"
"TC D118BF-2","249","51.0000","6009515811549"
"TC D119B0-2","407","24.2000","6009515811525"
"TC D144D-5","131","67.8000","6009515811556"
"TC D5-1","1059","84.8000","6009515818104"
"TC GP01","1180","35.4000","6009675082674"
"TC GP02","1212","35.4000","6009675082681"
"TC GP03","1228","35.4000","6009675082698"
"TC GP04","1043","35.4000","6009675082704"
"TC GP05","1073","35.4000","6009675082711"
"TC GP06","1502","34.4000","6009675082728"
"TC GP07","366","35.4000","6009675082735"
"TC GPS07","661","122.5000","6009675086078"
"TC LAN01","3923","49.9500","6009515860165"
"TC LAN04","0","51.4500","6009515860196"
"TC LAN06","3885","49.9500","6009515881368"
"TC LAN07","5222","49.9500","6009515881375"
"TC OIL","561","151.5000","6009515903053"
"TC PC322","0","189.1800","6009515914226"
"TC PC322-01","0","99.0200","6009515914233"
"TC PC330","570","279.0000","6009515833206"
"TC PC635","340","368.0000","6009515833213"
"TC PC642","260","387.0000","6009515833220"
"TC RF01","1333","85.0000","6009675082575"
"TC RF02","598","85.0000","6009675082582"
"TC RF03","1031","85.0000","6009675082599"
"TC RF04","525","85.0000","6009675082605"
"TC RF05","638","85.0000","6009675082612"
"TC RF06","262","162.5000","6009515864910"
"TC RR01","1044","85.0000","6009675082629"
"TC RR02","816","85.0000","6009675082636"
"TC RR03","662","85.0000","6009675082643"
"TC RR04","481","85.0000","6009675082650"
"TC RR05","391","85.0000","6009675082667"
"TC RR07","594","107.0000","6009515864927"
"TC RR08","635","108.0000","6009515864934"
"TC SE01","673","15.7000","6009675083374"
"TC SE02","239","15.7000","6009675083381"
"TC SE03","804","15.7000","6009675083398"
"TC SE04","415","22.4000","6009675083404"
"TC SE05","634","27.0000","6009675083411"
"TC SE06","732","31.4000","6009675083428"
"TC SE06007","1608","65.2000","6009675082551"
"TC SE06008","467","157.0000","6009515827984"
"TC SE06009","1038","158.5000","6009515828523"
"TC SE0901-2","329","30.4000","6009515902384"
"TC SE0902-2","336","34.0000","6009515902391"
"TC SE0903-2","343","40.8000","6009515902407"
"TC SE0904-2","502","68.0000","6009515902414"
"TC SE0905-2","593","95.4000","6009515902421"
"TC SE0906-2","590","177.5000","6009515902438"
"TC T100SK","499","99.0000","6009515897529"
"TC T101A-2","1016","69.4000","6009515823696"
"TC T101AIF-2","726","69.4000","6009515823702"
"TC T101AO-2","1083","34.4000","6009515811334"
"TC T101AO-5","-14","78.4000","6009515811433"
"TC T101AOF-2","344","73.8000","6009515823719"
"TC T101B-2","4323","33.4000","6009515811341"
"TC T101B-5","846","79.6000","6009515811426"
"TC T101BO","299","28.2000","6009515855055"
"TC T101BR-2","1624","34.4000","6009515811358"
"TC T101BR-5","795","79.6000","6009515811440"
"TC T101D-2","2814","34.4000","6009515811365"
"TC T101D-5","930","73.8000","6009515826314"
"TC T1022EF-2","363","116.5000","6009515888084"
"TC T1022HF-2","408","116.5000","6009515888107"
"TC T102H","280","32.2000","6009515855048"
"TC T1044D","586","81.6000","6009515855062"
"TC T10SK","852","38.6000","6009515897550"
"TC T1111K-2","121","67.2000","6009515888053"
"TC T111C-2","2638","23.6000","6009515811372"
"TC T111D-2","1648","23.6000","6009515811389"
"TC T118A-2","1266","42.6000","6009515811280"
"TC T118A-5","103","102.5000","6009515811457"
"TC T118AF-2","263","48.4000","6009515811396"
"TC T118B-2","886","48.4000","6009515811297"
"TC T118BF-2","496","50.2000","6009515811402"
"TC T118G-2","347","48.4000","6009515811303"
"TC T1211HF-2","946","159.5000","6009515888114"
"TC T123X-2","167","60.6000","6009515823672"
"TC T144D-2","649","31.0000","6009515811310"
"TC T144D-5","816","62.4000","6009515811419"
"TC T150RIFF","123","104.5000","6009515827458"
"TC T150SK","311","128.5000","6009515897512"
"TC T1531L-2","70","104.0000","6009515888060"
"TC T16-1","365","203.5000","6009515859695"
"TC T234X-2","172","69.4000","6009515827427"
"TC T244D-2","342","29.6000","6009515811327"
"TC T301CDF","474","69.4000","6009515855024"
"TC T30SK","663","41.4000","6009515897543"
"TC T344CB","508","59.2000","6009515855031"
"TC T345XF-2","242","96.2000","6009515823689"
"TC T5-1","1618","82.4000","6009515818098"
"TC T50SK","226","70.2000","6009515897536"
"TC T644D-2","1398","74.4000","6009515888046"
"TC T744D-2","207","49.0000","6009515827434"
"TC T922EF-2","860","95.2000","6009515888077"
"TC T922HF-2","45","95.2000","6009515888091"
"TC YT160-1","12","115.5000","6009515803841"
"TC YT160-2","25","145.0000","6009515803858"
"TC YT160-3","24","148.5000","6009515877033"
"TC YT160-4","35","192.5000","6009515826482"
"TC00001","3","69.8000","6009675080915"
"TC00002","1593","37.2000","6009675080922"
"TC00003","145","31.0000","6009515805302"
"TC00006","240","74.6000","6009515824631"
"TC00100","1103","175.0000","6009515852993"
"TC00101","4","849.0000","6009600402690"
"TC00102","5","849.0000","6009600402706"
"TC00103","5","849.0000","6009600402713"
"TC00104","2","849.0000","6009600402720"
"TC00105","2","849.0000","6009600402737"
"TC00106","1","849.0000","6009600402744"
"TC00107","629","99.0000","6009515801830"
"TC00108","144","175.0000","6009515894276"
"TC00109","986","175.0000","6009675087549"
"TC00110","2","1295.0000","6009600408418"
"TC00111","41","1295.0000","6009600408425"
"TC00112","19","1295.0000","6009515813703"
"TC00113","10","1295.0000","6009600408548"
"TC00114","3","1295.0000","6009600408456"
"TC00115","5","1295.0000","6009515813710"
"TC00118","1000","175.0000","6009515804367"
"TC00120","0","1299.0000","6009600408432"
"TC00127","0","180.0000","6009515809966"
"TC00128","1172","175.0000","6009515827922"
"TC00129","1000","175.0000","6009675083756"
"TC00136","1","1295.0000","6009675087730"
"TC00137","6","175.0000","6009515830236"
"TC00138","244","99.0000","6009515801847"
"TC00139","0","99.0000",""
"TC00170","0","299.0000","6009515840549"
"TC00171","0","299.0000","6009515840556"
"TC00172","0","299.0000","6009515840563"
"TC00173","0","299.0000","6009515840570"
"TC00175","0","299.0000",""
"TC00201","1","749.0000","6009515801298"
"TC00202","0","749.0000","6009515801304"
"TC00203","0","749.0000","6009515801311"
"TC00204","0","749.0000","6009515801328"
"TC00205","1","744.3000","6009515801236"
"TC00206","0","708.8500","6009515801243"
"TC00301","13","1195.0000","6009515801427"
"TC00302","16","1195.0000","6009515801434"
"TC00303","8","1195.0000","6009515801441"
"TC00304","1","1195.0000","6009515804091"
"TC00305","7","1195.0000","6009515804107"
"TC00310","0","826.5000","6009515813666"
"TC00311","0","826.5000","6009515813635"
"TC00401","39","849.0000","6009600408333"
"TC00402","61","849.0000","600960048340"
"TC00403","35","849.0000","6009600408357"
"TC00404","19","849.0000","6009600408364"
"TC00405","9","849.0000","6009600408487"
"TC00406","3","849.0000","6009515811273"
"TC00407","3","849.0000","6009600408616"
"TC00408","244","195.0000","6009515894375"
"TC00441","3","749.0000","6009515855406"
"TC00442","7","749.0000","6009515855413"
"TC00443","5","749.0000","6009515855420"
"TC00444","1","749.0000","6009515855437"
"TC00445","0","749.0000","6009515855444"
"TC00446","1","699.0000","6009515855451"
"TC00501","11","899.0000","6009675087747"
"TC00502","11","899.0000","6009675087754"
"TC00503","1","899.0000","6009675081318"
"TC00504","0","899.0000","6009675081363"
"TC00505","3","899.0000","6008331000359"
"TC00551","4","849.0000","6009515855574"
"TC00552","5","849.0000","6009515855581"
"TC00553","4","849.0000","6009515855598"
"TC00554","0","849.0000","6009515855604"
"TC00555","2","849.0000","6009515855611"
"TC00556","0","849.0000","6009515855628"
"TC00600","6","849.0000",""
"TC00601","0","1099.0000","6008331000618"
"TC00602","0","1099.0000","6009675082742"
"TC00603","0","1099.0000","6009675083145"
"TC00604","0","1099.0000","6009675081349"
"TC00605","0","1099.0000","6008331000625"
"TC00606","0","1099.0000","6009515801274"
"TC00607","13","849.0000","6009515806538"
"TC00608","11","849.0000","6009515806545"
"TC00609","15","849.0000","6009515806552"
"TC00610","7","849.0000","6009515806569"
"TC00611","7","849.0000","6009515806576"
"TC00612","0","899.0000","6009515806583"
"TC00613","1","899.0000","6009515806590"
"TC00614","0","899.0000","6009515806606"
"TC00615","0","899.0000","6009515806743"
"TC00616","0","899.0000","6009515806750"
"TC00617","0","849.0000","6009515894283"
"TC00618","0","899.0000","6009515894290"
"TC00667","0","1105.7000","6009515855529"
"TC00668","0","1105.7000","6009515855536"
"TC00669","1","1105.7000","6009515855543"
"TC00670","1","1105.7000","6009515855550"
"TC00671","0","1105.7000","6009515855567"
"TC00703","0","849.1000","6009675081356"
"TC00704","0","849.1000","6009675083749"
"TC00706","0","849.1000","6009675083121"
"TC00721","0","1299.0000","6009515894313"
"TC00801","30","899.0000","6009600408371"
"TC00802","60","899.0000","6009600408388"
"TC00803","11","899.0000","6009600408494"
"TC00804","30","899.0000","6009600408395"
"TC00805","0","899.0000","6009600408500"
"TC00806","1","899.0000",""
"TC00807","0","899.0000",""
"TC01001","154","899.0000","6009515806798"
"TC01002","197","899.0000","6009515823184"
"TC01003","191","899.0000","6009515823191"
"TC01004","15","899.0000","6009515823207"
"TC01005","16","899.0000","6009515823214"
"TC01035","2","633.5000","6009515853204"
"TC01590","386","279.5000","6009515800642"
"TC01701","23","1099.0000","6009515912888"
"TC01702","56","1099.0000","6009515912895"
"TC01703","32","1099.0000","6009515912901"
"TC01704","13","1099.0000","6009515912918"
"TC01705","0","1099.0000","6009515912925"
"TC01706","0","1099.0000","6009515912932"
"TC01707","1","1099.0000","6009515912949"
"TC01708","7","1099.0000","6009515912956"
"TC01709","8","1099.0000","6009515912963"
"TC01710","6","1099.0000","6009515912970"
"TC01711","2","1099.0000","6009515912987"
"TC01712","5","1099.0000","6009515912994"
"TC01810","9","1699.0000","6009515894351"
"TC01811","12","1699.0000","6009515894368"
"TC01812","8","1699.0000","6009515894382"
"TC01813","2","1699.0000","6009515894399"
"TC01814","5","1699.0000","6009515894405"
"TC01820","25","1699.0000","6009515894412"
"TC01821","69","1699.0000","6009515894429"
"TC01822","34","1699.0000","6009515894436"
"TC01823","20","1699.0000","6009515894443"
"TC01824","0","1699.0000","6009515894450"
"TC01825","2","1699.0000","6009515913007"
"TC01826","2","1699.0000","6009515913014"
"TC02034","950","29.8000","6009675080632"
"TC02035","854","29.8000","6009675080649"
"TC02036","2618","29.0000","6009675080656"
"TC02037","2876","30.2000","6009675080663"
"TC02038","382","31.0000","6009675080670"
"TC02039","2275","32.2000","6009675080687"
"TC02040","5618","32.2000","6009675080694"
"TC020401","2467","34.2000","6009515820350"
"TC02041","3442","34.2000","6009675080700"
"TC02042","4540","35.6000","6009675080717"
"TC02043","3392","36.4000","6009675080724"
"TC02044","893","39.8000","6009675080731"
"TC02045","529","40.8000","6009675080748"
"TC02046","689","42.0000","6009675080755"
"TC02047","792","45.2000","6009675080762"
"TC02048","578","47.4000","6009675080779"
"TC02049","1415","48.4000","6009675080786"
"TC02051","1166","53.0000","6009675080793"
"TC02052","78","55.2000","6009675080809"
"TC02053","986","58.4000","6009675080816"
"TC02075","479","69.2000","6009675081561"
"TC02076","148","79.6000","6009675081578"
"TC02077","1210","80.2000","6009675081585"
"TC02078","423","81.8000","6009675081592"
"TC02079","715","85.2000","6009675081608"
"TC02080","908","87.4000","6009675081615"
"TC02081","800","92.8000","6009675081622"
"TC02082","89","107.5000","6009675081639"
"TC02083","274","109.0000","6009675082223"
"TC02084","424","110.0000","6009675081646"
"TC02085","216","118.5000","6009675081653"
"TC02087","328","129.0000","6009675081660"
"TC02116","1160","204.5000","6009675081677"
"TC02118","346","385.5000","6009515816339"
"TC02123","456","73.8000","6009675082568"
"TC02126","774","116.0000","6009675081684"
"TC02507","241","51.6000","6009515824839"
"TC02510","411","91.6000","6009515825645"
"TC02531","-16","221.0000","6009515825669"
"TC027301","7","1295.0000",""
"TC027302","17","1295.0000",""
"TC027303","6","1295.0000",""
"TC027304","4","1295.0000",""
"TC027305","1","1295.0000",""
"TC027306","0","1295.0000",""
"TC027307","0","984.9500",""
"TC027901","0","1595.1500","6009515894573"
"TC027902","0","1595.1500","6009515894580"
"TC027903","0","1595.1500","6009515894597"
"TC027904","0","1595.1500","6009515894603"
"TC027905","0","1595.1500","6009515894610"
"TC027906","0","1595.1500","6009515894627"
"TC027907","0","1595.1500","6009515894634"
"TC03022","106","125.0000","6009515800987"
"TC03029","7","143.5000","6009515801007"
"TC03057","121","312.0000","6009515801076"
"TC03070","44","332.5000","6009515801090"
"TC03073","116","343.0000","6009515812607"
"TC04300","149","729.0000","6009515800673"
"TC04700","673","833.0000","6009515800666"
"TC04700B","8","550.5000","6009515900755"
"TC04700P","42","413.0000","6009515900762"
"TC08022","102","166.0000","6009515819590"
"TC08034","363","178.5000","6009515819606"
"TC08050","114","178.5000","6009515819613"
"TC08051","396","447.5000","6009515811617"
"TC08052","137","178.5000","6009515819620"
"TC08070","108","335.5000","6009515818036"
"TC08072","378","140.5000","6009515819637"
"TC08172","73","1456.5000","6009515818043"
"TC08208","209","604.5000","6009515813536"
"TC08245","381","1960.5000","6009675089659"
"TC08301","165","32.8000","6009515841706"
"TC08302","291","49.0000","6009515841713"
"TC08303","410","49.0000","6009515841720"
"TC08304","82","32.8000","6009515841737"
"TC08305","285","32.8000","6009515841744"
"TC08306","49","19.2000","6009515841751"
"TC08307","28","32.8000","6009515841768"
"TC08308","223","49.0000","6009515841775"
"TC08309","51","32.8000","6009515841782"
"TC08310","178","40.8000","6009515841799"
"TC08311","271","40.8000","6009515841805"
"TC08312","195","30.0000","6009515841812"
"TC08313","251","30.0000","6009515841829"
"TC08314","241","26.4000","6009515841836"
"TC08315","148","32.4000","6009515841843"
"TC08316","469","32.4000","6009515841850"
"TC08317","166","35.4000","6009515841867"
"TC08318","162","29.4000","6009515841874"
"TC08320","294","29.4000","6009515841898"
"TC08321","76","17.7000","6009515841904"
"TC08322","69","17.7000","6009515841911"
"TC08323","137","17.7000","6009515841928"
"TC08324","262","17.7000","6009515841935"
"TC08325","241","17.7000","6009515841942"
"TC08326","49","17.7000","6009515841959"
"TC08327","545","11.8000","6009515841966"
"TC08328","410","11.8000","6009515841973"
"TC08329","111","26.4000","6009515841980"
"TC08330","145","26.4000","6009515847166"
"TC08331","596","17.7000","6009515847173"
"TC08333","503","17.7000","6009515847197"
"TC08334","159","17.7000","6009515847203"
"TC08335","271","34.8000","6009515847210"
"TC08336","491","34.8000","6009515847227"
"TC08337","57","34.8000","6009515847234"
"TC08338","83","34.8000","6009515847241"
"TC08339","106","34.8000","6009515847258"
"TC08340","266","33.6000","6009515847265"
"TC08344","236","23.6000","6009515847302"
"TC08345","85","23.6000","6009515847319"
"TC08346","110","23.6000","6009515847326"
"TC08347","259","11.8000","6009515847333"
"TC08348","411","14.7000","6009515847340"
"TC08349","517","8.9000","6009515847357"
"TC08350","213","11.8000","6009515847364"
"TC08351","254","26.4000","6009515847371"
"TC08352","754","14.7000","6009515847388"
"TC08353","106","11.8000","6009515847395"
"TC08355","34","17.7000","6009515847418"
"TC08356","296","17.7000","6009515847425"
"TC08357","467","11.8000","6009515847432"
"TC08358","651","17.7000","6009515847449"
"TC08359","665","17.7000","6009515847456"
"TC08360","889","11.8000","6009515847463"
"TC08364","141","17.7000","6009515847500"
"TC08365","274","17.7000","6009515847517"
"TC08366","446","11.8000","6009515847524"
"TC08367","169","20.8000","6009515847531"
"TC08368","904","35.4000","6009515847548"
"TC08369","972","52.8000","6009515847555"
"TC08370","299","41.0000","6009515847562"
"TC08371","519","41.0000","6009515847579"
"TC08372","293","41.0000","6009515847586"
"TC08374","253","102.5000","6009515847609"
"TC08375","158","102.5000","6009515847616"
"TC08376","152","102.5000","6009515847623"
"TC08377","241","102.5000","6009515847630"
"TC08378","542","17.7000","6009515847647"
"TC08379","97","20.8000","6009515847654"
"TC08380","120","26.4000","6009515847661"
"TC08381","101","108.5000","6009515847678"
"TC08382","226","108.5000","6009515847685"
"TC08383","246","108.5000","6009515847692"
"TC08384","-7","108.5000","6009515847708"
"TC08385","102","108.5000","6009515847715"
"TC08386","168","108.5000","6009515847722"
"TC08387","186","108.5000","6009515847739"
"TC08388","48","108.5000","6009515847746"
"TC08389","140","108.5000","6009515847753"
"TC08390","90","70.6000","6009515847760"
"TC08391","240","21.8000","6009515847777"
"TC08392","135","21.8000","6009515847784"
"TC08393","237","21.8000","6009515847791"
"TC08394","159","89.6000","6009515847807"
"TC08395","48","11.8000","6009515847814"
"TC08396","295","20.8000","6009515847821"
"TC08397","151","20.8000","6009515847838"
"TC08398","192","20.8000","6009515847845"
"TC08399","233","20.8000","6009515847852"
"TC08400","278","14.7000","6009515847869"
"TC08401","271","20.8000","6009515847876"
"TC08402","241","14.7000","6009515847883"
"TC08403","181","20.8000","6009515847890"
"TC08404","154","20.8000","6009515847906"
"TC08405","405","20.8000","6009515847913"
"TC08407","159","20.8000","6009515847937"
"TC08408","57","20.8000","6009515847944"
"TC08409","87","20.8000","6009515847951"
"TC08410","221","20.8000","6009515847968"
"TC08411","126","20.8000","6009515847975"
"TC08412","277","20.8000","6009515847982"
"TC08413","539","20.8000","6009515847999"
"TC08414","324","20.8000","6009515848002"
"TC08415","56","20.8000","6009515848019"
"TC08416","187","17.7000","6009515848026"
"TC08417","139","17.7000","6009515848033"
"TC08418","157","17.7000","6009515848040"
"TC08419","164","17.7000","6009515848057"
"TC08420","58","26.4000","6009515848064"
"TC08421","290","26.4000","6009515848071"
"TC08422","36","26.4000","6009515848088"
"TC08423","231","26.4000","6009515848095"
"TC08424","240","11.8000","6009515848101"
"TC08425","952","20.8000","6009515848118"
"TC08426","204","26.4000","6009515848125"
"TC08427","589","50.0000","6009515848132"
"TC08428","288","50.0000","6009515848149"
"TC08429","263","61.6000","6009515848156"
"TC08430","211","61.6000","6009515848163"
"TC08431","323","61.6000","6009515848170"
"TC08432","215","50.0000","6009515848187"
"TC08433","427","11.8000","6009515848194"
"TC08434","211","41.0000","6009515848200"
"TC08435","422","41.0000","6009515848217"
"TC08436","280","41.0000","6009515848224"
"TC08437","280","32.4000","6009515848231"
"TC08438","287","32.4000","6009515848248"
"TC08439","884","32.4000","6009515848255"
"TC08440","224","32.4000","6009515848262"
"TC08442","447","42.0000","6009515858025"
"TC08443","190","49.8000","6009515858032"
"TC08444","52","95.4000","6009515858049"
"TC08445","277","32.8000","6009515867614"
"TC08446","296","21.8000","6009515907297"
"TC08872","215","1253.0000","6009515842994"
"TC10008","377","843.0000","6009675086405"
"TC10009","-7","937.0000","6009515805203"
"TC10010","78","948.0000","6009515864101"
"TC10011","9","114.0000","6009515864118"
"TC10012","26","67.8000","6009515864125"
"TC10013","13","158.5000","6009515864132"
"TC10014","7","205.5000","6009515826482"
"TC10015","144","137.0000","6009515864231"
"TC10016","301","1215.5000","6009515895617"
"TC11001","451","101.5000","6009675080823"
"TC11002","871","107.5000","6009675080830"
"TC11004","1761","112.5000","6009675080847"
"TC11007","800","123.5000","6009675080854"
"TC11009","640","130.0000","6009675081547"
"TC11012","477","139.0000","6009675081554"
"TC11015","378","154.5000","6009675081844"
"TC11016","68","170.0000","6009675081851"
"TC11018","108","185.5000","6009675081868"
"TC12001","374","54.4000","6009675080076"
"TC12002","135","58.6000","6009675080083"
"TC12003","124","59.8000","6009675080090"
"TC12004","165","65.2000","6009675080106"
"TC12005","1657","67.8000","6009675080113"
"TC12006","19","69.2000","6009675080120"
"TC12007","585","67.8000","6009675080137"
"TC12008","129","70.4000","6009675080144"
"TC12009","1728","73.2000","6009675080151"
"TC12010","237","78.4000","6009675080168"
"TC12011","132","81.0000","6009675080175"
"TC12012","110","83.6000","6009675080182"
"TC12013","703","87.4000","6009675080199"
"TC12014","976","87.8000","6009675080205"
"TC12015","180","90.4000","6009675080212"
"TC12016","675","95.6000","6009675080229"
"TC12017","87","101.0000","6009675080236"
"TC12018","263","105.0000","6009675080243"
"TC12019","712","111.5000","6009675080250"
"TC12020","399","111.5000","6009675080267"
"TC12021","82","116.5000","6009675080274"
"TC12022","362","118.5000","6009675080281"
"TC12023","326","125.5000","6009675080298"
"TC12024","206","132.0000","6009675080304"
"TC12025","1424","138.5000","6009675080311"
"TC12026","239","144.0000","6009675080328"
"TC12027","426","149.0000","6009675080335"
"TC12028","452","156.5000","6009675080342"
"TC12029","84","162.0000","6009675080359"
"TC12030","597","164.5000","6009675080366"
"TC12031","546","176.5000","6009675080373"
"TC12032","727","178.5000","6009675080380"
"TC12033","202","184.5000","6009675080397"
"TC12034","221","189.5000","6009675080403"
"TC12035","465","192.5000","6009675080410"
"TC12036","626","202.5000","6009675080427"
"TC12037","884","204.0000","6009675080434"
"TC12038","375","215.0000","6009675080441"
"TC12039","180","227.0000","6009675080458"
"TC12040","359","233.5000","6009675080465"
"TC12041","218","241.5000","6009675080472"
"TC12042","39","249.0000","6009675080489"
"TC12043","227","257.5000","6009675080496"
"TC12044","94","267.0000","6009675080502"
"TC12045","246","279.0000","6009675080519"
"TC12046","86","287.5000","6009675080526"
"TC12047","79","295.0000","6009675080533"
"TC12048","-50","305.5000","6009675080540"
"TC12049","187","313.0000","6009675080557"
"TC12050","67","331.5000","6009675080564"
"TC12051","107","347.5000","6009675080571"
"TC12052","83","368.5000","6009675080588"
"TC12053","40","390.0000","6009675080595"
"TC12054","10","405.5000","6009675080601"
"TC12055","252","424.0000","6009675080618"
"TC12101","104","57.8000","6009515864323"
"TC12102","117","62.0000","6009515864330"
"TC12103","281","63.6000","6009515864347"
"TC12104","76","68.8000","6009515864354"
"TC12105","271","70.4000","6009515864361"
"TC12106","129","73.2000","6009515864378"
"TC12107","-34","72.0000","6009515864385"
"TC12108","163","74.8000","6009515864392"
"TC12109","337","77.4000","6009515864408"
"TC12110","231","83.0000","6009515864415"
"TC12111","34","85.8000","6009515864422"
"TC12112","60","88.6000","6009515864439"
"TC12113","169","93.0000","6009515864446"
"TC12114","193","93.2000","6009515864453"
"TC12115","136","95.8000","6009515864460"
"TC12116","344","101.5000","6009515864477"
"TC12117","171","107.0000","6009515864484"
"TC12118","311","111.5000","6009515864491"
"TC12119","260","118.5000","6009515864507"
"TC12120","99","119.0000","6009515864514"
"TC12121","159","123.0000","6009515864521"
"TC12122","192","125.5000","6009515864538"
"TC12123","316","132.5000","6009515864545"
"TC12124","260","140.0000","6009515864552"
"TC12125","69","147.0000","6009515864569"
"TC12126","243","152.5000","6009515864576"
"TC12127","58","159.0000","6009515864583"
"TC12128","70","166.5000","6009515864590"
"TC12129","155","171.5000","6009515864606"
"TC12130","187","174.5000","6009515864613"
"TC12131","254","188.0000","6009515864620"
"TC12132","132","190.0000","6009515864637"
"TC12133","92","196.0000","6009515864644"
"TC12134","43","200.0000","6009515864651"
"TC12135","228","204.0000","6009515864668"
"TC12136","315","214.5000","6009515864675"
"TC12137","315","218.5000","6009515864682"
"TC12138","298","228.0000","6009515864699"
"TC12139","199","240.5000","6009515864705"
"TC12140","128","248.0000","6009515864712"
"TC12141","336","256.0000","6009515864729"
"TC12142","329","264.5000","6009515864736"
"TC12143","69","273.0000","6009515864743"
"TC12144","111","283.0000","6009515864750"
"TC12145","59","296.0000","6009515864767"
"TC12146","132","304.0000","6009515864774"
"TC12147","107","312.5000","6009515864781"
"TC12148","319","324.0000","6009515864798"
"TC12149","184","332.0000","6009515864804"
"TC12150","61","352.0000","6009515864811"
"TC12151","44","369.5000","6009515864828"
"TC12152","90","391.0000","6009515864835"
"TC12153","69","413.5000","6009515864842"
"TC12154","59","431.5000","6009515864859"
"TC12155","199","450.0000","6009515864866"
"TC12VABC-01","451","254.5000","6009515899462"
"TC13001","45","29.4000","6009515908065"
"TC13002","45","29.4000","6009515908072"
"TC13003","71","29.4000","6009515908089"
"TC14004","52","29.4000","6009515908096"
"TC14006","53","29.4000","6009515908102"
"TC151250","463","365.0000","6009515898472"
"TC152180","178","281.5000","6009515898489"
"TC153160","122","250.5000","6009515898496"
"TC154200","269","276.5000","6009515898502"
"TC155165","271","335.0000","6009515898519"
"TC156160","628","306.5000","6009515898526"
"TC16000","1296","42.6000","6009515808440"
"TC16001","654","50.8000","6009515808457"
"TC16002","93","52.4000","6009515808464"
"TC16003","244","62.0000","6009515808471"
"TC16004","1390","50.6000","6009515808488"
"TC16005","1641","58.6000","6009515808495"
"TC16006","-184","60.6000","6009515808501"
"TC16007","382","75.8000","6009515808518"
"TC16008","765","93.2000","6009515808525"
"TC16009","599","102.0000","6009515808532"
"TC16012","140","51.4000","6009515808549"
"TC16013","408","49.8000","6009515808556"
"TC16014","952","54.4000","6009515808563"
"TC16015","710","96.8000","6009515808570"
"TC16018","301","46.2000","6009515808587"
"TC16019","1152","46.0000","6009515808594"
"TC16020","1065","50.6000","6009515808600"
"TC16021","862","50.8000","6009515808617"
"TC16022","905","62.6000","6009515808624"
"TC16023","277","51.4000","6009515808631"
"TC16024","566","61.6000","6009515808648"
"TC16025","391","65.4000","6009515808655"
"TC16026","950","94.2000","6009515808662"
"TC16027","73","93.8000","6009515808679"
"TC16028","943","97.2000","6009515808754"
"TC16031","901","66.6000","6009515808761"
"TC16032","25","75.8000","6009515808778"
"TC16033","132","94.2000","6009515808785"
"TC16035","784","66.2000","6009515808792"
"TC16036","663","83.6000","6009515808808"
"TC16037","407","100.4000","6009515808815"
"TC16039","634","66.6000","6009515808822"
"TC16040","981","83.2000","6009515808839"
"TC16041","414","97.2000","6009515808846"
"TC16042","868","110.0000","6009515808853"
"TC16045","180","49.6000","6009515808860"
"TC16046","271","51.2000","6009515808877"
"TC16047","879","47.4000","6009515808884"
"TC16048","882","48.2000","6009515808891"
"TC16049","726","49.0000","6009515808907"
"TC16050","293","58.4000","6009515808914"
"TC16051","607","57.6000","6009515808921"
"TC16052","659","57.2000","6009515808938"
"TC16053","895","60.0000","6009515808945"
"TC16054","326","61.6000","6009515808952"
"TC16055","816","60.0000","6009515808969"
"TC16056","74","78.2000","6009515808976"
"TC16060","24","51.2000","6009515808983"
"TC16061","311","51.4000","6009515808990"
"TC16062","261","63.8000","6009515809003"
"TC16063","565","63.8000","6009515809010"
"TC16064","129","67.4000","6009515809027"
"TC16065","628","66.2000","6009515809034"
"TC16066","713","65.8000","6009515809041"
"TC16067","94","65.8000","6009515809058"
"TC16068","354","82.8000","6009515809065"
"TC16070","650","59.8000","6009515830847"
"TC16071","514","65.8000","6009515830854"
"TC16072","846","72.8000","6009515830861"
"TC16073","-15","112.5000","6009515830878"
"TC16074","261","99.0000","6009515830885"
"TC16075","306","122.5000","6009515830892"
"TC16076","609","75.6000","6009515837280"
"TC16077","426","75.6000","6009515837297"
"TC16078","680","75.6000","6009515837303"
"TC16079","750","75.6000","6009515837310"
"TC16080","514","124.0000","6009515841201"
"TC16081","518","135.5000","6009515841218"
"TC16082","280","142.5000","6009515841225"
"TC16092","586","27.8000","6009515882075"
"TC16093","555","31.4000","6009515882082"
"TC16094","467","35.4000","6009515882099"
"TC16095","236","37.8000","6009515882105"
"TC16096","575","40.4000","6009515882112"
"TC16097","683","27.8000","6009515882129"
"TC16098","671","29.0000","6009515882136"
"TC16099","387","31.4000","6009515882143"
"TC16100","481","32.8000","6009515882150"
"TC16101","796","27.8000","6009515882167"
"TC16102","734","34.0000","6009515882174"
"TC16103","866","39.0000","6009515882181"
"TC16104","755","44.0000","6009515882198"
"TC16105","925","49.2000","6009515882204"
"TC16106","899","52.8000","6009515882211"
"TC16107","873","25.8000","6009515882228"
"TC16108","927","27.8000","6009515882235"
"TC16109","874","34.0000","6009515882242"
"TC16110","867","39.0000","6009515882259"
"TC17002","5453","59.4000","6009675080885"
"TC17002-2","114","127.0000","6009515801144"
"TC17002-3","286","123.5000","6009515807733"
"TC17003","1088","165.0000","6009515855017"
"TC17003-1","77","70.8000","6009515857585"
"TC17003-2","0","51.8000","6009515857592"
"TC17004","1670","63.6000","6009675080892"
"TC17007","5157","130.0000","6009675080908"
"TC17007-2","110","185.5000","6009515800390"
"TC17007-3","578","174.5000","6009515807740"
"TC17007-4","162","183.0000","6009515801342"
"TC17009","1082","164.5000","6009515806378"
"TC17015","83","96.2000","6009675081271"
"TC17016","4","32.2000","6009675081288"
"TC17900","1997","36.4000","6009675080861"
"TC180038","45","560.0000","6009515804237"
"TC180038-2","69","784.0000","6009515808198"
"TC180052","31","784.0000","6009515804244"
"TC180052-2","58","784.0000","6009515808204"
"TC180065","23","840.0000","6009515804251"
"TC180065-2","77","840.0000","6009515808211"
"TC180075","30","895.5000","6009515809140"
"TC180075-2","109","895.5000","6009515809157"
"TC180078","4","952.0000","6009515808150"
"TC180078-1","44","952.0000","6009515824280"
"TC180117","7","1344.0000","6009515804268"
"TC180117-2","29","1344.0000","6009515808228"
"TC180250","6","1680.5000","6009515800420"
"TC180803","340","59.0000","6009515802738"
"TC180804","323","60.6000","6009515802745"
"TC180805","1857","62.0000","6009515802752"
"TC180806","3541","63.0000","6009515802318"
"TC180808","1944","68.6000","6009515802325"
"TC180810","3492","85.0000","6009515802332"
"TC180812","1779","96.4000","6009515802349"
"TC180814","874","115.5000","6009515802356"
"TC180815","597","121.0000","6009515806309"
"TC180816","1389","128.0000","6009515802363"
"TC180819","306","140.0000","6009515802370"
"TC180820","1145","157.0000","6009515802387"
"TC180822","812","166.0000","6009515806316"
"TC180825","1378","176.0000","6009515802394"
"TC180830","1064","186.0000","6009515802400"
"TC180832","1797","190.0000","6009515805456"
"TC180835","402","252.0000","6009515824655"
"TC180838","416","276.5000","6009515805463"
"TC180840","875","288.0000","6009515802417"
"TC180850","1038","312.0000","6009515802424"
"TC180857","57","421.0000","6009515839987"
"TC180864","70","423.5000","6009515838904"
"TC182006","0","118.5000","6009515911706"
"TC182008","0","118.5000","6009515911713"
"TC182010","0","118.5000","6009515911720"
"TC182010-1","0","288.5000","6009515911904"
"TC182010-2","0","288.0000","6009515911928"
"TC182012","0","118.5000","6009515911737"
"TC182014","0","125.0000","6009515911744"
"TC182016","0","131.5000","6009515911751"
"TC182020","0","157.5000","6009515911768"
"TC182020-1","0","314.0000","6009515911911"
"TC182022","0","173.5000","6009515911775"
"TC182025","0","196.5000","6009515911782"
"TC182030","0","236.0000","6009515911799"
"TC182032","0","252.0000","6009515911805"
"TC182035","0","276.5000","6009515911812"
"TC182040","0","315.0000","6009515911829"
"TC182045","0","354.0000","6009515911836"
"TC182050","0","392.5000","6009515911843"
"TC182055","0","432.5000","6009515911850"
"TC182068","0","534.5000","6009515911867"
"TC182075","0","589.5000","6009515911874"
"TC182102","0","892.5000","6009515911881"
"TC182127","-1","1042.5000","6009515911898"
"TC18HEX1","61","103.5000","6009515804299"
"TC18HEX2","44","145.0000","6009515804305"
"TC18HEX3","84","207.5000","6009515807610"
"TC18KEY","42","26.2000","6009515804329"
"TC18PILOT","47","35.6000","6009515804312"
"TC18SDS1","92","114.0000","6009515804275"
"TC18SDS2","24","207.5000","6009515804282"
"TC18SDS4","44","134.5000","6009515812362"
"TC18SDS5","16","155.5000","6009515812379"
"TC18SDS6","108","312.0000","6009515812386"
"TC18SDS7","88","312.0000","6009515840921"
"TC20 BAT20","143","521.5000","6009515872649"
"TC20 BAT20-SK01","0","804.5000",""
"TC20 BAT40","764","856.5000","6009515872656"
"TC20 BAT40-SK01","0","1465.5000",""
"TC20 BAT60","175","1488.0000","6009515898458"
"TC20001","320","2062.5000","6009515871994"
"TC20001-SK01","37","249.5000","6009515872007"
"TC20001-SK03","55","76.0000","6009515872021"
"TC20001-SK04","13","105.0000","6009515872038"
"TC20001-SK05","32","204.5000","6009515872045"
"TC20001-SK06","24","134.0000","6009515872052"
"TC20001-SK07","20","19.0000","6009515872069"
"TC20001-SK08","14","35.8000","6009515872076"
"TC20001-SK09","55","35.8000","6009515872083"
"TC20001-SK10","0","680.5000","6009515878634"
"TC20001-SK11","13","218.0000","6009515878641"
"TC20001-SK12","48","164.0000","6009515903527"
"TC20002","226","3399.0000","6009515872168"
"TC20002-SK01","10","243.0000",""
"TC20030","119","3278.5000","6009515872175"
"TC20030-SK01","7","381.5000","6009515872182"
"TC20030-SK04","29","251.0000","6009515872212"
"TC20030-SK05","55","35.8000","6009515872229"
"TC20030-SK06","26","223.5000","6009515872236"
"TC20030-SK07","61","19.0000","6009515872243"
"TC20030-SK08","10","22.4000","6009515872250"
"TC20030-SK09","27","35.8000","6009515872267"
"TC20030-SK10","-1","1424.0000","6009515878658"
"TC20030-SK11","13","262.5000","6009515878665"
"TC20060","331","3770.5000","6009515872274"
"TC20060-SK01","5","1277.5000","6009515872281"
"TC20060-SK02","11","19.0000","6009515872298"
"TC20060-SK03","43","13.4000","6009515872304"
"TC20060-SK04","0","259.0000","6009515872311"
"TC20060-SK06","22","395.0000","6009515872335"
"TC20060-SK08","15","35.8000","6009515872359"
"TC20060-SK09","64","83.4000","6009515872366"
"TC20060-SK11","13","260.0000","6009515878689"
"TC20090","363","956.5000","6009515872090"
"TC20090-SK01","61","226.5000","6009515872106"
"TC20090-SK02","65","109.5000","6009515872113"
"TC20090-SK03","86","187.5000","6009515872120"
"TC20090-SK04","64","312.5000","6009515872137"
"TC20090-SK05","111","134.0000","6009515872144"
"TC20090-SK06","108","39.8000","6009515872151"
"TC20090-SK07","0","2507.0000","6009515878719"
"TC20090-SK09","1","680.5000","6009515882266"
"TC20110","212","1781.5000","6009515872373"
"TC20110-SK01","24","612.5000","6009515872380"
"TC20110-SK04","22","59.2000","6009515872410"
"TC20110-SK04-01","79","59.2000",""
"TC20110-SK06","24","679.5000","6009515872434"
"TC20110-SK07","10","42.4000","6009515872441"
"TC20110-SK08","31","116.5000","6009515872458"
"TC20110-SK09","56","13.4000","6009515872465"
"TC20110-SK09-01","75","13.4000",""
"TC20110-SK11","7","1785.0000","6009515878696"
"TC20110-SK12","11","290.5000","6009515878702"
"TC20119","0","574.5000","6009515819552"
"TC2011905","0","65.2000","6009515912598"
"TC2011906","0","65.2000","6009515912611"
"TC2011907","0","70.8000","6009515912628"
"TC2011908","0","70.8000","6009515912635"
"TC2011909","0","78.2000","6009515912642"
"TC2011910","0","78.2000","6009515912659"
"TC2011911","0","89.4000","6009515912666"
"TC2011912","0","98.4000","6009515912673"
"TC2011913","0","98.4000","6009515912680"
"TC2011955","0","65.2000","6009515912604"
"TC20171","420","1940.0000","6009515897185"
"TC20171-SK01","18","144.0000","6009515897680"
"TC20171-SK02","46","1079.0000","6009515897697"
"TC20171-SK03","47","719.5000","6009515897703"
"TC20180","267","1659.5000","6009515899479"
"TC20180-SK01","0","17.6000","6009515899486"
"TC20180-SK02","0","1576.5000","6009515899493"
"TC20180-SK03","0","1576.5000","6009515899509"
"TC20180-SK04","0","324.5000","6009515899516"
"TC20180-SK05","0","788.5000","6009515899523"
"TC20180-SK06","0","87.6000","6009515899530"
"TC20180-SK07","0","788.5000","6009515899547"
"TC20180-SK08","0","788.5000","6009515899554"
"TC20190","451","2008.0000","6009515872489"
"TC20190-SK01","38","926.0000","6009515872496"
"TC20190-SK02","24","47.4000","6009515872502"
"TC20190-SK03","10","1187.0000","6009515872519"
"TC20190-SK13","36","250.5000","6009515872618"
"TC20190-SK16","3","1941.0000","6009515878733"
"TC20190-SK17","8","290.5000","6009515878740"
"TC20321","324","1826.5000","6009515899561"
"TC20321-SK01","0","35.2000","6009515899578"
"TC20321-SK02","0","43.8000","6009515899585"
"TC20321-SK03","0","149.0000","6009515899592"
"TC20321-SK04","0","45.6000","6009515899608"
"TC20321-SK05","0","280.5000","6009515899615"
"TC20321-SK06","0","170.0000","6009515899622"
"TC20321-SK07","0","373.5000","6009515899639"
"TC20321-SK08","0","359.5000","6009515899646"
"TC20321-SK09","100","65.8000","6009515910211"
"TC20321-SK10","98","90.8000","6009515910228"
"TC20505","212","949.0000","6009675081394"
"TC20506","20","642.0000","6009515877156"
"TC20507","94","1599.0000","6009675083473"
"TC20508","1043","657.5000","6009515878597"
"TC20VABC-01","62","296.5000","6009515872663"
"TC20VABC-02","60","743.5000","6009515872670"
"TC20VABC-03","371","1219.0000","6009515899455"
"TC28012","-5","68.0000","6009675089499"
"TC28013","62","74.4000","6009675089505"
"TC28014","174","101.0000","6009515800055"
"TC28016","977","104.0000","6009515800062"
"TC28017","536","112.5000","6009515811976"
"TC28018","124","119.0000","6009515800079"
"TC28019","355","122.5000","6009515800086"
"TC28020","1173","127.0000","6009515800093"
"TC28022","565","133.0000","6009515800109"
"TC28024","181","143.0000","6009515800116"
"TC28025","1518","149.0000","6009515800123"
"TC28028","306","162.5000","6009515800130"
"TC28030","1085","184.5000","6009515800147"
"TC28032","545","190.5000","6009515800154"
"TC28035","780","199.5000","6009515800161"
"TC28038","412","242.5000","6009515800178"
"TC28040","376","249.0000","6009515800185"
"TC28042","104","270.5000","6009515800192"
"TC28045","44","289.0000","6009515800208"
"TC28048","241","294.5000","6009515800215"
"TC28050","542","307.5000","6009515800222"
"TC28055","65","362.0000","6009515800239"
"TC28060","100","408.0000","6009515800246"
"TC28064","63","440.5000","6009515811884"
"TC28070","3","490.0000","6009515800253"
"TC28075","88","535.5000","6009515800260"
"TC28080","37","555.5000","6009515800277"
"TC28650","96","51.0000","6009515800284"
"TC28860","131","68.8000","6009515800291"
"TC311024","328","435.0000","6009515800437"
"TC312001","39","325.5000","6009675083626"
"TC312004","84","451.0000","6009515804428"
"TC317888","221","385.5000","6009515806392"
"TC322201","208","146.0000","6009515803889"
"TC322202","281","144.0000","6009515803896"
"TC322203","487","153.5000","6009515803902"
"TC322204","207","164.5000","6009515803919"
"TC322205","443","184.0000","6009515803926"
"TC322206","627","205.5000","6009515803933"
"TC322207","822","231.0000","6009515803940"
"TC322208","555","257.5000","6009515803957"
"TC322209","260","283.0000","6009515803964"
"TC322210","640","330.5000","6009515803971"
"TC322211","280","408.5000","6009515803988"
"TC322212","102","657.0000","6009515803995"
"TC322213","96","706.0000","6009515804008"
"TC322214","117","794.5000","6009515804015"
"TC322216","65","178.0000","6009515804039"
"TC322217","-1","58.6000","6009515804046"
"TC322218","61","110.0000","6009515804435"
"TC322222","148","175.0000","6009515806385"
"TC322223","163","227.5000","6009515807580"
"TC322225","413","155.5000","6009515809096"
"TC322228","392","198.5000","6009515811051"
"TC322229","38","77.2000","6009515811068"
"TC322230","1","331.5000","6009515810146"
"TC322233","646","232.5000","6009515811891"
"TC322234","251","253.5000","6009515811907"
"TC322237","583","120.5000","6009515813918"
"TC322238","283","297.0000","6009515813925"
"TC322239","326","109.0000","6009515813932"
"TC322240","422","161.0000","6009515813949"
"TC322241","259","219.0000","6009515813956"
"TC322242","75","279.5000","6009515813963"
"TC322243","86","214.0000","6009515813970"
"TC322247","0","235.0000","6009515818005"
"TC323040","246","341.5000","6009515824167"
"TC323050","248","503.5000","6009515824174"
"TC323055","349","515.0000","6009515824181"
"TC323060","222","594.0000","6009515824198"
"TC323065","175","672.5000","6009515824204"
"TC323070","50","881.5000","6009515824211"
"TC323080","21","918.0000","6009515824228"
"TC323110","228","1467.5000","6009515824235"
"TC323999","246","39.2000","6009675089574"
"TC353040","1105","145.0000","6009675083572"
"TC353041","769","156.0000","6009675083589"
"TC353042","-232","234.5000","6009675083596"
"TC353043","-549","313.0000","6009675083602"
"TC353044","1389","784.0000","6009675083619"
"TC353045","512","313.0000","6009515811914"
"TC353046","756","649.5000","6009515811921"
"TC353047","-7","671.5000","6009515897918"
"TC353048","117","1344.0000","6009515897925"
"TC353049","114","1680.5000","6009515904029"
"TC362003","105","82.0000","6009675086030"
"TC362004","-11","88.6000","6009515802202"
"TC362009","413","95.6000","6009675084425"
"TC362013","475","134.0000","6009675086047"
"TC362017","356","152.0000","6009675086054"
"TC362018","539","353.5000","6009515800444"
"TC373101-2","168","640.0000","6009515806415"
"TC41012","124","440.0000","6009515819668"
"TC4300","13","375.5000","6009515829858"
"TC4301","139","114.5000","6009515829865"
"TC4302","139","194.0000","6009515839437"
"TC4302-1","609","16.6000","6009515839444"
"TC4302-500","26","491.5000","6009515857325"
"TC4303","231","192.5000","6009515839451"
"TC4303-1","480","21.2000","6009515839468"
"TC4303-500","194","534.0000","6009515857332"
"TC4304","612","213.0000","6009515839475"
"TC4304-1","265","33.2000","6009515839482"
"TC4304-500","147","588.0000","6009515857349"
"TC50006","2179","30.6000","6009515853891"
"TC50007","1961","33.2000","6009515853907"
"TC50008","908","34.0000","6009515853914"
"TC50009","2796","36.0000","6009515853921"
"TC50010","63","37.6000","6009515853938"
"TC50011","608","40.0000","6009515853945"
"TC50012","816","46.8000","6009515853952"
"TC50013","2322","47.4000","6009515853969"
"TC50014","314","49.8000","6009515853976"
"TC50015","517","53.4000","6009515853983"
"TC50016","718","57.0000","6009515853990"
"TC50017","1370","64.4000","6009515854003"
"TC50018","630","75.8000","6009515854010"
"TC50019","1156","74.0000","6009515854027"
"TC50020","1171","77.4000","6009515854034"
"TC50021","1040","81.2000","6009515854041"
"TC50022","800","98.8000","6009515854058"
"TC50023","474","123.0000","6009515854065"
"TC50024","-48","136.0000","6009515854072"
"TC50025","506","140.5000","6009515854089"
"TC50026","53","130.5000","6009515854096"
"TC50027","198","182.0000","6009515854102"
"TC50028","375","174.0000","6009515854119"
"TC50029","494","197.0000","6009515868826"
"TC50030","443","233.5000","6009515854126"
"TC50032","275","267.0000","6009515854133"
"TC50036","145","400.0000","6009515883294"
"TC50040","46","557.0000","6009515904586"
"TC50041","41","558.0000","6009515883300"
"TC50042","19","557.0000","6009515904593"
"TC50044","50","802.5000","6009515904609"
"TC50046","87","766.5000","6009515904333"
"TC50048","92","977.5000","6009515883317"
"TC50050","69","977.5000","6009515883324"
"TC50106","1625","270.5000","6009515854140"
"TC50108","173","301.5000","6009515854157"
"TC50112","-2","785.5000","6009515854164"
"TC50114","-5","832.5000","6009515854171"
"TC50126","3","2242.0000","6009515854188"
"TC50226","9","3488.0000","6009515863340"
"TC51006","1590","45.0000","6009515853594"
"TC51007","1067","47.4000","6009515853600"
"TC51008","2005","48.6000","6009515853617"
"TC51009","1050","52.4000","6009515853624"
"TC51010","1637","53.4000","6009515853631"
"TC51011","1584","58.6000","6009515853648"
"TC51012","133","60.6000","6009515853655"
"TC51013","-110","65.6000","6009515853662"
"TC51014","829","71.6000","6009515853679"
"TC51015","1165","81.2000","6009515853686"
"TC51016","997","87.4000","6009515853693"
"TC51017","1908","91.0000","6009515853709"
"TC51018","357","99.8000","6009515853716"
"TC51019","1925","113.0000","6009515853723"
"TC51020","422","118.5000","6009515853730"
"TC51021","1086","131.0000","6009515853747"
"TC51022","406","143.5000","6009515853754"
"TC51023","251","156.0000","6009515853761"
"TC51024","421","208.5000","6009515853778"
"TC51025","879","218.5000","6009515853785"
"TC51026","313","255.5000","6009515853792"
"TC51027","183","293.0000","6009515853808"
"TC51028","244","305.5000","6009515853815"
"TC51029","354","324.5000","6009515868833"
"TC51030","356","373.0000","6009515853822"
"TC51032","311","380.5000","6009515853839"
"TC51036","156","512.5000","6009515883348"
"TC51040","49","766.5000","6009515904616"
"TC51041","70","768.0000","6009515883355"
"TC51042","47","766.5000","6009515904623"
"TC51044","56","944.5000","6009515904630"
"TC51046","273","985.5000","6009515904340"
"TC51048","151","1466.0000","6009515883362"
"TC51050","109","1466.0000","6009515883379"
"TC51106","-23","280.5000","6009515853846"
"TC51108","32","507.0000","6009515853853"
"TC51112","-21","679.5000","6009515853860"
"TC51114","-19","1041.0000","6009515853877"
"TC51126","-22","3230.0000","6009515853884"
"TC51226","87","3744.0000","6009515863357"
"TC52004","949","108.0000","6009515854195"
"TC52006","1052","119.0000","6009515854201"
"TC52008","694","153.0000","6009515854218"
"TC52010","496","214.5000","6009515854225"
"TC52012","1367","248.0000","6009515854232"
"TC52015","206","523.0000","6009515854249"
"TC52018","225","872.5000","6009515854256"
"TC530160","363","237.5000","6009515854317"
"TC530180","557","261.5000","6009515854324"
"TC530200","219","277.5000","6009515854331"
"TC531160","442","201.0000","6009515854348"
"TC531190","769","261.5000","6009515854355"
"TC532160","595","242.5000","6009515854362"
"TC533160","333","140.5000","6009515854379"
"TC533180","607","161.5000","6009515854386"
"TC533200","307","185.5000","6009515854393"
"TC534160","2155","128.5000","6009515854409"
"TC534160-1","1336","109.5000","6009515901189"
"TC534190","628","160.5000","6009515854416"
"TC535160","667","120.5000","6009515854423"
"TC535200","185","155.5000","6009515854430"
"TC536160","588","126.0000","6009515854447"
"TC536200","211","165.0000","6009515854454"
"TC537160","476","168.0000","6009515854461"
"TC540250","671","196.5000","6009515854478"
"TC550230","2031","153.5000","6009515854485"
"TC560200","300","171.0000","6009515903060"
"TC560254","764","215.5000","6009515854492"
"TC560300","157","291.0000","6009515903077"
"TC570170","276","115.5000","6009515854508"
"TC570254","1441","139.5000","6009515854515"
"TC570254-1","500","247.0000","6009515898090"
"TC581170","816","106.0000","6009515854522"
"TC582170","737","106.0000","6009515854539"
"TC583170","649","106.0000","6009515854546"
"TC584170","767","106.0000","6009515854553"
"TC591120","238","80.6000","6009515854560"
"TC592120","1227","80.6000","6009515854577"
"TC593120","1009","78.4000","6009515854584"
"TC594120","532","80.6000","6009515854591"
"TC595120","250","80.6000","6009515854607"
"TC596120","881","80.6000","6009515854614"
"TC597120","231","84.6000","6009515854621"
"TC598120","439","84.6000","6009515854638"
"TC599254","3179","255.0000","6009515854645"
"TC599300","808","298.5000","6009515854652"
"TC600601","-8","468.0000","6009675083466"
"TC601350","51","285.5000","6009515854669"
"TC601350-01","64","169.0000","6009515876050"
"TC601450","385","387.5000","6009515854676"
"TC601450-01","41","220.5000","6009515876067"
"TC601600","562","467.0000","6009515854683"
"TC601600-01","8","300.0000","6009515876074"
"TC601750","87","652.0000","6009515854690"
"TC601750-01","18","407.5000","6009515876081"
"TC601900","261","857.0000","6009515854706"
"TC601900-01","37","521.0000","6009515876098"
"TC602300","334","217.5000","6009515854713"
"TC602300-01","21","125.0000","6009515864941"
"TC602350","237","274.0000","6009515854720"
"TC602350-01","52","153.5000","6009515864958"
"TC602450","324","363.5000","6009515854737"
"TC602450-01","30","202.5000","6009515865443"
"TC602600","427","506.5000","6009515854744"
"TC602600-01","27","282.5000","6009515865450"
"TC603003","-95","321.5000","6009515854751"
"TC603005","421","433.0000","6009515870102"
"TC604450","801","174.0000","6009515854768"
"TC604570","10","188.0000","6009515854775"
"TC604700","114","254.5000","6009515854782"
"TC605450","379","171.5000","6009515854799"
"TC605570","413","182.5000","6009515854805"
"TC605700","108","198.0000","6009515854812"
"TC606450","423","380.5000","6009515854829"
"TC606570","455","399.0000","6009515854836"
"TC606700","181","437.0000","6009515854843"
"TC607450","-7","169.5000","6009515854850"
"TC607700","21","235.0000","6009515854867"
"TC607900","439","283.0000","6009515854874"
"TC608011","955","240.0000","6009515854881"
"TC608018","792","328.5000","6009515854898"
"TC609036","160","738.0000","6009515854935"
"TC609045","35","875.0000","6009515854942"
"TC609063","141","983.0000","6009515854959"
"TC610800","963","227.5000","6009515858704"
"TC611800","494","567.5000","6009515858711"
"TC612450","79","236.0000","6009515858728"
"TC612700","16","262.5000","6009515858735"
"TC613450","1110","148.0000","6009515858742"
"TC613900","-13","230.0000","6009515858759"
"TC613950","70","54.4000","6009515862985"
"TC613951","-3","444.0000","6009515865788"
"TC613952","-1","338.5000","6009515865795"
"TC61400","632","271.5000","6009515865801"
"TC615100","127","236.5000","6009515869311"
"TC615300","59","122.5000","6009515869298"
"TC615500","80","158.5000","6009515869304"
"TC616750","172","260.0000","6009515869328"
"TC616750-01","4704","15.2000","6009515869335"
"TC616750-02","34","109.5000","6009515903084"
"TC616750-03","134","919.5000","6009515903091"
"TC6170900","111","1327.5000","6009515897727"
"TC6171800","68","2557.5000","6009515897734"
"TC6176300","10","8423.5000","6009515898441"
"TC620030","123","16679.0000","6009515867522"
"TC620040","0","8339.0000","6009515867539"
"TC620050","-2","19798.0000","6009515877002"
"TC620060","41","9165.0000","6009515896799"
"TC620100","12","18764.0000","6009515903336"
"TC63006","309","21.4000","6009515876272"
"TC63007","98","21.4000","6009515876289"
"TC63008","-21","21.4000","6009515876296"
"TC63009","521","22.4000","6009515876302"
"TC63010","438","23.4000","6009515876319"
"TC63011","510","23.4000","6009515876326"
"TC63012","188","25.6000","6009515876333"
"TC63013","316","26.6000","6009515876340"
"TC63014","350","25.6000","6009515876357"
"TC64008","183","32.0000","6009515876364"
"TC64009","528","32.0000","6009515876371"
"TC64010","-111","32.0000","6009515876388"
"TC64011","253","32.0000","6009515876395"
"TC64012","181","32.0000","6009515876401"
"TC64013","378","31.0000","6009515876418"
"TC64014","493","32.0000","6009515876425"
"TC64015","94","32.0000","6009515876432"
"TC64016","455","32.0000","6009515876449"
"TC64017","401","37.2000","6009515876456"
"TC64018","95","38.4000","6009515876463"
"TC64019","641","38.4000","6009515876470"
"TC64020","547","43.6000","6009515876487"
"TC64021","348","43.6000","6009515876494"
"TC64022","191","47.8000","6009515876500"
"TC64023","418","51.0000","6009515876517"
"TC64024","251","51.0000","6009515876524"
"TC64025","424","62.6000","6009515876531"
"TC64026","394","57.0000","6009515906016"
"TC64027","60","69.0000","6009515876548"
"TC64028","391","79.0000","6009515906023"
"TC64029","421","80.6000","6009515906030"
"TC64030","198","92.4000","6009515876555"
"TC64032","372","99.8000","6009515876562"
"TC641010","0","52.9200","6009515916404"
"TC641011","0","52.9200","6009515916411"
"TC641012","0","52.9200","6009515916428"
"TC641014","0","53.7600","6009515916435"
"TC641016","0","52.9200","6009515916442"
"TC641018","0","57.1200","6009515916459"
"TC641020","0","56.2800","6009515916466"
"TC641022","0","61.3200","6009515916473"
"TC641024","0","65.5200","6009515916480"
"TC65007","57","24.4000","6009515876579"
"TC65008","-6","24.6000","6009515876586"
"TC65009","230","25.8000","6009515876593"
"TC65010","153","29.4000","6009515876609"
"TC65011","224","31.8000","6009515876616"
"TC65012","405","33.4000","6009515876623"
"TC65013","335","36.2000","6009515876630"
"TC65014","390","42.2000","6009515876647"
"TC66008","205","59.4000","6009515876654"
"TC66009","42","58.6000","6009515876661"
"TC66010","552","58.0000","6009515876678"
"TC66011","733","57.6000","6009515876685"
"TC66012","756","57.4000","6009515876692"
"TC66013","498","59.0000","6009515876708"
"TC66014","455","57.0000","6009515876715"
"TC66015","614","55.4000","6009515876722"
"TC66016","620","53.2000","6009515876739"
"TC66017","400","62.4000","6009515876746"
"TC66018","219","75.6000","6009515876753"
"TC66019","748","71.2000","6009515876760"
"TC66021","129","81.2000","6009515876777"
"TC66022","241","95.6000","6009515876784"
"TC66024","39","99.8000","6009515876791"
"TC66025","429","110.5000","6009515905958"
"TC66026","438","110.5000","6009515905965"
"TC66027","406","123.5000","6009515903992"
"TC66028","434","143.0000","6009515905972"
"TC66029","444","158.0000","6009515905989"
"TC66030","387","163.0000","6009515905996"
"TC66032","401","205.0000","6009515906009"
"TC671090","-2","151.5000","6009515900519"
"TC67150","396","209.0000","6009515876807"
"TC67151","253","208.0000","6009515878795"
"TC67210","270","245.5000","6009515906283"
"TC672140","-4","257.0000","6009515900526"
"TC67260","592","372.5000","6009515876814"
"TC67261","182","371.5000","6009515878801"
"TC673110","0","216.5000","6009515907532"
"TC673200","-6","225.5000","6009515907525"
"TC68003","266","103.5000","6009515899189"
"TC68050","347","21.4000","6009515876821"
"TC68075","148","24.4000","6009515876838"
"TC68100","134","43.6000","6009515876845"
"TC69003","67","175.5000","6009515899196"
"TC69075","-32","50.0000","6009515876852"
"TC69125","239","75.4000","6009515876869"
"TC69250","477","127.5000","6009515876876"
"TC71012","72","109.5000","6009515876890"
"TC71014","263","59.4000","6009515876883"
"TC71055","273","57.0000","6009515906306"
"TC72016","303","52.2000","6009515876906"
"TC72021","83","68.0000","6009515876913"
"TC73001","340","28.8000","6009515876920"
"TC73002","1354","28.8000","6009515876937"
"TC73003","1126","40.4000","6009515876944"
"TC73004","1165","44.6000","6009515876951"
"TC73005","173","82.4000","6009515898922"
"TC73006","241","56.2000","6009515898939"
"TC73007","279","44.6000","6009515911492"
"TC73010","798","350.5000","6009515899202"
"TC74110","0","40.3500","6009515906290"
"TC74150","286","79.0000","6009515906290"
"TC74250","397","173.0000","6009515876968"
"TC75012","194","718.5000","6009515876975"
"TC75027","605","2185.5000","6009515882778"
"TC75035","532","1005.0000","6009515882761"
"TC75040","288","846.5000","6009515876265"
"TC76150","13","169.5000","6009515878757"
"TC76250","83","234.5000","6009515878764"
"TC76380","247","364.0000","6009515878771"
"TC76450","587","459.5000","6009515878788"
"TC770024","27","169.5000","6009515883393"
"TC770025","71","184.0000","6009515883409"
"TC770026","25","202.0000","6009515883416"
"TC770027","48","217.0000","6009515883423"
"TC770028","49","241.0000","6009515883430"
"TC770029","44","262.5000","6009515883447"
"TC770030","99","294.0000","6009515883454"
"TC770031","16","332.0000","6009515883461"
"TC770032","71","377.0000","6009515883478"
"TC770033","59","515.0000","6009515883485"
"TC770034","12","686.0000","6009515883492"
"TC770035","3","832.5000","6009515883508"
"TC770036","39","1203.0000","6009515883515"
"TC770037","13","2314.0000","6009515883522"
"TC770038","24","2495.0000","6009515883539"
"TC770039","29","2710.5000","6009515883546"
"TC770040","22","2998.5000","6009515883553"
"TC780024","63","158.5000","6009515883560"
"TC780025","123","171.0000","6009515883577"
"TC780026","-75","189.0000","6009515883584"
"TC780027","131","205.0000","6009515883591"
"TC780028","124","223.5000","6009515883607"
"TC780029","-23","241.0000","6009515883614"
"TC780030","122","272.5000","6009515883621"
"TC780031","103","306.0000","6009515883638"
"TC780032","53","351.5000","6009515883645"
"TC780033","101","482.0000","6009515883652"
"TC780034","-2","646.0000","6009515883669"
"TC780035","12","785.5000","6009515883676"
"TC780036","0","1130.5000","6009515883683"
"TC780037","61","1628.0000","6009515883690"
"TC780038","4","1801.5000","6009515883706"
"TC780039","22","2193.5000","6009515883713"
"TC780040","19","2366.5000","6009515883720"
"TC79001","716","202.5000","6009515895549"
"TC79002","968","196.5000","6009515906917"
"TC79003","927","223.5000","6009515906924"
"TC801201","94","68.8000","6009675085064"
"TC801203","11","96.2000","6009675085057"
"TC801707","301","100.0000","6009675084456"
"TC801709","243","127.5000","6009675085040"
"TC801730","476","171.0000","6009515820695"
"TC804901","883","297.0000","6009675081370"
"TC804904","168","166.0000","6009515806408"
"TC805060","97","62.2000","6009675087686"
"TC805120","-7","62.2000","6009675087693"
"TC805180","29","62.2000","6009675087709"
"TC810008","52","118.5000","6009515898137"
"TC810010","531","135.5000","6009515898144"
"TC810012","403","155.5000","6009515898151"
"TC810013","278","162.5000","6009515898168"
"TC810014","323","177.5000","6009515898175"
"TC810015","240","195.0000","6009515898182"
"TC810017","69","224.5000","6009515898199"
"TC810019","251","257.5000","6009515898205"
"TC82300","936","652.0000","6009515898977"
"TC84007","2919","193.0000","6009515899066"
"TC84008","937","30.4000","6009515908287"
"TC841011","840","26.0000","6009515898991"
"TC841213","489","27.2000","6009515899004"
"TC841415","645","30.4000","6009515899011"
"TC841617","433","38.8000","6009515899028"
"TC841819","535","48.2000","6009515899035"
"TC842022","619","61.0000","6009515899042"
"TC842122","536","61.0000","6009515899059"
"TC84809","537","21.2000","6009515898984"
"TC85006","271","16.7000","6009515906337"
"TC85007","265","16.7000","6009515906344"
"TC85008","260","16.7000","6009515906351"
"TC85009","274","16.7000","6009515906368"
"TC85010","260","16.7000","6009515906375"
"TC85011","257","16.7000","6009515906382"
"TC85012","268","17.6000","6009515906399"
"TC85013","261","18.4000","6009515906405"
"TC85014","276","22.0000","6009515906412"
"TC85015","286","25.4000","6009515906429"
"TC85016","287","26.4000","6009515906436"
"TC85017","269","31.6000","6009515906443"
"TC85018","291","37.8000","6009515906450"
"TC85019","238","37.8000","6009515906467"
"TC85020","291","43.8000","6009515906474"
"TC85021","290","43.8000","6009515906481"
"TC85022","289","50.0000","6009515906498"
"TC85023","293","53.6000","6009515906504"
"TC86010","287","35.4000","6009515906511"
"TC86011","290","35.4000","6009515906528"
"TC86012","269","35.4000","6009515906535"
"TC86013","284","36.2000","6009515906542"
"TC86014","281","43.6000","6009515906559"
"TC86015","290","54.8000","6009515906566"
"TC86016","287","55.0000","6009515906573"
"TC86017","285","61.0000","6009515906580"
"TC86018","287","67.2000","6009515906597"
"TC86019","287","69.6000","6009515906603"
"TC871101","2","70.0000","6009515810658"
"TC871401","467","91.4000","6009515810689"
"TC871501","448","74.8000","6009515810696"
"TC871601","409","100.0000","6009515810702"
"TC872000","455","124.5000","6009515810610"
"TC872100","363","190.5000","6009515810634"
"TC872110","361","228.5000","6009515810641"
"TC88076","277","38.6000","6009515906320"
"TC88150","264","70.2000","6009515906313"
"TC89030","288","34.0000","6009515906610"
"TC89035","288","34.0000","6009515906627"
"TC89040","261","34.0000","6009515906634"
"TC89045","261","39.6000","6009515906641"
"TC89050","290","42.6000","6009515906658"
"TC89055","288","47.2000","6009515906665"
"TC89060","293","47.2000","6009515906672"
"TC90016","260","51.8000","6009515906689"
"TC90021","269","75.4000","6009515906696"
"TC911001","491","21.2000","6009675082001"
"TC911002","161","22.8000","6009675082018"
"TC911003","270","25.0000","6009675082025"
"TC911004","445","27.2000","6009675082032"
"TC911005","588","28.6000","6009675082049"
"TC911006","180","29.4000","6009675082056"
"TC911007","126","30.4000","6009675082063"
"TC911008","621","30.6000","6009675082070"
"TC911009","275","31.4000","6009675082087"
"TC911010","294","32.8000","6009675082094"
"TC911011","1048","34.8000","6009675082100"
"TC911012","553","37.8000","6009675082117"
"TC911013","267","38.4000","6009675082124"
"TC911014","654","39.6000","6009675082131"
"TC911015","594","44.0000","6009675082148"
"TC911016","599","45.0000","6009675086320"
"TC911017","529","46.6000","6009675086337"
"TC911018","197","49.6000","6009515812621"
"TC911019","871","51.0000","6009675086351"
"TC911020","471","57.0000","6009675086368"
"TC911021","440","57.0000","6009675086375"
"TC911032","6147","83.4000","6009675082179"
"TC911048","2142","290.5000","6009675088270"
"TC911049","1367","86.0000","6009675088300"
"TC911504","12013","66.4000","6009675088287"
"TC911505","918","75.0000","6009515910198"
"TC911506","865","109.0000","6009515910204"
"TC911507","-44","86.6000","6009515910877"
"TC915001","1223","89.6000","6009515802431"
"TC915004","493","107.0000","6009515802448"
"TC915005","-458","110.0000","6009515802455"
"TC915006","273","127.5000","6009515807382"
"TC915010","-475","140.0000","6009515802462"
"TC915015","249","167.5000","6009515802479"
"TC915016","-236","181.5000","6009515807399"
"TC915020","343","201.5000","6009515802486"
"TC915023","281","240.5000","6009515802493"
"TC915025","137","262.5000","6009515802509"
"TC915030","464","275.0000","6009515802516"
"TC915035","-89","291.5000","6009515802523"
"TC915040","140","349.0000","6009515802530"
"TC915041","218","383.5000","6009515802547"
"TC915043","419","407.0000","6009515817824"
"TC915044","208","411.0000","6009515802554"
"TC915045","93","436.0000","6009515802561"
"TC915046","329","450.0000","6009515802578"
"TC915047","177","448.5000","6009515802585"
"TC915048","112","461.5000","6009515817831"
"TC915049","108","607.5000","6009515802592"
"TC915051","127","672.5000","6009515802608"
"TC915080","52","714.5000","6009515877743"
"TC917009","1313","40.0000","6009675082155"
"TC917012","2877","45.0000","6009675082162"
"TC925002","926","7.8000","6009515855659"
"TC925002-10","620","56.8000","6009515885090"
"TC925003","3010","35.2000","6009515855314"
"TC925004","7493","10.3000","6009675083817"
"TC925005","25443","10.3000","6009675083824"
"TC925006","23723","10.0000","6009675083831"
"TC925007","18313","10.3000","6009675083848"
"TC925018","2230","21.6000","6009675083855"
"TC925018-2","507","41.2000","6009515828318"
"TC925019","10897","23.4000","6009675083862"
"TC925019-2","1950","49.0000","6009515828325"
"TC925020","17996","26.0000","6009675083879"
"TC925020-2","4099","52.2000","6009515828332"
"TC925021","14128","26.6000","6009675083886"
"TC925021-2","2314","52.2000","6009515828349"
"TC93002","75","29.4000","6009515907860"
"TC930025","74","29.4000","6009515907877"
"TC93003","72","29.4000","6009515907884"
"TC93004","145","29.4000","6009515907891"
"TC93005","164","29.4000","6009515907907"
"TC93006","145","29.4000","6009515907914"
"TC93007","0","40.3200","6009515916206"
"TC93008","145","29.4000","6009515907921"
"TC93010","0","68.8800","6009515916213"
"TC94008","73","29.4000","6009515907945"
"TC94009","73","29.4000","6009515907952"
"TC94010","173","29.4000","6009515907969"
"TC94015","172","29.4000","6009515907976"
"TC94020","141","29.4000","6009515907983"
"TC94025","144","29.4000","6009515907990"
"TC94027","145","29.4000","6009515908003"
"TC94030","116","29.4000","6009515908010"
"TC94040","157","29.4000","6009515908027"
"TC95003","-2","68.8800","6009515916299"
"TC95004","-2","73.9200","6009515916305"
"TC95004-1","-2","68.8800","6009515916220"
"TC95005","-2","80.6400","6009515916312"
"TC95005-1","-2","68.8800","6009515916237"
"TC95006","46","67.6000","6009515908119"
"TC95006-1","-2","68.8800","6009515916244"
"TC95007","61","67.6000","6009515908126"
"TC95008","51","67.6000","6009515908133"
"TC95008-1","-2","68.8800","6009515916251"
"TC95010","54","71.0000","6009515908140"
"TC95010-1","-2","73.9200","6009515916268"
"TC95012","54","76.2000","6009515908157"
"TC95012-1","-2","80.6400","6009515916275"
"TC95014","54","77.2000","6009515908164"
"TC95014-1","-2","86.5200","6009515916282"
"TC96020","-2","62.1600","6009515916329"
"TC96025","-2","62.1600","6009515916336"
"TC96027","-2","62.1600","6009515916343"
"TC96030","-2","62.1600","6009515916350"
"TC96040","32","67.6000","6009515908171"
"TC96045","49","67.6000","6009515908188"
"TC96050","47","67.6000","6009515908195"
"TC96055","46","71.0000","6009515908201"
"TC96060","50","76.2000","6009515908218"
"TC97005","65","67.6000","6009515908225"
"TC97006","63","67.6000","6009515908232"
"TC97008","65","67.6000","6009515908249"
"TC97008-1","-2","62.1600","6009515916374"
"TC97009","56","71.0000","6009515908256"
"TC97010","64","71.0000","6009515908263"
"TC97010-1","-2","62.1600","6009515916381"
"TC97012","56","76.2000","6009515908270"
"TC97012-1","-2","81.4800","6009515916398"
"TC97016","-2","62.1600","6009515916367"
"TC98001","49","29.4000","6009515908034"
"TC98002","52","29.4000","6009515908041"
"TC98003","78","29.4000","6009515908058"
"TC991012","482","513.5000","6009515806453"
"TC991018","217","232.0000","6009515860387"
"TC991051","283","258.5000","6009675089536"
"TC991052","424","487.0000","6009515806446"
"TC991055","224","380.0000","6009515806439"
"TC991088","163","1615.0000","6009515827526"
"TC991090","101","442.0000","6009515858865"
"TC991260","531","582.5000","6009515808112"
"TC991265","588","486.5000","6009515808129"
"TC991340","604","681.0000","6009515808136"
"TC992008","499","416.0000","6009515827502"
"TC996110","214","260.0000","6009515806460"
"TC996114","161","364.0000","6009515806477"
"TC996200","1507","678.0000","6009515898113"
"TCAC0001","10","1139.0000","6009515814908"
"TCAC0002","17","1300.0000","6009515819873"
"TCAC0004","555","33.4000","6009515814915"
"TCAC0005","2335","43.0000","6009515814922"
"TCAC0005-01","104","107.0000","6009515897802"
"TCAC0005-02","138","101.5000","6009515897819"
"TCAC0005-03","57","70.6000","6009515897826"
"TCAC0005-04","58","99.0000","6009515897833"
"TCAC0006","14","438.0000","6009515904869"
"TCAC0007","0","501.0000","6009515904876"
"TCAC0008","13","600.0000","6009515904883"
"TCAC0009","23","591.5000","6009515904890"
"TCAC0010","15","609.0000","6009515904906"
"TCAC006","90","390.5000","6009515820701"
"TCAC008","100","321.5000","6009515820718"
"TCAC009","19","404.5000","6009515820725"
"TCAC010","148","426.5000","6009515820732"
"TCAC011","108","384.5000","6009515820749"
"TCAC012-1","328","364.0000","6009515814427"
"TCAC012-2","405","470.0000","6009515814434"
"TCAC012-3","33","758.0000","6009515895006"
"TCAC012-4","-19","858.0000","6009515895013"
"TCAC013-1","72","355.5000","6009515814441"
"TCAC013-2","99","470.0000","6009515814472"
"TCAC014-1","962","355.5000","6009515814458"
"TCAC014-2","1085","442.5000","6009515814465"
"TCAC014-3","31","758.0000","6009515895020"
"TCAC014-4","1","858.0000","6009515895037"
"TCAC015-1","173","337.5000","6009515814489"
"TCAC015-2","3","449.0000","6009515814496"
"TCAC016-1","317","382.0000","6009515814502"
"TCAC016-2","416","503.0000","6009515814519"
"TCAC016-3","78","758.0000","6009515895044"
"TCAC016-4","57","858.0000","6009515895051"
"TCAC017-1","212","399.5000","6009515814526"
"TCAC017-2","152","494.5000","6009515814533"
"TCAC018-1","811","401.0000","6009515814540"
"TCAC018-2","944","575.5000","6009515814557"
"TCAC018-3","40","758.0000","6009515895068"
"TCAC018-4","93","858.0000","6009515895075"
"TCAC019-1","122","409.5000","6009515814564"
"TCAC019-2","94","575.5000","6009515814571"
"TCAC020-1","424","447.0000","6009515814588"
"TCAC020-2","263","589.0000","6009515814595"
"TCAC020-3","23","758.0000","6009515895082"
"TCAC020-4","75","858.0000","6009515895099"
"TCAC021-1","83","449.0000","6009515814601"
"TCAC021-2","124","597.0000","6009515814618"
"TCAC022-1","399","500.0000","6009515814625"
"TCAC022-2","392","628.5000","6009515814632"
"TCAC022-3","65","758.0000","6009515895105"
"TCAC022-4","2","858.0000","6009515895112"
"TCAC023-1","87","495.5000","6009515817510"
"TCAC023-2","35","669.0000","6009515817527"
"TCAC024-1","80","539.0000","6009515814649"
"TCAC024-2","234","730.5000","6009515814656"
"TCAC024-3","1","758.0000","6009515895129"
"TCAC024-4","35","858.0000","6009515895136"
"TCAC025-1","204","529.5000","6009515814663"
"TCAC025-2","225","757.5000","6009515814670"
"TCAC026-1","237","625.5000","6009515814687"
"TCAC026-2","304","784.5000","6009515814694"
"TCAC026-3","0","808.0000","6009515895143"
"TCAC026-4","69","903.0000","6009515895150"
"TCAC027-1","20","625.5000","6009515814700"
"TCAC027-2","107","902.5000","6009515814717"
"TCAC028-1","103","570.0000","6009515814724"
"TCAC028-2","29","802.5000","6009515814731"
"TCAC028-3","35","808.0000","6009515895167"
"TCAC028-4","21","903.0000","6009515895174"
"TCAC030-1","66","663.5000","6009515814748"
"TCAC030-2","121","870.0000","6009515814755"
"TCAC030-3","18","808.0000","6009515895181"
"TCAC030-4","40","903.0000","6009515895198"
"TCAC031-1","33","812.5000","6009515814762"
"TCAC031-2","34","722.5000","6009515814779"
"TCAC032-1","179","776.5000","6009515814786"
"TCAC032-2","115","819.5000","6009515814793"
"TCAC032-3","25","997.0000","6009515895204"
"TCAC032-4","31","1146.0000","6009515895211"
"TCAC033-1","24","784.5000","6009515814809"
"TCAC033-2","29","905.0000","6009515814816"
"TCAC034-1","55","797.5000","6009515842598"
"TCAC034-2","53","937.0000","6009515842604"
"TCAC035-1","50","824.0000","6009515814823"
"TCAC035-2","40","1071.0000","6009515814830"
"TCAC036-1","15","843.0000","6009515814847"
"TCAC036-2","134","1178.0000","6009515814854"
"TCAC038-1","20","1034.0000","6009515814861"
"TCAC038-2","8","1362.5000","6009515814878"
"TCAC040-1","34","1092.0000","6009515814885"
"TCAC040-2","51","1338.5000","6009515814892"
"TCAC042-1","23","1232.5000","6009515828400"
"TCAC042-2","44","1473.0000","6009515828455"
"TCAC044-1","13","1389.5000","6009515828417"
"TCAC044-2","21","1767.5000","6009515828462"
"TCAC045-1","22","1306.5000","6009515828424"
"TCAC045-2","16","1738.5000","6009515828479"
"TCAC046-1","2","1489.5000","6009515828431"
"TCAC046-2","7","1819.5000","6009515828486"
"TCAC048-1","14","1574.5000","6009515828448"
"TCAC048-2","22","2009.0000","6009515828493"
"TCAC050-1","7","1714.5000","6009515818951"
"TCAC050-2","51","2219.5000","6009515818968"
"TCAC055-1","25","1874.5000","6009515865467"
"TCAC055-2","24","2513.0000","6009515865474"
"TCAC058-1","24","2241.0000","6009515865481"
"TCAC058-2","30","2544.0000","6009515865498"
"TCAC060-1","26","2236.0000","6009515894948"
"TCAC060-2","20","2900.5000","6009515894955"
"TCAC064-1","0","2537.0000","6009515894962"
"TCAC064-2","9","3287.5000","6009515894979"
"TCAC065-1","22","2595.0000","6009515894986"
"TCAC065-2","21","3358.0000","6009515894993"
"TCAC070-3","17","2388.0000","6009515895228"
"TCAC070-4","6","2787.0000","6009515895235"
"TCAC075-3","18","2700.5000","6009515895242"
"TCAC075-4","14","3121.5000","6009515895259"
"TCAC080-3","15","2968.5000","6009515895266"
"TCAC080-4","13","3431.5000","6009515895273"
"TCAC083-3","20","3426.5000","6009515895280"
"TCAC083-4","21","3961.0000","6009515895297"
"TCAC090-3","20","3647.0000","6009515895303"
"TCAC090-4","19","4216.0000","6009515895310"
"TCAC095-3","22","3994.0000","6009515895327"
"TCAC095-4","13","4617.5000","6009515895334"
"TCAC102-3","6","5658.5000","6009515895341"
"TCAC102-4","5","6025.5000","6009515895358"
"TCAD01","520","754.5000","6009515802882"
"TCAD02","1119","563.5000","6009515899110"
"TCAG0115","574","996.5000","6009515877323"
"TCAG0115-SK01","114","53.8000","6009515877347"
"TCAG0115-SK02","29","36.4000","6009515877354"
"TCAG0115-SK03","79","237.5000","6009515877361"
"TCAG0115-SK04","89","139.5000","6009515877378"
"TCAG0115-SK05","172","12.6000","6009515877385"
"TCAG0115-SK06","59","12.6000","6009515877392"
"TCAG0115-SK07","132","59.6000","6009515877408"
"TCAG0115-SK08","228","332.0000","6009515877415"
"TCAG0115-SK09","97","5.1000","6009515877422"
"TCAG0115-SK10","90","186.0000","6009515877439"
"TCAG0115-SK11","14","124.0000","6009515877446"
"TCAG0115-SK12","185","46.4000","6009515877453"
"TCAG0115-SK13","281","161.0000","6009515877460"
"TCAG0115-SK15","654","43.8000","6009515877484"
"TCAG0115-SK16","14","95.8000","6009515877491"
"TCAG0115-SK17","78","25.8000","6009515877507"
"TCAG0230","505","2073.5000","6009515877330"
"TCAG0230-SK01","45","53.8000","6009515877514"
"TCAG0230-SK02","80","87.6000","6009515877521"
"TCAG0230-SK03","45","448.0000","6009515877538"
"TCAG0230-SK04","110","170.5000","6009515877545"
"TCAG0230-SK05","217","12.6000","6009515877552"
"TCAG0230-SK06","50","16.3000","6009515877569"
"TCAG0230-SK07","121","114.5000","6009515877576"
"TCAG0230-SK08","92","726.0000","6009515877583"
"TCAG0230-SK09","102","5.1000","6009515877590"
"TCAG0230-SK10","101","289.0000","6009515877606"
"TCAG0230-SK11","99","160.0000","6009515877613"
"TCAG0230-SK12","67","62.6000","6009515877620"
"TCAG0230-SK13","25","278.5000","6009515877637"
"TCAG0230-SK14","126","12.6000","6009515877644"
"TCAG0230-SK15","834","87.6000","6009515877651"
"TCAG0230-SK16","18","116.5000","6009515877668"
"TCAG0230-SK17","40","62.6000","6009515877675"
"TCAK10015","842","8.5000","6009515810054"
"TCAK10020","799","9.9000","6009515810061"
"TCAK10025","405","9.9000","6009515810078"
"TCAK10030","241","10.5000","6009515810085"
"TCAK10040","2068","12.8000","6009515810092"
"TCAK10050","768","16.0000","6009515810108"
"TCAK10055","-87","18.5000","6009515865719"
"TCAK10060","1759","21.2000","6009515810115"
"TCAK10070","20","25.2000","6009675089871"
"TCAK10080","369","30.8000","6009675089888"
"TCAK10100","478","51.4000","6009675089895"
"TCAK10120","403","59.6000","6009675089901"
"TCAK10140","311","61.8000","6009515896027"
"TCAK20008","658","10.4000","6009515895914"
"TCAK20010","287","9.5000","6009515895921"
"TCAK20015","419","11.3000","6009515895938"
"TCAK20020","390","12.2000","6009515895945"
"TCAK20025","273","15.0000","6009515895952"
"TCAK20030","429","17.9000","6009515895655"
"TCAK20040","458","23.6000","6009515895969"
"TCAK30015","454","4.0000","6009515902469"
"TCAK30020","22","4.2000","6009515902476"
"TCAK30025","111","4.5000","6009515902483"
"TCAK30030","969","5.3000","6009515902490"
"TCAK30040","-11","9.3000","6009515902506"
"TCAK30050","40","11.4000","6009515902513"
"TCAK30055","447","15.2000","6009515902520"
"TCAK30060","147","18.5000","6009515902537"
"TCAK30070","389","22.6000","6009515902544"
"TCAK30080","385","26.6000","6009515902551"
"TCAK30100","398","49.0000","6009515902568"
"TCAK30120","375","56.8000","6009515902575"
"TCAK30140","415","87.2000","6009515902582"
"TCAK40010","463","13.3000","6009515902599"
"TCAK40015","438","16.0000","6009515902605"
"TCAK40020","425","17.2000","6009515902612"
"TCAK40025","448","21.2000","6009515902629"
"TCAK40030","444","25.2000","6009515902636"
"TCAK40040","450","33.2000","6009515902643"
"TCBB100-05","3172","22.2000","6009515888015"
"TCBB100-10","3235","39.4000","6009515865689"
"TCBB100-100","1458","261.5000","6009515865702"
"TCBB100-50","1739","173.5000","6009515865696"
"TCBB110-10","3700","44.0000","6009515888039"
"TCBB1612C","118","19.4000","6009675085026"
"TCBB200-03","20","141.5000","6009515901042"
"TCBB2016C","31","19.4000","6009675086917"
"TCBB250-03","265","144.0000","6009515901059"
"TCBB3016C","62","19.4000","6009675085002"
"TCBB301C","117","19.4000","6009675084999"
"TCBB3020C","78","19.4000","6009675085019"
"TCBC001","2507","47.0000","6009515900434"
"TCBC0012","1378","45.8000","6009515900458"
"TCBC0144","333","500.5000","6009515900441"
"TCBC18650","82","121.5000","6009515859022"
"TCBCB25503","2010","124.0000","6009515900632"
"TCBCB25540","2468","141.0000","6009515900649"
"TCBE007","247","734.0000","6009515888503"
"TCBF100-2W","76","159.0000","6009515801663"
"TCBF10030","220","287.5000","6009515827076"
"TCBF150-2C","34","171.5000","6009515810993"
"TCBF150-2W","227","208.5000","6009515810986"
"TCBF150-3C","28","247.0000","6009515809942"
"TCBF150-3W","209","355.0000","6009600405134"
"TCBF150-50W","274","172.5000","6009675087556"
"TCBF15030","153","382.0000","6009515827083"
"TCBF200-2C","137","247.0000","6009515811013"
"TCBF200-2W","130","286.0000","6009515811006"
"TCBF200-3W","300","430.5000","6009600405141"
"TCBF200-50W","-1","253.0000","6009600409569"
"TCBP115-1","837","106.0000","6009515811242"
"TCBP115-2","456","100.0000","6009515825263"
"TCBP115-3","1068","104.5000","6009515825256"
"TCBP125C","861","75.4000","6009675084449"
"TCBP150C","317","98.6000","6009515800741"
"TCBP178-1","2020","126.5000","6009515811259"
"TCBS030","373","402.0000","6009515860134"
"TCBU10606","160","232.5000","6009515803179"
"TCBU10612","251","895.0000","6009515803186"
"TCBU11606","123","499.0000","6009515859206"
"TCBU11612","78","515.0000","6009515859213"
"TCBU20606","165","225.5000","6009515859190"
"TCBU20612","297","450.5000","6009515803193"
"TCBU21606","98","192.0000","6009515859220"
"TCBU21612","3","241.5000","6009515859237"
"TCBU30606","72","159.0000","6009515803209"
"TCBU30612","-11","399.0000","6009515803216"
"TCBU31606","72","198.5000","6009515859244"
"TCBU31612","-2","232.5000","6009515859251"
"TCBU40606","28","204.5000","6009515803223"
"TCBU40612","310","545.0000","6009515803230"
"TCBU41606","42","198.5000","6009515859268"
"TCBU41612","102","749.0000","6009515859275"
"TCBU50606","-3","132.0000","6009515803247"
"TCBU50612","178","349.0000","6009515803254"
"TCBU60606","-6","193.5000","6009515803261"
"TCBU60612","-10","799.0000","6009515803278"
"TCBU70606","-2","166.0000","6009515803285"
"TCBU70612","-14","332.0000","6009515803292"
"TCBU80606","165","192.0000","6009515803308"
"TCBU80612","231","599.0000","6009515803315"
"TCBU90606","86","178.5000","6009515803322"
"TCBU90612","94","293.5000","6009515803339"
"TCBUF001","2999","81.7000","60095158700278"
"TCC10600","226","642.0000","6009515809386"
"TCC10900","349","749.5000","6009515809393"
"TCC11200","385","857.5000","6009515809409"
"TCC11500","183","965.5000","6009515809416"
"TCC11800","270","1073.0000","6009515809423"
"TCCC30200","549","194.5000","6009515805982"
"TCCG0928","599","213.5000","6009515858056"
"TCCG0931","-13","243.0000","6009515858063"
"TCCG1331","750","347.5000","6009515857172"
"TCCG1360","58","408.5000","6009515857165"
"TCCG1363","407","469.0000","6009515857189"
"TCCH25000-1","1127","79.6000","6009515817411"
"TCCH25020-1","1404","76.4000","6009515824662"
"TCCH25022-1","24","97.0000","6009515817442"
"TCCH25040-1","1246","115.5000","6009515817435"
"TCCH28000","394","140.5000","6009515813987"
"TCCH28000-1","37","87.6000","6009515884581"
"TCCH28022","-39","90.4000","6009515884604"
"TCCH28030","572","146.0000","6009515814007"
"TCCH28040","82","182.0000","6009515814021"
"TCCH28040-1","210","112.5000","6009515884611"
"TCCH28075","285","240.5000","6009515814045"
"TCCH40000","98","182.5000","6009515813994"
"TCCH40000-1","202","137.0000","6009515884598"
"TCCH40000-2","244","128.0000","6009515820374"
"TCCH40022","184","139.5000","6009515884628"
"TCCH40030","414","180.5000","6009515814014"
"TCCH40040","187","219.5000","6009515814038"
"TCCH40040-1","163","155.0000","6009515884635"
"TCCH40040-2","-13","177.5000","6009515820398"
"TCCH40075","165","267.5000","6009515814052"
"TCCK0100","1468","103.0000","6009515850333"
"TCCP016","136","123.0000","6009515815790"
"TCCP020","-12","177.0000","6009515815806"
"TCCP022","17","223.5000","6009515815813"
"TCCP025","86","257.0000","6009515815820"
"TCCP0254","151","262.0000","6009515815837"
"TCCP030","180","343.0000","6009515815844"
"TCCP032","144","450.5000","6009515815851"
"TCCP035","132","525.5000","6009515815868"
"TCCP038","201","567.0000","6009515815875"
"TCCP040","39","572.5000","6009515815967"
"TCCP050","2","726.5000","6009515815974"
"TCCP054","47","744.5000","6009515815981"
"TCCS0185","484","2056.5000","6009515883751"
"TCCS0185-SK01","49","69.0000","6009515888312"
"TCCS0185-SK02","20","21.0000","6009515888329"
"TCCS0185-SK03","19","164.5000","6009515888336"
"TCCS0185-SK04","32","331.5000","6009515888343"
"TCCS0185-SK05","30","55.2000","6009515888350"
"TCCS0185-SK06","27","660.5000","6009515888367"
"TCCS0185-SK07","20","48.8000","6009515888374"
"TCCS0185-SK08","22","31.8000","6009515888381"
"TCCS0185-SK09","30","502.0000","6009515888398"
"TCCS0185-SK10","14","429.5000","6009515888404"
"TCCS0185-SK11","22","233.5000","6009515888411"
"TCCS0185-SK12","22","90.8000","6009515888428"
"TCCS0185-SK13","32","34.6000","6009515888435"
"TCCS0185-SK14","70","38.8000","6009515888442"
"TCCS0185-SK15","20","297.5000","6009515888459"
"TCCS0355","119","3856.5000","6009515897932"
"TCCS0355-SK01","10","462.5000","6009515897567"
"TCCS0355-SK02","10","270.5000","6009515897574"
"TCCS0355-SK03","9","458.5000","6009515897581"
"TCCS0355-SK04","146","42.8000","6009515897598"
"TCCS0355-SK05","26","49.6000","6009515897604"
"TCCS0355-SK06","10","389.0000","6009515897611"
"TCCS0355-SK07","30","86.6000","6009515897628"
"TCCS0355-SK08","20","235.0000","6009515897635"
"TCCS0355-SK09","28","3455.5000","6009515897642"
"TCCS0355-SK10","19","22.8000","6009515897659"
"TCCS0355-SK11","18","101.0000","6009515897666"
"TCCS0355-SK12","20","21.0000","6009515897673"
"TCCS15014","632","135.0000","6009515809447"
"TCCS15014-1","3705","176.5000","6009515818463"
"TCCS15014-2","185","256.5000","6009515824266"
"TCCS15014-3","450","214.5000","6009515827106"
"TCCS15014-4","3612","171.0000","6009515828387"
"TCCS15014-5","2295","183.0000","6009515828394"
"TCCS15058","1259","195.0000","6009515824259"
"TCCT0620","379","332.0000","6009515878818"
"TCCT25100-100B","15511","11.6000","6009515898540"
"TCCT25100-100W","-222","11.6000","6009515898670"
"TCCT25100-300AS","469","37.8000","6009515902346"
"TCCT35150-100B","26018","27.4000","6009515898557"
"TCCT35150-100BL","5955","29.0000","6009515902339"
"TCCT35150-100G","3009","29.0000","6009515902308"
"TCCT35150-100R","892","29.0000","6009515902322"
"TCCT35150-100W","1510","27.4000","6009515898687"
"TCCT35150-100Y","1104","29.0000","6009515902315"
"TCCT35150-25B","2204","8.4000","6009515902353"
"TCCT48200-100B","14176","47.0000","6009515898564"
"TCCT48200-100BR","-10","29.0000","6009515913359"
"TCCT48200-100LBL","-15","29.0000","6009515913335"
"TCCT48200-100LG","-10","29.0000","6009515913311"
"TCCT48200-100O","-15","29.0000","6009515913380"
"TCCT48200-100PK","-3","29.0000","6009515913373"
"TCCT48200-100PU","-3","29.0000","6009515913366"
"TCCT48200-100R","-10","29.0000","6009515913342"
"TCCT48200-100W","3061","47.0000","6009515898694"
"TCCT48200-100Y","-10","29.0000","6009515913328"
"TCCT48200-50B","5011","24.6000","6009515898571"
"TCCT48200-50BR","0","29.0000","6009515913434"
"TCCT48200-50G","983","25.4000","6009515904913"
"TCCT48200-50LBL","0","29.0000","6009515913410"
"TCCT48200-50LG","-2","29.0000","6009515913397"
"TCCT48200-50O","0","29.0000","6009515913465"
"TCCT48200-50PK","-2","29.0000","6009515913458"
"TCCT48200-50PU","0","29.0000","6009515913441"
"TCCT48200-50W","395","24.6000","6009515898700"
"TCCT48200-50Y","538","25.4000","6009515904944"
"TCCT48300-100B","8242","73.2000","6009515898588"
"TCCT48300-100W","2998","73.2000","6009515898717"
"TCCT48300-10B","2382","9.9000","6009515898601"
"TCCT48300-10W","569","9.9000","6009515898731"
"TCCT48300-25B","1907","20.6000","6009515902360"
"TCCT48300-50B","1499","37.8000","6009515898595"
"TCCT48300-50W","852","37.8000","6009515898724"
"TCCT48400-100B","6280","103.0000","6009515898618"
"TCCT48400-100W","1341","103.0000","6009515898748"
"TCCT48400-10B","1009","13.4000","6009515898632"
"TCCT48400-10W","1077","13.4000","6009515898762"
"TCCT48400-50B","2898","53.0000","6009515898625"
"TCCT48400-50W","818","53.0000","6009515898755"
"TCCT48610-100B","0","177.0000","6009515913489"
"TCCT48610-100BL","0","176.5000","6009515913847"
"TCCT48610-100G","0","176.5000","6009515913854"
"TCCT48610-100O","0","176.5000","6009515913861"
"TCCT48610-100W","0","167.0000","6009515913472"
"TCCT48610-50B","0","91.0000","6009515913502"
"TCCT48610-50BL","0","89.0000","6009515913878"
"TCCT48610-50G","0","89.0000","6009515913885"
"TCCT48610-50O","0","89.0000","6009515913892"
"TCCT48610-50W","0","86.0000","6009515913496"
"TCCT76610-100B","0","320.5000","6009515913526"
"TCCT76610-100W","0","300.5000","6009515913519"
"TCCT76610-50B","-15","152.5000","6009515913540"
"TCCT76610-50W","-2","152.5000","6009515913533"
"TCCT78400-100B","9998","181.5000","6009515898649"
"TCCT78400-100W","1152","181.5000","6009515898779"
"TCCT78400-10B","5434","22.6000","6009515898663"
"TCCT78400-10G","560","24.2000","6009515903435"
"TCCT78400-10R","850","24.2000","6009515903428"
"TCCT78400-10W","554","22.6000","6009515898793"
"TCCT78400-10Y","880","24.2000","6009515903442"
"TCCT78400-25B","3309","48.8000","6009515902377"
"TCCT78400-50B","13955","93.0000","6009515898656"
"TCCT78400-50W","1037","93.0000","6009515898786"
"TCCT88610-50B","460","188.5000","6009515907006"
"TCCT88610-50W","676","188.5000","6009515906993"
"TCCTC001","0","2743.5000","6009515912468"
"TCCTH001","1677","82.4000","6009515907167"
"TCCTH002","-1","133.0000","6009515913922"
"TCCTH003","0","140.5000","6009515913939"
"TCCTH1043-100B","0","77.8000","6009515913632"
"TCCTH1043-25B","0","20.6000","6009515913649"
"TCCTH1212-100B","0","41.2000","6009515913557"
"TCCTH1212-25B","0","13.0000","6009515913564"
"TCCTH1919-100B","0","58.6000","6009515913571"
"TCCTH1919-25B","-4","18.1000","6009515913588"
"TCCTH2828-100B","0","107.0000","6009515913595"
"TCCTH2828-25B","0","32.4000","6009515913601"
"TCCTH4040-100B","0","228.0000","6009515913618"
"TCCTH4040-25B","0","67.0000","6009515913625"
"TCCTM25110-50B","0","18.1000","6009515913700"
"TCCTM25110-50BL","0","18.9000","6009515913694"
"TCCTM25110-50GR","0","18.9000","6009515913687"
"TCCTM25110-50O","0","18.9000","6009515913670"
"TCCTM25110-50R","0","18.9000","6009515913663"
"TCCTM25110-50W","0","18.1000","6009515913656"
"TCCTM25110-50Y","0","18.9000","6009515913717"
"TCCTM48300-50W","0","21.0000","6009515913724"
"TCCTS46100-100N","-1","111.5000","6009515912185"
"TCCTS46100-50N","0","56.2000","6009515912178"
"TCCTS46150-100N","0","125.5000","6009515912208"
"TCCTS46150-50N","0","63.8000","6009515912192"
"TCCTS46200-100N","0","139.5000","6009515912222"
"TCCTS46200-50N","-1","71.0000","6009515912215"
"TCCTS46250-100N","0","154.0000","6009515912246"
"TCCTS46250-50N","-1","77.8000","6009515912239"
"TCCTS46300-100N","0","168.0000","6009515912260"
"TCCTS46300-50N","-1","85.0000","6009515912253"
"TCCTS46350-100N","-1","183.5000","6009515912284"
"TCCTS46350-50N","0","93.2000","6009515912277"
"TCCTS46400-100N","-1","197.5000","6009515912307"
"TCCTS46400-50N","0","100.0000","6009515912291"
"TCCTS46450-50N","0","111.0000","6009515912314"
"TCCTS46500-50N","0","118.5000","6009515912321"
"TCCTS46600-50N","0","136.0000","6009515912338"
"TCCTS79200-100N","-1","219.0000","6009515912871"
"TCCTS79200-50N","0","111.0000","6009515912345"
"TCCTS79250-100N","0","242.5000","6009515912369"
"TCCTS79250-50N","0","123.5000","6009515912352"
"TCCTS79300-100N","0","266.5000","6009515912383"
"TCCTS79300-50N","0","135.5000","6009515912376"
"TCCTS79350-100N","0","290.5000","6009515912406"
"TCCTS79350-50N","0","148.0000","6009515912390"
"TCCTS79400-100N","-1","314.0000","6009515912420"
"TCCTS79400-50N","0","159.5000","6009515912413"
"TCCTS79450-50N","0","175.0000","6009515912437"
"TCCTS79500-50N","0","187.5000","6009515912444"
"TCCTS79600-50N","0","214.5000","6009515912451"
"TCCTT42200-50B","0","128.5000","6009515913731"
"TCCTT42280-50B","0","138.5000","6009515913748"
"TCCW20100-2","143","78.2000","6009515906832"
"TCCW20115-1","1757","391.0000","6009515819750"
"TCCW20115-2","432","479.0000","6009515819767"
"TCCW20115-3","1143","510.0000","6009515819774"
"TCCW20115-4","208","729.0000","6009515819781"
"TCCW20115-5","71","166.0000","6009515906887"
"TCCW20115-6","616","109.5000","6009515906894"
"TCCW20125-1","499","520.5000","6009515912116"
"TCCW20180-5","410","624.5000","6009515906863"
"TCCW40100-1","831","218.0000","6009515837389"
"TCCW40100-3","295","92.8000","6009515906849"
"TCCW40115-1","1350","453.5000","6009515819798"
"TCCW40115-2","176","583.0000","6009515819804"
"TCCW40115-3","797","506.0000","6009515819811"
"TCCW40115-4","19","787.5000","6009515819828"
"TCCW40115-5","676","182.5000","6009515906856"
"TCCW40125-1","500","624.5000","6009515912109"
"TCCW40180-1","545","1041.5000","6009515819835"
"TCCW40180-2","225","1095.0000","6009515819842"
"TCCW40180-3","603","1146.0000","6009515819859"
"TCCW40180-4","180","1199.0000","6009515819866"
"TCCW40180-5","367","406.0000","6009515906870"
"TCD12516-16","999","86.0000","6009675084340"
"TCD12516-20","999","86.0000","6009675080946"
"TCD13016","129","87.2000","6009675080953"
"TCD13030","148","108.5000","6009675080960"
"TCD14016","226","97.2000","6009675080977"
"TCD14030","555","115.0000","6009675080984"
"TCD15024","268","107.0000","6009675080991"
"TCD15040","142","124.5000","6009675080014"
"TCD16020","553","118.0000","6009515805715"
"TCD16030","241","123.0000","6009675081004"
"TCD16040","1225","136.0000","6009675081905"
"TCD16060","582","162.5000","6009675082216"
"TCD16524-20","113","121.0000","6009515807047"
"TCD16540-20","414","128.5000","6009515807054"
"TCD17024","156","117.5000","6009515801748"
"TCD17040","149","132.0000","6009515801755"
"TCD17060","138","156.0000","6009515805739"
"TCD18024","245","122.0000","6009675081011"
"TCD18040","437","133.5000","6009675083503"
"TCD18060","145","142.0000","6009515823429"
"TCD18060-30","195","142.0000","6009515823436"
"TCD18524","925","124.5000","6009675081028"
"TCD18524-30","753","124.5000","6009515807665"
"TCD18540-16","337","135.0000","6009675081035"
"TCD18540-20","579","135.0000","6009675080021"
"TCD18540-30","1047","135.0000","6009515807672"
"TCD18560","1882","161.5000","6009675080038"
"TCD18560-16","251","161.5000","6009675086931"
"TCD19040-16","47","157.5000","6009675084548"
"TCD19040-30","216","162.0000","6009675084555"
"TCD19060","359","197.0000","6009675082315"
"TCD19072","104","228.0000","6009675082926"
"TCD20024","186","179.5000","6009675081042"
"TCD21024-16","44","183.5000","6009675085835"
"TCD21024-30","64","202.0000","6009675085842"
"TCD21040","142","206.0000","6009675081059"
"TCD21040-16","114","206.0000","6009675085828"
"TCD21060","459","248.5000","6009675081066"
"TCD23024","1159","210.5000","6009675081301"
"TCD23024-16","315","200.5000","6009675085859"
"TCD23040","904","241.5000","6009675080045"
"TCD23060","654","277.5000","6009675081936"
"TCD23524-16","7","218.5000","6009675085866"
"TCD23524-30","-13","218.5000","6009515807061"
"TCD23540-16","89","268.0000","6009675085873"
"TCD23540-30","299","268.0000","6009515807078"
"TCD25024","259","211.0000","6009675081929"
"TCD25040-16","77","255.5000","6009675082247"
"TCD25040-30","678","255.5000","6009675080052"
"TCD25080","386","348.0000","6009675083510"
"TCDB10076","845","73.0000","6009515910648"
"TCDB10085","139","70.4000","6009515877767"
"TCDB10115","5927","61.8000","6009675081226"
"TCDB10115-3P","153","167.5000","6009515881313"
"TCDB10300","231","1145.5000","6009675081264"
"TCDB11018-2","141","242.5000","6009675088119"
"TCDB1110180","43","242.5000","6009675084012"
"TCDB1110200","41","267.0000","6009515805470"
"TCDB1110230","392","260.0000","6009675084029"
"TCDB1110230-2","66","267.0000","6009675084036"
"TCDB1110230-3","70","388.0000","6009515803346"
"TCDB1210115","169","165.5000","6009675084074"
"TCDB1210350A","49","1607.0000","6009675086061"
"TCDB1220115","11","173.5000","6009675084081"
"TCDB1220230","100","623.5000","6009675084098"
"TCDB1230115","33","199.5000","6009675084104"
"TCDB1240115","431","335.5000","6009515901349"
"TCDB1420115","82","452.5000","6009675084111"
"TCDB1420230","35","1054.5000","6009675084128"
"TCDB1430115","57","303.0000","6009675084135"
"TCDB1811504","1284","180.0000","6009515860240"
"TCDB20076","886","76.4000","6009515910624"
"TCDB20085","186","65.8000","6009515877750"
"TCDB20115","5348","65.8000","6009675081233"
"TCDB20115-3","14","115.5000","6009515812584"
"TCDB20115-3P","997","185.5000","6009515881306"
"TCDB20115-5P","256","300.0000","6009515839871"
"TCDB20125","650","97.8000","6009675087891"
"TCDB20180","-43","228.5000","6009675086993"
"TCDB20230","8083","237.5000","6009675081240"
"TCDB20230-25B","156","4636.0000","6009515895822"
"TCDB20230-3P","154","675.0000","6009675084043"
"TCDB20230-4","420","320.5000","6009515812591"
"TCDB20230-5P","181","1098.0000","6009515839888"
"TCDB20300-1","21","1159.0000","6009515819675"
"TCDB20300-10","29","1440.0000","6009515820138"
"TCDB20300-11","40","1158.5000","6009515820145"
"TCDB20300-12","13","1065.5000","6009515820152"
"TCDB20300-14","19","3215.5000","6009515820169"
"TCDB20300-15","72","2503.5000","6009515820176"
"TCDB20300-16","44","1685.0000","6009515820183"
"TCDB20300-2","16","1565.5000","6009515819682"
"TCDB20350-1","159","1246.0000","6009515819699"
"TCDB20350-2","78","2097.5000","6009515819729"
"TCDB20350-20","5","2941.0000","6009515820190"
"TCDB20350-21","44","2942.5000","6009515820206"
"TCDB20350-22","15","2628.5000","6009515820213"
"TCDB20350-3","69","1534.5000","6009515819712"
"TCDB20350-4","50","3075.5000","6009515819705"
"TCDB20350-5","90","1604.5000","6009515819736"
"TCDB20350-6","108","2070.0000","6009515819743"
"TCDB30115","1322","96.4000","6009515812546"
"TCDB30230","945","319.5000","6009515812553"
"TCDB40076","908","124.0000","6009515910631"
"TCDB40115","1045","78.4000","6009515803810"
"TCDB40180","216","228.5000","6009515806323"
"TCDB40180-2","61","242.5000","6009515806330"
"TCDB40200","154","285.5000","6009515805838"
"TCDB40230","110","328.5000","6009675081257"
"TCDB430125","196","96.2000","6009515802851"
"TCDB430230","214","1074.0000","6009515802868"
"TCDB50115","1422","76.2000","6009515812560"
"TCDB50230","139","307.0000","6009515803353"
"TCDB50230-2","1829","285.5000","6009515812577"
"TCDB70115","327","241.5000","6009675088126"
"TCDB70115-1","219","271.5000","6009515858766"
"TCDB70230","143","629.5000","6009675088133"
"TCDB70230-1","77","801.5000","6009515858773"
"TCDB70300","79","1289.0000","6009675088140"
"TCDB70350","119","1432.5000","6009515824914"
"TCDB80115","615","222.0000","6009515900625"
"TCDK009","1964","286.0000","6009515800581"
"TCDK17","372","327.5000","6009515807030"
"TCDK6","116","210.5000","6009600404175"
"TCDM0035PM-SK22","4","616.5000","6009515880408.00"
"TCDM0035PM-SK23","4","464.0000","6009515880415.00"
"TCDM0035PM-SK24","5","136.0000","6009515880422.00"
"TCDM0035PM-SK25","5","236.0000","6009515880439.00"
"TCDM0035PM-SK26","5","278.5000","6009515880446.00"
"TCDM0035PM-SK27","5","170.5000","6009515880453.00"
"TCDMD001","124","1236.5000","6009515858087"
"TCDP001","471","21.0000","6009515800611"
"TCDP10007","244","825.5000","6009515818975"
"TCDP10050","274","124.5000","6009515824334"
"TCDP10150","610","122.0000","6009515824341"
"TCDP10300","407","124.5000","6009515824358"
"TCDP10500","367","124.5000","6009515824365"
"TCDP11000","443","124.5000","6009515824372"
"TCDP12000","173","124.5000","6009515824389"
"TCDP13000","231","124.5000","6009515824396"
"TCDP20007","276","1700.5000","6009515863562"
"TCDP20050","62","239.0000","6009515863579"
"TCDP20100","74","239.0000","6009515871154"
"TCDP20150","71","239.0000","6009515863586"
"TCDP20300","108","239.0000","6009515863593"
"TCDP20500","78","239.0000","6009515863609"
"TCDP21000","110","239.0000","6009515863616"
"TCDP22000","127","239.0000","6009515863623"
"TCDP23000","178","239.0000","6009515863630"
"TCDS","732","236.5000","6009600404168"
"TCDS002","220","109.5000","6009515843953"
"TCDS0025","1101","71.6000","6009515858070"
"TCDS25","178","60.8000","6009515802615"
"TCDS25080","241","49.6000","6009515802639"
"TCDS25120","235","49.6000","6009515802646"
"TCDS25180","186","49.6000","6009515802677"
"TCDS35","232","63.4000","6009515802622"
"TCDS35080","147","86.6000","6009515802653"
"TCDS35120","98","86.6000","6009515802660"
"TCDS35180","91","86.6000","6009515802684"
"TCDT008-01","184","564.0000","6009515848279"
"TCDT008-02","88","230.0000","6009515848286"
"TCDT010-01","287","581.0000","6009515848293"
"TCDT010-02","85","260.5000","6009515848309"
"TCDT012-01","676","593.5000","6009515848316"
"TCDT012-02","902","277.0000","6009515848323"
"TCE18548","17","500.5000","6009675084593"
"TCE23024-30","11","959.0000","6009675086955"
"TCEB10006","-1","245.5000","6009515910235"
"TCEB8706","-1","199.0000","6009515913090"
"TCEP1000","510","747.0000","6009515844646"
"TCEP2000","610","788.5000","6009515857318"
"TCEP3000","1305","154.2000","6009515871925"
"TCEPD500","121","2163.5000","6009515855673"
"TCEPD500-01","58","1513.0000","6009515855680"
"TCET0035","335","437.0000","6009515883768"
"TCET0035-01","30","230.0000","6009515887575"
"TCFA02001","90","517.5000","6009515871086"
"TCFA02002","128","517.5000","6009515871093"
"TCFA02003","85","517.5000","6009515871109"
"TCFA02010","218","79.2000","6009515871116"
"TCFA0205","128","284.0000","6009515827045"
"TCFA02060","13","127.0000","6009515871055"
"TCFA0207","165","277.5000","6009515827069"
"TCFA02120","177","127.0000","6009515871062"
"TCFA02180","60","127.0000","6009515871079"
"TCFA02320","52","127.0000","6009515866174"
"TCFA02600","97","127.0000","6009515866181"
"TCFA0307","60","430.5000","6009515827052"
"TCFA0702B","1363","169.0000","6009675111152"
"TCFA0702B-1","-176","169.0000","6009515877316"
"TCFA0702C","2319","107.0000","6009675084463"
"TCFA0702C-1","768","107.0000","6009515880590"
"TCFA0703B","451","138.0000","6009515809898"
"TCFA0703C","654","202.0000","6009675084494"
"TCFA0706","807","200.0000","6009675084470"
"TCFA0707","92","216.0000","6009675084487"
"TCFB10","267","88.6000","6009600404205"
"TCFB12","80","95.6000","6009675084807"
"TCFB15","267","101.5000","6009515837723"
"TCFB16","673","88.6000","6009675084814"
"TCFB19","433","100.0000","6009675084821"
"TCFB20","701","103.5000","6009675084838"
"TCFB22","457","108.0000","6009600404212"
"TCFB25","871","118.0000","6009675084845"
"TCFB30","439","129.0000","6009675084852"
"TCFB35","1376","152.0000","6009675084869"
"TCFB38","334","185.5000","6009515802219"
"TCFB40","658","207.5000","6009675084876"
"TCFB45","159","222.0000","6009600404229"
"TCFB50","287","257.0000","6009675084883"
"TCFB54","188","302.0000","6009515857608"
"TCFD115-120","30655","24.0000","6009515801670"
"TCFD115-120-5","2805","95.4000","6009515870096"
"TCFD115-120R","4052","49.4000","6009515902964"
"TCFD115-2-120","3053","26.2000","6009515801687"
"TCFD115-2-40","4415","26.2000","6009675088157"
"TCFD115-2-60","1466","26.2000","6009675088164"
"TCFD115-2-80","5135","26.2000","6009675088171"
"TCFD115-3-120","9880","33.8000","6009515801731"
"TCFD115-3-120R","1270","68.8000","6009515863449"
"TCFD115-3-40","9147","33.8000","6009515801700"
"TCFD115-3-40R","1337","68.8000","6009515863456"
"TCFD115-3-60","19533","33.8000","6009515801717"
"TCFD115-3-60R","1435","68.8000","6009515863463"
"TCFD115-3-80","6559","33.8000","6009515801724"
"TCFD115-3-80R","866","68.8000","6009515863470"
"TCFD115-4-120","3656","33.8000","6009515851682"
"TCFD115-4-40","7515","33.8000","6009515801540"
"TCFD115-4-60","6668","33.8000","6009515801557"
"TCFD115-4-80","11568","33.8000","6009515801564"
"TCFD115-40","35831","24.0000","6009600404502"
"TCFD115-40-5","2111","95.4000","6009515870065"
"TCFD115-40R","889","49.4000","6009515902933"
"TCFD115-60","39511","24.0000","6009600404519"
"TCFD115-60-5","3813","95.4000","6009515870072"
"TCFD115-60R","574","49.4000","6009515902940"
"TCFD115-80","51469","24.0000","6009600404540"
"TCFD115-80-5","4280","95.4000","6009515870089"
"TCFD115-80R","596","49.4000","6009515902957"
"TCFD125-120","1973","25.6000","6009515910280"
"TCFD125-3-120","1973","38.6000","6009515910327"
"TCFD125-3-40","1972","38.6000","6009515910297"
"TCFD125-3-60","1873","38.6000","6009515910303"
"TCFD125-3-80","1923","38.6000","6009515910310"
"TCFD125-40","1702","25.6000","6009515910259"
"TCFD125-60","1943","25.6000","6009515910266"
"TCFD125-80","1944","25.6000","6009515910273"
"TCFD180-2-40","9431","78.8000","6009675088188"
"TCFD180-2-80","452","78.8000","6009675088195"
"TCFD180-4-40","576","90.4000","6009515801571"
"TCFD180-4-60","1776","90.4000","6009515801588"
"TCFD180-4-80","673","90.4000","6009515801595"
"TCFD230-120","596","146.5000","6009515857226"
"TCFD230-40","652","146.5000","6009515857196"
"TCFD230-60","374","146.5000","6009515857202"
"TCFD230-80","-100","146.5000","6009515857219"
"TCFG0705","57","380.0000","6009515858681"
"TCFL100","68","665.5000","6009515844677"
"TCFL150","0","265.5000","6009515869991"
"TCFL200","94","799.0000","6009515844684"
"TCFL2020","8","1065.5000","6009515859282"
"TCFL2030","28","1332.5000","6009515859299"
"TCFL300","1220","93.8000","6009515858230"
"TCFL3010","3271","113.0000","6009515858247"
"TCFLTB060","0","49.9100","6009515915353"
"TCFN1001","1051","149.5000","6009515901271"
"TCFN1002","1075","292.0000","6009515901288"
"TCFS200","848","99.4000","6009515803124"
"TCGC001","4036","81.2000","6009515840594"
"TCGD03","-94","55.2000","6009675084678"
"TCGD04","735","57.2000","6009675084685"
"TCGD05","3835","61.8000","6009675084692"
"TCGD06","1449","65.2000","6009675084708"
"TCGD08","-430","68.4000","6009675084715"
"TCGD10","-392","73.0000","6009675084722"
"TCGD12","1156","81.0000","6009675084739"
"TCGD5PC","1422","263.5000","6009515827533"
"TCGDI003","263","66.4000","6009515907211"
"TCGDI004","189","73.0000","6009515907228"
"TCGDI005","1050","84.2000","6009515907235"
"TCGDI006","645","101.5000","6009515907242"
"TCGDI008","756","118.0000","6009515907259"
"TCGDI010","73","135.0000","6009515907266"
"TCGDI012","191","152.0000","6009515907273"
"TCGDI5PC","221","447.5000","6009515907204"
"TCGDX003","271","61.8000","6009515842338"
"TCGDX004","585","69.8000","6009515842345"
"TCGDX005","-41","79.8000","6009515842352"
"TCGDX006","-1853","95.6000","6009515842369"
"TCGDX008","1003","107.0000","6009515842376"
"TCGDX010","1018","129.0000","6009515863852"
"TCGDX012","939","145.0000","6009515863869"
"TCGDX4PC","510","335.5000","6009515842383"
"TCGG02000","495","152.5000","6009515841263"
"TCGG04002","126","52.8000","6009515841331"
"TCGG04004","197","64.8000","6009515841348"
"TCGG05001","572","111.5000","6009515868994"
"TCGG05002","-52","191.0000","6009515869007"
"TCGG05004","732","207.5000","6009515869021"
"TCGR100-1","189","181.0000","6009515819880"
"TCGR100-2","147","193.5000","6009515819897"
"TCGR110-1","0","148.5000","6009515819903"
"TCGR125-1","53","98.4000","6009515883782"
"TCGR125-2","85","122.5000","6009515883799"
"TCGR125-3","108","108.5000","6009515883805"
"TCGR125-4","44","98.4000","6009515883812"
"TCGR125-5","88","122.5000","6009515883829"
"TCGR125-6","73","108.5000","6009515883836"
"TCGR150-1","109","150.0000","6009515816162"
"TCGR150-10","344","150.0000","6009515833930"
"TCGR150-11","118","150.0000","6009515833947"
"TCGR150-12","184","150.0000","6009515834944"
"TCGR150-2","238","150.0000","6009515816179"
"TCGR150-3","350","150.0000","6009515830298"
"TCGR150-4","345","150.0000","6009515830304"
"TCGR150-5","37","150.0000","6009515830311"
"TCGR150-6","201","150.0000","6009515830328"
"TCGR150-7","152","150.0000","6009515833909"
"TCGR150-8","142","150.0000","6009515833916"
"TCGR150-9","184","150.0000","6009515833923"
"TCGR200-1","326","268.5000","6009515816186"
"TCGR200-2","336","268.5000","6009515816193"
"TCGR200-3","100","268.5000","6009515830250"
"TCGR200-4","176","268.5000","6009515830267"
"TCGR200-5","226","268.5000","6009515830274"
"TCGR200-6","50","268.5000","6009515830281"
"TCGR250-1","35","407.0000","6009515883850"
"TCGR250-2","146","939.0000","6009515883867"
"TCGR250-3","184","469.0000","6009515883874"
"TCGR250-4","108","407.0000","6009515883881"
"TCGR250-5","175","939.0000","6009515883898"
"TCGR250-6","180","469.0000","6009515883904"
"TCGS07200-01","1083","31.4000","6009515862787"
"TCGS07200-02","171","218.0000","6009515862763"
"TCGS07300-01","1672","43.8000","6009515862770"
"TCGS07300-02","1100","248.0000","6009515862756"
"TCGS11200-01","939","61.2000","6009515862749"
"TCGS11200-02","760","248.0000","6009515862725"
"TCGS11300-01","1215","87.4000","6009515862732"
"TCGS11300-02","1198","232.0000","6009515862718"
"TCHB35-2","410","358.0000","6009515803384"
"TCHB35T","4609","156.0000","6009675085187"
"TCHF1001","-40","263.0000","6009515902285"
"TCHF1001-1","-8","166.5000","6009515912154"
"TCHF1001-2","-3","166.5000","6009515912161"
"TCHF1002","128","56.2000","6009515902216"
"TCHF1003","-2","43.8000","6009515902223"
"TCHF1004","371","60.6000","6009515902230"
"TCHF1005","666","49.2000","6009515902247"
"TCHF1006","740","50.0000","6009515902254"
"TCHF2001","896","51.8000","6009515902261"
"TCHF2002","869","53.6000","6009515902278"
"TCHF3001","571","90.8000","6009515906825"
"TCHP009","-38","189.5000","6009515858841"
"TCHR012","321","118.0000","6009515800628"
"TCHR019","84","144.0000","6009515800635"
"TCHR1020","0","2709.8400","6009515914080"
"TCHR1020-SK02","0","32.2000","6009515914103"
"TCHR1020-SK03","0","88.5500","6009515914110"
"TCHR1020-SK04","0","164.2200","6009515914127"
"TCHR1020-SK05","0","50.0000","6009515914219"
"TCHS001","1166","219.5000","6009515855079"
"TCHS002","5158","180.5000","6009515855086"
"TCHS003","1380","54.8000","6009515855642"
"TCHS004","4890","221.0000","6009515870119"
"TCHS005","630","104.5000","6009515900731"
"TCHSK006","780","524.0000","6009515841003"
"TCHSK013","3840","245.5000","6009515800598"
"TCHSK015","3553","280.5000","6009515800604"
"TCHSK09E","65","950.0000","6009515806873"
"TCHSK09E-1","189","1105.0000","6009515808693"
"TCHSK09P","297","807.5000","6009515806866"
"TCHSK13J","280","1321.5000","6009515806880"
"TCIAD143812","714","126.5000","6009515894818"
"TCIBH54B","648","53.2000","6009515904005"
"TCIBH54C","2490","56.8000","6009515867393"
"TCIBH75B","1232","65.0000","6009515904012"
"TCIBH75C","2646","69.8000","6009515867409"
"TCIBS010","892","173.5000","6009515907129"
"TCIBS018","877","589.0000","6009515907136"
"TCIBS041","827","492.5000","6009515907143"
"TCID0805-SK13","0","1353.5000","6009515882471"
"TCID0850","129","1269.5000","6009515880637"
"TCID0850-SK01","0","70.0000","6009515882358"
"TCID0850-SK02","38","124.0000","6009515882365"
"TCID0850-SK03","50","35.8000","6009515882372"
"TCID0850-SK04","43","371.5000","6009515882389"
"TCID0850-SK05","62","234.0000","6009515882396"
"TCID0850-SK06","49","15.0000","6009515882402"
"TCID0850-SK07","170","20.8000","6009515882419"
"TCID0850-SK08","37","12.5000","6009515882426"
"TCID0850-SK09","39","164.0000","6009515882433"
"TCID0850-SK10","39","88.2000","6009515882440"
"TCID0850-SK11","50","166.5000","6009515882457"
"TCID0850-SK12","0","93.8000","6009515882464"
"TCID1100","345","1609.5000","6009515880644"
"TCID1100-SK01","41","126.5000","6009515882488"
"TCID1100-SK02","13","121.5000","6009515882495"
"TCID1100-SK03","46","16.3000","6009515882501"
"TCID1100-SK04","33","244.0000","6009515882518"
"TCID1100-SK05","61","72.6000","6009515882525"
"TCID1100-SK06","41","122.5000","6009515882532"
"TCID1100-SK07","29","366.5000","6009515882549"
"TCID1100-SK08","40","300.0000","6009515882556"
"TCID1100-SK09","12","33.8000","6009515882563"
"TCID1100-SK10","252","13.8000","6009515882570"
"TCID1100-SK11","38","150.0000","6009515882587"
"TCID1100-SK12","55","130.0000","6009515882594"
"TCID1100-SK13","50","88.8000","6009515882600"
"TCID1100-SK14","49","105.0000","6009515882617"
"TCID1100-SK15","0","1799.5000","6009515882624"
"TCIM20008","113","65.6000","6009515837983"
"TCIM20009","41","65.6000","6009515837990"
"TCIM20010","130","65.6000","6009515838003"
"TCIM20011","278","65.6000","6009515838010"
"TCIM20012","139","65.6000","6009515838027"
"TCIM20013","116","65.6000","6009515838034"
"TCIM20014","216","65.6000","6009515838041"
"TCIM20015","193","70.2000","6009515838058"
"TCIM20016","178","72.4000","6009515838065"
"TCIM20017","-19","74.4000","6009515838072"
"TCIM20018","101","80.6000","6009515838089"
"TCIM20019","153","80.6000","6009515838096"
"TCIM20020","188","88.2000","6009515838102"
"TCIM20021","43","88.2000","6009515838119"
"TCIM20022","62","101.0000","6009515838126"
"TCIM20023","39","113.5000","6009515838133"
"TCIM20024","222","113.5000","6009515838140"
"TCIM20025","49","121.0000","6009515838157"
"TCIM20026","47","121.0000","6009515838164"
"TCIM20027","41","136.0000","6009515838171"
"TCIM20028","56","143.5000","6009515838188"
"TCIM20029","65","148.5000","6009515838195"
"TCIM20030","96","156.5000","6009515838201"
"TCIM20031","50","174.0000","6009515838218"
"TCIM20032","37","174.0000","6009515838225"
"TCIM21010","177","151.0000","6009515838232"
"TCIM21011","58","151.0000","6009515838249"
"TCIM21012","128","151.0000","6009515838256"
"TCIM21013","287","151.0000","6009515838263"
"TCIM21014","-56","151.0000","6009515838270"
"TCIM21015","78","151.0000","6009515838287"
"TCIM21016","132","151.0000","6009515838294"
"TCIM21017","297","151.0000","6009515838300"
"TCIM21018","88","164.0000","6009515838317"
"TCIM21019","131","171.5000","6009515838324"
"TCIM21020","59","176.5000","6009515838331"
"TCIM21021","79","176.5000","6009515838348"
"TCIM21022","12","214.0000","6009515838355"
"TCIM21023","52","221.5000","6009515838362"
"TCIM21024","52","221.5000","6009515838379"
"TCIM21025","69","236.5000","6009515838386"
"TCIM21026","83","247.0000","6009515838393"
"TCIM21027","156","252.0000","6009515838409"
"TCIM21028","50","259.5000","6009515838416"
"TCIM21029","54","269.5000","6009515838423"
"TCIM21030","94","322.5000","6009515838430"
"TCIM21032","64","337.5000","6009515838447"
"TCIM22004","48","123.5000","6009515834753"
"TCIM22005","16","123.5000","6009515834760"
"TCIM22006","3","123.5000","6009515834777"
"TCIM22007","53","123.5000","6009515834784"
"TCIM22008","2","123.5000","6009515834791"
"TCIM22010","23","123.5000","6009515834807"
"TCIM22012","14","131.0000","6009515834814"
"TCIM22014","62","131.0000","6009515834821"
"TCIM22017","54","143.5000","6009515834838"
"TCIM22019","70","148.5000","6009515834845"
"TCIM29010","136","976.0000","6009515839932"
"TCIM29015","30","2181.0000","6009515839949"
"TCIM30017","12","252.0000","6009515838454"
"TCIM30018","17","252.0000","6009515838461"
"TCIM30019","39","252.0000","6009515838478"
"TCIM30020","27","264.5000","6009515838485"
"TCIM30021","-5","264.5000","6009515838492"
"TCIM30022","61","264.5000","6009515838508"
"TCIM30023","81","264.5000","6009515838515"
"TCIM30024","9","264.5000","6009515838522"
"TCIM30025","39","264.5000","6009515838539"
"TCIM30026","30","264.5000","6009515838546"
"TCIM30027","25","264.5000","6009515838553"
"TCIM30028","17","282.0000","6009515838560"
"TCIM30029","7","304.5000","6009515838577"
"TCIM30030","78","312.0000","6009515838584"
"TCIM30031","19","322.5000","6009515838591"
"TCIM30032","53","330.0000","6009515838607"
"TCIM30033","7","370.0000","6009515838614"
"TCIM30034","38","380.0000","6009515838621"
"TCIM30035","25","375.0000","6009515838638"
"TCIM30036","0","272.0000","6009515838645"
"TCIM30037","41","279.5000","6009515838652"
"TCIM30038","7","395.0000","6009515838669"
"TCIM30039","25","425.5000","6009515838676"
"TCIM30040","46","433.0000","6009515838683"
"TCIM30041","42","448.0000","6009515838690"
"TCIM30042","33","480.5000","6009515838706"
"TCIM30043","25","501.0000","6009515838713"
"TCIM30044","25","503.5000","6009515838720"
"TCIM30045","29","533.5000","6009515838737"
"TCIM30046","13","528.5000","6009515838744"
"TCIM30047","24","558.5000","6009515838751"
"TCIM30048","26","604.0000","6009515838768"
"TCIM30049","3","614.0000","6009515838775"
"TCIM30050","15","682.0000","6009515838782"
"TCIM30051","32","739.5000","6009515838799"
"TCIM30052","14","760.0000","6009515838805"
"TCIM30053","11","775.0000","6009515838812"
"TCIM30054","4","807.5000","6009515838829"
"TCIM30055","24","835.5000","6009515838836"
"TCIM30056","-11","911.0000","6009515838843"
"TCIM30057","25","936.0000","6009515838850"
"TCIM30058","20","953.5000","6009515838867"
"TCIM30059","19","983.5000","6009515838874"
"TCIM30065","1","1185.0000","6009515838881"
"TCIM30070","15","1471.5000","6009515838898"
"TCIM31017","13","370.0000","6009515833954"
"TCIM31018","3","370.0000","6009515833961"
"TCIM31019","9","355.0000","6009515833978"
"TCIM31020","21","370.0000","6009515833985"
"TCIM31021","10","372.5000","6009515833992"
"TCIM31022","22","372.5000","6009515834005"
"TCIM31023","20","372.5000","6009515834012"
"TCIM31024","7","372.5000","6009515834029"
"TCIM31025","19","365.0000","6009515834036"
"TCIM31026","9","357.5000","6009515834043"
"TCIM31027","64","355.0000","6009515834050"
"TCIM31028","51","397.5000","6009515834067"
"TCIM31029","51","438.0000","6009515834074"
"TCIM31030","-11","438.0000","6009515834081"
"TCIM31031","3","438.0000","6009515834098"
"TCIM31032","8","438.0000","6009515834104"
"TCIM31033","11","475.5000","6009515834111"
"TCIM31034","29","493.5000","6009515834128"
"TCIM31035","15","495.5000","6009515834135"
"TCIM31036","125","498.5000","6009515834142"
"TCIM31037","9","506.0000","6009515834159"
"TCIM31038","-1","506.0000","6009515834166"
"TCIM31039","7","538.5000","6009515834173"
"TCIM31040","3","553.5000","6009515834180"
"TCIM31041","-7","604.0000","6009515834197"
"TCIM31042","40","621.5000","6009515834203"
"TCIM31043","37","624.0000","6009515834210"
"TCIM31044","24","644.0000","6009515834227"
"TCIM31045","13","677.0000","6009515834234"
"TCIM31046","13","677.0000","6009515834241"
"TCIM31047","26","719.5000","6009515834258"
"TCIM31048","14","719.5000","6009515834265"
"TCIM31049","7","724.5000","6009515834272"
"TCIM31050","27","777.5000","6009515834289"
"TCIM31051","18","928.5000","6009515834296"
"TCIM31052","9","936.0000","6009515834302"
"TCIM31054","-1","953.5000","6009515834319"
"TCIM31055","5","963.5000","6009515834326"
"TCIM32017","1","566.5000","6009515834852"
"TCIM32019","45","566.5000","6009515834869"
"TCIM32021","4","566.5000","6009515834876"
"TCIM32022","-3","566.5000","6009515834883"
"TCIM32024","22","566.5000","6009515834890"
"TCIM34017","13","257.0000","6009515834906"
"TCIM34019","29","267.0000","6009515834913"
"TCIM34020","7","279.5000","6009515834920"
"TCIM34021","0","279.5000","6009515834937"
"TCIM35017","11","428.0000","6009515839895"
"TCIM35019","4","435.5000","6009515839901"
"TCIM35020","117","438.0000","6009515839918"
"TCIM35021","92","440.5000","6009515839925"
"TCIM50019","14","397.5000","6009515834333"
"TCIM50020","11","397.5000","6009515834340"
"TCIM50021","1","397.5000","6009515834357"
"TCIM50022","0","397.5000","6009515834364"
"TCIM50024","13","397.5000","6009515834371"
"TCIM50027","10","397.5000","6009515834388"
"TCIM50030","23","410.5000","6009515834395"
"TCIM50032","7","397.5000","6009515834401"
"TCIM50035","10","405.0000","6009515834418"
"TCIM50036","12","491.0000","6009515834425"
"TCIM50038","24","526.0000","6009515834432"
"TCIM50040","22","584.5000","6009515834449"
"TCIM50042","2","583.5000","6009515834456"
"TCIM50044","13","599.0000","6009515834463"
"TCIM50045","8","601.5000","6009515834470"
"TCIM50050","-2","732.0000","6009515834487"
"TCIM50052","8","818.0000","6009515834494"
"TCIM50054","21","913.5000","6009515834500"
"TCIM50055","-3","961.0000","6009515834517"
"TCIM50060","-4","1144.5000","6009515834524"
"TCIM50065","9","1330.5000","6009515834531"
"TCIM50070","12","1600.0000","6009515834548"
"TCIM50075","10","2105.5000","6009515834555"
"TCIM51030","28","579.0000","6009515840235"
"TCIM51032","28","598.0000","6009515840242"
"TCIM51033","-3","576.5000","6009515840259"
"TCIM51034","27","594.0000","6009515840266"
"TCIM90001","85","98.4000","6009515834562"
"TCIM90002","52","191.5000","6009515834579"
"TCIM90003","20","292.0000","6009515834586"
"TCIM90004","65","272.0000","6009515834593"
"TCIM90005","130","435.5000","6009515834609"
"TCIM90006","43","279.5000","6009515862077"
"TCIM91001","16","118.5000","6009515834616"
"TCIM91002","-2","121.0000","6009515834623"
"TCIM91003","10","166.5000","6009515834630"
"TCIM91004","19","176.5000","6009515834647"
"TCIM91005","-5","259.5000","6009515834654"
"TCIM92001","-4","435.5000","6009515834661"
"TCIM92002","-7","516.0000","6009515834678"
"TCIM92003","-2","548.5000","6009515834685"
"TCIM92004","3","599.0000","6009515834692"
"TCIM92005","1","669.5000","6009515834708"
"TCIM92006","11","946.0000","6009515834715"
"TCIM93004","7","792.5000","6009515834722"
"TCIM93006","0","951.0000","6009515834739"
"TCIM93008","58","1160.0000","6009515834746"
"TCIMH008043","0","11408.0000","6009515843021"
"TCIMH70081008","26","737.0000","6009515883027"
"TCIMH70081016","42","1090.0000","6009515883034"
"TCIMH70081222","-5","1061.5000","6009515883041"
"TCIMH70082146","44","405.5000","6009515884918"
"TCIMH70082150","74","464.0000","6009515884925"
"TCIMH70082155","45","541.5000","6009515884932"
"TCIMH70082160","62","627.0000","6009515884949"
"TCIMH70082165","68","773.5000","6009515884956"
"TCIMH70082170","24","921.5000","6009515882983"
"TCIMH70082175","29","1217.5000","6009515882990"
"TCIMH70082180","25","1476.5000","6009515883003"
"TCIMHH3082471","43","2714.5000","6009515883058"
"TCINS01","1515","39.0000","6009515867416"
"TCINS03","1115","31.8000","6009515881344"
"TCINS05","2523","33.8000","6009515881351"
"TCINS08065C","2964","50.2000","6009515867447"
"TCINS09","247","57.6000","6009515881993"
"TCINS10","1037","96.2000","6009515882006"
"TCINS10065C","1751","56.8000","6009515867454"
"TCINS38065C","296","56.8000","6009515867430"
"TCINS51665C","4808","50.2000","6009515867423"
"TCIPH0125C","1095","26.2000","6009515867171"
"TCIPH0150C","755","35.8000","6009515867188"
"TCIPH022515","868","177.0000","6009515867355"
"TCIPH0225B","8364","8.2000","6009515867195"
"TCIPH0225C","1930","26.2000","6009515867201"
"TCIPH025015","1022","248.0000","6009515867362"
"TCIPH0250B","5556","13.1000","6009515867218"
"TCIPH0250C","593","35.8000","6009515867225"
"TCIPH0325C","645","26.2000","6009515867232"
"TCIPH0350C","827","35.8000","6009515867249"
"TCIPH1073B","1649","23.6000","6009515885311"
"TCIPH2073B","23","23.6000","6009515885328"
"TCIPH2090B","952","24.4000","6009515885366"
"TCIPH2090C","676","56.4000","6009515885342"
"TCIPH2110B","1786","32.4000","6009515885250"
"TCIPH2110C","498","70.0000","6009515885274"
"TCIPH3073B","1586","23.6000","6009515885335"
"TCIPZ0125C","788","26.2000","6009515867096"
"TCIPZ0150B","1375","13.1000","6009515883737"
"TCIPZ0150C","1820","35.8000","6009515867102"
"TCIPZ022515","226","177.0000","6009515867331"
"TCIPZ0225B","19572","8.2000","6009515867119"
"TCIPZ0225C","3858","26.2000","6009515867126"
"TCIPZ025015","1422","248.0000","6009515867348"
"TCIPZ0250B","12617","13.1000","6009515867133"
"TCIPZ0250C","3885","35.8000","6009515867140"
"TCIPZ0325C","732","26.2000","6009515867157"
"TCIPZ0350C","377","35.8000","6009515867164"
"TCIPZ1073B","1610","23.6000","6009515885281"
"TCIPZ2073B","1425","23.6000","6009515885298"
"TCIPZ2090B","832","24.4000","6009515885373"
"TCIPZ2090C","144","56.6000","6009515885359"
"TCIPZ2110B","626","32.4000","6009515885243"
"TCIPZ2110C","853","70.0000","6009515885267"
"TCIPZ3073B","851","23.6000","6009515885304"
"TCISQ0125C","2385","26.2000","6009515867256"
"TCISQ0150B","4943","12.2000","6009515883744"
"TCISQ0150C","2109","35.8000","6009515867263"
"TCISQ022515","1066","177.0000","6009515867379"
"TCISQ0225B","4337","8.2000","6009515867270"
"TCISQ0225C","3760","26.2000","6009515867287"
"TCISQ025015","1099","248.0000","6009515867386"
"TCISQ0250B","2375","13.1000","6009515867294"
"TCISQ0250C","1018","35.8000","6009515867300"
"TCISQ0325C","1277","26.2000","6009515867317"
"TCISQ0350C","1425","35.8000","6009515867324"
"TCITX02504B","892","11.4000","6009515886080"
"TCITX02504C","831","42.4000","6009515886097"
"TCITX02505B","726","11.4000","6009515886103"
"TCITX02505C","765","42.4000","6009515886110"
"TCITX02506B","734","11.4000","6009515886127"
"TCITX02506C","723","42.4000","6009515886134"
"TCITX02507B","823","9.4000","6009515886141"
"TCITX02507C","798","39.2000","6009515886158"
"TCITX02508B","331","11.4000","6009515886165"
"TCITX02508C","708","39.2000","6009515886172"
"TCITX02509B","829","11.4000","6009515886189"
"TCITX02509C","832","39.2000","6009515886196"
"TCITX02510B","1913","10.8000","6009515886202"
"TCITX02510C","524","37.2000","6009515886219"
"TCITX02515B","208","10.8000","6009515886226"
"TCITX02515C","211","37.2000","6009515886233"
"TCITX02520B","148","10.8000","6009515886240"
"TCITX02520C","733","37.2000","6009515886257"
"TCITX02525B","1866","10.8000","6009515886264"
"TCITX02525C","393","37.2000","6009515886271"
"TCITX02527B","536","10.8000","6009515886288"
"TCITX02527C","273","37.2000","6009515886295"
"TCITX02530B","854","10.8000","6009515886301"
"TCITX02530C","1215","37.2000","6009515886318"
"TCITX02535B","716","10.8000","6009515886325"
"TCITX02535C","517","37.2000","6009515886332"
"TCITX02540B","815","10.8000","6009515886349"
"TCITX02540C","261","37.2000","6009515886356"
"TCITX02545B","878","15.5000","6009515886363"
"TCITX02545C","531","55.4000","6009515886370"
"TCITX02550B","818","19.4000","6009515886387"
"TCITX02550C","593","59.8000","6009515886394"
"TCITX05004B","987","16.7000","6009515886400"
"TCITX05004C","928","54.8000","6009515886417"
"TCITX05005B","957","16.7000","6009515886424"
"TCITX05005C","888","54.8000","6009515886431"
"TCITX05006B","966","16.7000","6009515886448"
"TCITX05006C","814","54.8000","6009515886455"
"TCITX05007B","978","16.7000","6009515886462"
"TCITX05007C","919","53.4000","6009515886479"
"TCITX05008B","681","16.7000","6009515886486"
"TCITX05008C","801","54.8000","6009515886493"
"TCITX05009B","969","16.7000","6009515886509"
"TCITX05009C","854","54.8000","6009515886516"
"TCITX05010B","-14","14.5000","6009515886523"
"TCITX05010C","419","48.0000","6009515886530"
"TCITX05015B","753","14.5000","6009515886547"
"TCITX05015C","246","48.0000","6009515886554"
"TCITX05020B","898","14.5000","6009515886561"
"TCITX05020C","463","48.0000","6009515886578"
"TCITX05025B","1609","14.5000","6009515886585"
"TCITX05025C","957","48.0000","6009515886592"
"TCITX05027B","909","14.5000","6009515886608"
"TCITX05027C","432","48.0000","6009515886615"
"TCITX05030B","1164","14.5000","6009515886622"
"TCITX05030C","555","48.0000","6009515886639"
"TCITX05035B","905","14.5000","6009515886646"
"TCITX05035C","611","48.0000","6009515886653"
"TCITX05040B","807","14.5000","6009515886660"
"TCITX05040C","535","48.0000","6009515886677"
"TCITX25100C","541","100.0000","6009515886684"
"TCLDM00D110","449","950.0000","6009515860097"
"TCLDM00D8","-5","1480.5000","6009515856335"
"TCLDM00S6","408","2104.5000","6009515856342"
"TCLP005","198","260.0000","6009515847128"
"TCLP006","201","280.5000","6009515847135"
"TCLP008","121","393.5000","6009515847142"
"TCLP010","353","660.5000","6009515847159"
"TCLP1006","385","286.0000","6009515897468"
"TCLP1008","424","394.0000","6009515897475"
"TCMC001","2","1146.0000","6009515883911"
"TCMC001-01","16","267.0000","6009515883942"
"TCMC002","22","1458.5000","6009515883928"
"TCMC002-1","17","444.5000","6009515883959"
"TCMC002-2","11","444.5000","6009515883966"
"TCMC003","90","1354.5000","6009515883935"
"TCMC003-1","11","400.0000","6009515887568"
"TCMD001","12","1371.0000","6009515882808"
"TCMD002","2","273.5000","6009515882815"
"TCMD003","11","2202.0000","6009515894658"
"TCMD0035-50HD-SK01","3","202.5000","6009515880002.00"
"TCMD0035-50HD-SK02","5","1454.0000","6009515880019.00"
"TCMD0035-50HD-SK03","10","744.5000","6009515880026.00"
"TCMD0035-50HD-SK04","5","163.0000","6009515880033.00"
"TCMD0035-50HD-SK05","4","639.5000","6009515880040.00"
"TCMD0035-50HD-SK06","13","522.5000","6009515880057.00"
"TCMD0035-50HD-SK07","10","221.0000","6009515880064.00"
"TCMD0035-50HD-SK08","20","1596.0000","6009515880071.00"
"TCMD0035-50HD-SK09","13","1110.5000","6009515880088.00"
"TCMD0035-50HD-SK10","10","1251.0000","6009515880095.00"
"TCMD0035-50HD-SK11","19","100.4000","6009515880101.00"
"TCMD0035-50HD-SK12","34","379.0000","6009515880118.00"
"TCMD0035-50HD-SK13","4","89.8000","6009515878047.00"
"TCMD0035-50HD-SK14","4","226.5000","6009515878054.00"
"TCMD0035-50HD-SK15","4","410.0000","6009515878061.00"
"TCMD0035-50HD-SK16","6","313.5000","6009515878078.00"
"TCMD0035-50HD-SK17","4","464.0000","6009515878085.00"
"TCMD0035-50HD-SK18","5","627.5000","6009515878092.00"
"TCMD0035-50HD-SK19","4","1688.0000","6009515878108.00"
"TCMD0035-50HD-SK20","6","31.6000","6009515878115.00"
"TCMD0035-55QE-SK018","3","2516.0000","6009515878313.00"
"TCMD0035-55QE-SK019","4","531.0000","6009515878320.00"
"TCMD0035-55QE-SK020","4","186.5000","6009515878337.00"
"TCMD0035-55QE-SK021","2","1065.5000","6009515878344.00"
"TCMD0035-55QE-SK022","3","5633.5000","6009515878351.00"
"TCMD0035-55QE-SK023","6","4998.0000","6009515878368.00"
"TCMD0035-55QE-SK024","7","31.6000","6009515878375.00"
"TCMD0035-55QE-SK025","10","92.4000","6009515878382.00"
"TCMD0035-55QE-SK026","6","356.0000","6009515888275"
"TCMD0035-SK01","3","235.0000","6009515880200.00"
"TCMD0035-SK02","4","1419.0000","6009515880217.00"
"TCMD0035-SK03","1","242.5000","6009515880224.00"
"TCMD0035-SK04","2","721.5000","6009515880231.00"
"TCMD0035-SK05","3","646.0000","6009515880248.00"
"TCMD0035-SK07","4","111.5000","6009515880262.00"
"TCMD0035-SK08","15","221.0000","6009515880279.00"
"TCMD0035-SK09","19","1596.0000","6009515880286.00"
"TCMD0035-SK10","9","1251.0000","6009515880293.00"
"TCMD0035-SK11","42","100.4000","6009515880309.00"
"TCMD0035-SK12","39","317.5000","6009515880316.00"
"TCMD0035-SK13","2","99.8000","6009515880323.00"
"TCMD0035-SK14","16","1185.5000","6009515880330.00"
"TCMD0035-SK15","4","1521.0000","6009515880347.00"
"TCMD0035-SK16","5","191.5000","6009515880354.00"
"TCMD0035-SK17","5","3376.0000","6009515880361.00"
"TCMD0035-SK19","3","89.8000","6009515883746"
"TCMD0035-SK20","5","189.0000","6009515880903.00"
"TCMD0035-SK21","4","196.5000","6009515887353"
"TCMD0035HD","32","16207.0000","6009515869892"
"TCMD0035HD-SK13","0","89.8000","6009515880125.00"
"TCMD0035HD-SK14","5","226.5000","6009515880132.00"
"TCMD0035HD-SK15","6","410.0000","6009515880149.00"
"TCMD0035HD-SK16","5","313.5000","6009515880156.00"
"TCMD0035HD-SK17","5","464.0000","6009515880163.00"
"TCMD0035HD-SK18","5","627.5000","6009515880170.00"
"TCMD0035HD-SK19","5","1688.0000","6009515880187.00"
"TCMD0035HD-SK20","5","31.6000","6009515880194.00"
"TCMD0035HD-SK21","4","356.0000","6009515888251"
"TCMD0035PM","11","26004.0000","6009515871017"
"TCMD0035PM-SK19","5","89.8000","6009515880378.00"
"TCMD0035PM-SK20","4","193.0000","6009515880385.00"
"TCMD0035PM-SK21","5","158.0000","6009515880392.00"
"TCMD0035PM-SK22","4","356.0000","6009515888268"
"TCMD0035QE","3","30391.0000","6009515871024"
"TCMD0035QE-SK015","5","205.0000","6009515880606.00"
"TCMD0035QE-SK016","5","226.5000","6009515880613.00"
"TCMD0035QE-SK017","5","155.5000","6009515880620.00"
"TCMD0035QE-SK018","5","576.5000","6009515884123"
"TCMD0035QE-SK019","5","531.0000","6009515884130"
"TCMD0035QE-SK020","5","186.5000","6009515887278"
"TCMD0035QE-SK021","5","1065.5000","6009515887285"
"TCMD0035QE-SK022","1","5633.5000","6009515887292"
"TCMD0035QE-SK023","4","4998.0000","6009515887308"
"TCMD0035QE-SK024","2","31.6000","6009515887315"
"TCMD0035QE-SK025","5","92.4000","6009515887322"
"TCMD0035SK06","5","640.0000","6009515880255.00"
"TCMD0035WO","10","13650.0000","6009515869885"
"TCMD0035WO-SK18","4","381.0000","6009515887339"
"TCMD0035WO-SK22","12","31.6000","6009515887360"
"TCMD0035WO-SK23","19","398.5000","6009515887377"
"TCMD0035WO-SK24","4","499.5000","6009515887384"
"TCMD0035WO-SK25","4","356.0000","6009515888282"
"TCMD004","18","95.6000","6009515882839"
"TCMD005","24","64.8000",""
"TCMD0050HD","16","16417.5000","6009515869908"
"TCMD0050HD-SK01","5","356.0000","6009515888299"
"TCMD0055QE","12","32760.0000","6009515871031"
"TCMD0055QE-SK01","4","233.0000","6009515878122.00"
"TCMD0055QE-SK02","5","1408.5000","6009515878139.00"
"TCMD0055QE-SK03","4","829.5000","6009515878146.00"
"TCMD0055QE-SK04","9","137.5000","6009515878153.00"
"TCMD0055QE-SK05","2","705.5000","6009515878160.00"
"TCMD0055QE-SK06","3","363.0000","6009515878177.00"
"TCMD0055QE-SK07","6","350.5000","6009515878184.00"
"TCMD0055QE-SK08","5","681.5000","6009515878191.00"
"TCMD0055QE-SK09","5","744.0000","6009515878207.00"
"TCMD0055QE-SK10","7","181.0000","6009515878214.00"
"TCMD0055QE-SK11","2","591.0000","6009515878221.00"
"TCMD0055QE-SK12","5","1930.5000","6009515878238.00"
"TCMD0055QE-SK13","5","1389.0000","6009515878245.00"
"TCMD0055QE-SK14","1","2464.0000","6009515878252.00"
"TCMD0055QE-SK15","50","100.4000","6009515878269.00"
"TCMD0055QE-SK16","39","84.0000","6009515878276.00"
"TCMD0068HD","3","22142.5000","6009515871000"
"TCMD0068HD-SK01","3","301.0000","6009515878399.00"
"TCMD0068HD-SK02","2","1377.0000","6009515878405.00"
"TCMD0068HD-SK03","5","63.0000","6009515878412.00"
"TCMD0068HD-SK04","13","952.0000","6009515878429.00"
"TCMD0068HD-SK05","4","163.5000","6009515878436.00"
"TCMD0068HD-SK06","4","4014.0000","6009515878443.00"
"TCMD0068HD-SK07","4","423.0000","6009515877804.00"
"TCMD0068HD-SK08","5","873.0000","6009515877811.00"
"TCMD0068HD-SK09","4","170.5000","6009515877828.00"
"TCMD0068HD-SK10","5","2143.5000","6009515877835.00"
"TCMD0068HD-SK11","3","1548.5000","6009515877842.00"
"TCMD0068HD-SK12","2","1365.5000","6009515877859.00"
"TCMD0068HD-SK13","56","100.4000","6009515877866.00"
"TCMD0068HD-SK14","38","285.5000","6009515877873.00"
"TCMD0068HD-SK15","1","102.0000","6009515877880.00"
"TCMD0068HD-SK16","3","290.5000","6009515877897.00"
"TCMD0068HD-SK17","5","424.0000","6009515877903.00"
"TCMD0068HD-SK18","5","344.5000","6009515877910.00"
"TCMD0068HD-SK19","6","671.0000","6009515877927.00"
"TCMD0068HD-SK20","6","809.5000","6009515877934.00"
"TCMD0068HD-SK21","5","1312.5000","6009515877941.00"
"TCMD0068HD-SK22","7","435.5000","6009515877958.00"
"TCMD0068HD-SK23","5","31.6000","6009515877965.00"
"TCMD0068HD-SK24","4","356.0000","6009515888305"
"TCMD1000","237","5.3000","6009515898434"
"TCMG1570","103","639.5000","6009515858698"
"TCMG6001","472","71.6000","6009515850562"
"TCMG6002","1151","125.0000","6009515850579"
"TCMG6003","376","181.0000","6009515850586"
"TCMG6004","21","156.5000","6009515871796"
"TCMG6005","196","166.0000","6009515871802"
"TCMG6007","1602","138.5000","6009515899165"
"TCMG6008","1191","295.5000","6009515899172"
"TCMG7018","200","361.0000","6009515850593"
"TCMG7030","154","169.0000","6009515858995"
"TCMG8100","160","182.5000","6009515867751"
"TCMG8125","85","207.5000","6009515867768"
"TCMG8150","228","228.5000","6009515867775"
"TCMG8200","73","235.0000","6009515867782"
"TCMG9100","23","193.0000","6009515866808"
"TCMG9125","148","207.5000","6009515866815"
"TCMG9150","166","235.0000","6009515866822"
"TCMG9200","252","255.5000","6009515866839"
"TCMP0150","276","223.5000","6009515902148"
"TCMSH02114","1616","64.2000","6009515867515"
"TCMT001","622","589.5000","6009515818029"
"TCMT001-1","5","16.5000","6009515876104"
"TCMT001-10-11-12","25","14.2000","6009515898380"
"TCMT001-13","67","32.8000","6009515898397"
"TCMT001-16","39","170.0000","6009515857578"
"TCMT001-2-3-1","29","32.8000","6009515894665"
"TCMT001-2-3-2","11","33.0000","6009515837846"
"TCMT001-2-3-3","29","32.8000","6009515894672"
"TCMT001-5","29","598.5000","6009515898403"
"TCMT001-8","43","246.0000","6009515898410"
"TCMT001-9","101","79.2000","6009515898427"
"TCMT001DA","154","67.8000","6009515857158"
"TCMT001DC","105","130.5000","6009515827205"
"TCMT001FS","206","260.0000","6009515820107"
"TCMT001SS","436","343.0000","6009515827199"
"TCMT005","1640","364.0000","6009515829940"
"TCMT005-01","483","62.8000","6009515867652"
"TCMT006","794","520.5000","6009515864187"
"TCMT007","531","245.0000","6009515875312"
"TCNC18514","24","302.5000","6009675088201"
"TCNF18540","32","680.5000","6009675088218"
"TCNNS08048C","664","47.0000","6009515867492"
"TCNNS10048C","2289","40.4000","6009515867485"
"TCNNS38048C","3129","47.0000","6009515867478"
"TCNNS51648C","247","40.4000","6009515867461"
"TCNP005","316","100.0000","6009515847081"
"TCNP006","217","113.5000","6009515847098"
"TCNP008","386","133.5000","6009515847104"
"TCNP010","30","240.0000","6009515847111"
"TCNW115-1","2009","145.5000","6009515835811"
"TCNW115-2","1611","141.5000","6009515835828"
"TCNW115-3","1387","141.5000","6009515835835"
"TCNW115-4","1200","145.5000","6009515835842"
"TCNY05006","-7","103.5000","6009515819316"
"TCNY07506","232","122.5000","6009515819323"
"TCNY0806","141","113.5000","6009515843724"
"TCNY10006","1044","110.5000","6009515819309"
"TCOA001","554","157.0000","6009515843069"
"TCOA002","1006","123.0000","6009515843076"
"TCOA003","1170","151.5000","6009515843083"
"TCOA004","484","101.5000","6009515843090"
"TCOA005","1345","112.0000","6009515843106"
"TCOA006","1574","112.0000","6009515843113"
"TCOA007","2779","134.5000","6009515843120"
"TCOA008","909","151.5000","6009515843137"
"TCOA009","1832","72.0000","6009515843144"
"TCOA010","1863","90.4000","6009515843151"
"TCOA011","1853","118.0000","6009515843168"
"TCOA012","678","107.0000","6009515843175"
"TCOA013","446","167.0000","6009515843182"
"TCOA014","453","72.0000","6009515843199"
"TCOA015","420","95.4000","6009515843205"
"TCOA016","462","253.0000","6009515843212"
"TCOA017","261","152.5000","6009515843229"
"TCOA018-120","409","65.4000","6009515843236"
"TCOA018-180","160","65.4000","6009515843243"
"TCOA018-240","259","65.4000","6009515843250"
"TCOA018-80","348","65.4000","6009515843267"
"TCOA019-120","192","58.8000","6009515843274"
"TCOA019-180","145","58.8000","6009515843281"
"TCOA019-240","165","58.8000","6009515843298"
"TCOA019-80","316","58.8000","6009515843304"
"TCOA020-120","402","48.4000","6009515843311"
"TCOA020-180","534","48.4000","6009515843328"
"TCOA020-240","588","48.4000","6009515843335"
"TCOA020-80","214","48.4000","6009515843342"
"TCOA021-120","462","95.2000","6009515843359"
"TCOA021-180","129","95.2000","6009515843366"
"TCOA021-240","229","95.2000","6009515843373"
"TCOA021-80","103","95.2000","6009515843380"
"TCOA100","940","891.5000","6009515843397"
"TCOA101","361","261.5000","6009515843403"
"TCOA102","413","404.0000","6009515843410"
"TCOA103","87","527.0000","6009515843427"
"TCOA104","354","397.5000","6009515843434"
"TCOA105","452","75.8000","6009515843441"
"TCOA201","502","191.0000","6009515843458"
"TCOA202","207","73.6000","6009515843465"
"TCOA203","512","139.5000","6009515843472"
"TCOA204","227","128.5000","6009515843489"
"TCOA205","527","145.5000","6009515843496"
"TCOA206","322","67.0000","6009515843502"
"TCOA207","580","93.4000","6009515843519"
"TCOA208","31","80.6000","6009515843526"
"TCOA300","184","195.5000","6009515884680"
"TCOA301","113","158.5000","6009515884697"
"TCP10008","112","290.0000","6009675084432"
"TCP15040","1071","150.0000","6009675081745"
"TCP16020","331","146.5000","6009515805722"
"TCP16040","1180","161.0000","6009675081073"
"TCP16060","836","187.0000","6009675081080"
"TCP16060AL","756","206.5000","6009675081721"
"TCP16524-20","526","180.0000","6009515808181"
"TCP17024","388","180.0000","6009515801762"
"TCP17040","397","199.0000","6009515801779"
"TCP17060","298","212.5000","6009515805746"
"TCP17060AL","182","212.5000","6009515805753"
"TCP18024","200","165.5000","6009515823368"
"TCP18024-30","186","165.5000","6009515823375"
"TCP18040","117","192.5000","6009515823382"
"TCP18040-30","56","192.5000","6009515823399"
"TCP18060","231","223.0000","6009515823405"
"TCP18060-30","-1","223.0000","6009515823412"
"TCP18524-16","291","168.5000","6009675085897"
"TCP18524-20","1321","164.0000","6009675083954"
"TCP18524-30","1578","164.0000","6009515807689"
"TCP18540","2780","188.0000","6009675081752"
"TCP18540-16","260","193.5000","6009675084562"
"TCP18540-30","2382","188.0000","6009515807696"
"TCP18560","3162","229.0000","6009675081769"
"TCP18560-30","1928","224.5000","6009515807702"
"TCP18560AL","1217","248.5000","6009675081707"
"TCP18560AL-30","298","233.5000","6009515809829"
"TCP19024","1255","201.5000","6009675081776"
"TCP19040-16","64","221.5000","6009675081783"
"TCP19040-30","1402","213.5000","6009675081097"
"TCP19060","1142","241.5000","6009675082308"
"TCP19060AL","900","290.5000","6009675083527"
"TCP19072","177","305.5000","6009675082933"
"TCP20024","41","207.0000","6009515088736"
"TCP20040","278","240.0000","6009675081790"
"TCP20060","99","265.0000","6009675081943"
"TCP20060AL","615","340.5000","6009675081103"
"TCP21024","382","237.5000","6009515808747"
"TCP21040-16","130","259.0000","6009675085903"
"TCP21040-30","1258","251.5000","6009675083961"
"TCP21060","1304","266.0000","6009675083978"
"TCP21060AL","1026","314.0000","6009675081714"
"TCP23024","1325","228.0000","6009675082940"
"TCP23024-16","50","234.5000","6009675084975"
"TCP23040","1588","260.5000","6009675081806"
"TCP23040-16","116","323.0000","6009675084982"
"TCP23060-16","98","324.5000","6009675085149"
"TCP23060-30","2094","327.5000","6009675081110"
"TCP23060AL","810","372.5000","6009675081882"
"TCP23524-16","82","265.5000","6009675085927"
"TCP23540-16","92","305.5000","6009675085934"
"TCP250100AL","1363","465.5000","6009675081127"
"TCP25024","715","297.0000","6009675080878"
"TCP25040","3122","309.0000","6009675084418"
"TCP25040-16","324","313.5000","6009675085781"
"TCP25060-16","278","388.5000","6009675085156"
"TCP25060-30","1307","377.5000","6009675081950"
"TCP25080","1383","388.0000","6009675081813"
"TCP25080AL","1259","406.0000","6009675080069"
"TCP25080TCG","97","444.5000","6009675081967"
"TCP26024-30","49","332.5000","6009515809843"
"TCP26040-30","109","372.5000","6009515809850"
"TCP30024","580","452.5000","6009675081134"
"TCP30040","415","465.5000","6009675081141"
"TCP30060","397","491.5000","6009675081158"
"TCP30080","189","593.5000","6009675081165"
"TCP30096","650","642.0000","6009675083435"
"TCP30096AL","368","642.0000","6009675081172"
"TCP30096TCG","85","660.5000","6009675082285"
"TCP31548","61","559.0000","6009515808365"
"TCP31560","297","599.0000","6009515809492"
"TCP31596AL","11","772.5000","6009515809508"
"TCP350100AL","112","913.5000","6009675082292"
"TCP35030","83","653.5000","6009675082957"
"TCP35060","95","684.5000","6009515823443"
"TCP35096","73","799.0000","6009675081189"
"TCP400100","230","1240.5000","6009675081196"
"TCP40030","86","1185.5000","6009675083350"
"TCP450120","68","1933.5000","6009675081202"
"TCP45036","60","1667.0000","6009675083367"
"TCP500120","38","2396.0000","6009675081219"
"TCP60036","24","2665.5000","6009515824310"
"TCP60060","22","2932.5000","6009515824303"
"TCP60072","49","3332.5000","6009515824327"
"TCPC001","518","96.4000","6009515833251"
"TCPCD16504-20","886","866.5000","6009515904296"
"TCPCD18504-30","882","904.5000","6009515904302"
"TCPH001","139","88.8000","6009515840815"
"TCPK0025","1232","59.0000","6009515896782"
"TCPK0038","1175","63.8000","6009515896676"
"TCPK0050","906","68.2000","6009515896683"
"TCPK0075","883","79.6000","6009515896690"
"TCPK0100","533","93.0000","6009515896706"
"TCPK0125","856","93.0000","6009515896713"
"TCPM0001","7604","31.0000","6009515858568"
"TCPM0002","16931","31.0000","6009515858575"
"TCPM0003","40726","31.0000","6009515858582"
"TCPM0004","5689","31.0000","6009515858599"
"TCPM0005","12733","31.0000","6009515858605"
"TCPM0006","12675","31.0000","6009515884888"
"TCPM0007","15394","31.0000","6009515884895"
"TCPM0008","16871","31.0000","6009515884901"
"TCPM0009","16296","31.0000","6009515901011"
"TCPM0010","13327","31.0000","6009515901028"
"TCPM0012","91","358.5000","6009515858544"
"TCPM0036","15","1043.0000","6009515858551"
"TCPR18524-20","19","354.5000","6009515819958"
"TCPR18560-20","12","514.5000","6009515819972"
"TCPR19024-30","17","390.0000","6009515819989"
"TCPR19048LM","5","615.5000","6009515808259"
"TCPR19060-30","30","796.5000","6009515820008"
"TCPR23024-30","12","593.0000","6009515819934"
"TCPR23080LM","11","1288.0000","6009515808266"
"TCPR23540","4","862.0000","6009515826703"
"TCPR23560","25","905.0000","6009515826710"
"TCPR25040","5","793.5000","6009515808341"
"TCPR25080AL","20","1379.5000","6009515808297"
"TCPR25080LM","49","1352.0000","6009515808273"
"TCPR30060","5","1537.0000","6009515808334"
"TCPR35030-30","0","1523.0000","6009515820039"
"TCPR35096-30","18","2082.5000","6009515820046"
"TCPS3504","1105","85.2000","6009515800703"
"TCPS3505","422","112.0000","6009515800697"
"TCPS3506","511","131.5000","6009515899158"
"TCPS3507","969","92.6000","6009515904227"
"TCPT012-01","120","360.0000","6009515845520"
"TCPT012-02","79","360.0000","6009515845537"
"TCPT016-01","125","406.5000","6009515845544"
"TCPT016-02","110","406.5000","6009515845551"
"TCPU03100","831","89.6000","6009515820404"
"TCPU04100","901","89.6000","6009515820411"
"TCPU05100","29","89.6000","6009515820428"
"TCPU06125","181","95.2000","6009515901141"
"TCPU10003","864","231.0000","6009515820435"
"TCPU20207","-40","125.5000","6009515827298"
"TCPU20209","305","123.5000","6009515827304"
"TCPU20210","1004","123.5000","6009515827311"
"TCPU20302","251","332.0000","6009515827335"
"TCPU20303","206","235.0000","6009515827328"
"TCPU20309","458","169.0000","6009515827342"
"TCPU20310","116","270.5000","6009515827359"
"TCPU20311","243","476.5000","6009515827366"
"TCQ16042-20","252","348.5000","6009515812508"
"TCQ18542-20","506","388.0000","6009515812539"
"TCQ19048-30","256","441.5000","6009515812515"
"TCQ23054-30","310","532.5000","6009515815394"
"TCQ25060-30","534","595.5000","6009515812522"
"TCQCH06514","133","145.5000","6009515867508"
"TCRF00PF220","96","3465.5000","6009515856366"
"TCRF4020-120","1036","37.6000","6009675089918"
"TCRF4020-180","289","37.6000","6009675089925"
"TCRF4020-220","575","37.6000","6009675089932"
"TCRF4020-80","1417","37.6000","6009515802691"
"TCRF5020-80","941","52.4000","6009515802707"
"TCRF6040-120","466","79.6000","6009675089949"
"TCRF6040-180","395","75.2000","6009675089956"
"TCRF6040-220","412","75.2000","6009675089963"
"TCRF6040-80","784","79.6000","6009515802714"
"TCRF8030-80","465","94.2000","6009515802721"
"TCRFS05","620","369.0000","6009515819651"
"TCRG0300","1110","367.0000","6009515866341"
"TCRG0310","1441","482.0000","6009515866358"
"TCRG0320","-68","1229.0000","6009515866365"
"TCRH0800","375","1795.0000","6009515882853"
"TCRH0800-SK01","30","381.5000","6009515887872"
"TCRH0800-SK02","40","984.5000","6009515887889"
"TCRH0800-SK03","35","746.5000","6009515887896"
"TCRH0800-SK04","0","106.0000","6009515887902"
"TCRH0800-SK05","48","161.5000","6009515887919"
"TCRH0800-SK06","39","104.5000","6009515887926"
"TCRH0800-SK07","19","287.5000","6009515887940"
"TCRH1500","242","2883.0000","6009515901073"
"TCRIV001-02","2","77.2000","6009515859046"
"TCRIV001-03","0","77.2000","6009515859053"
"TCRIV001-04","1","77.2000","6009515859060"
"TCRIV001-06","107","4.3000","60095158562701"
"TCRIV002","191","1567.0000","6009515823474"
"TCRIV002-01","17","73.6000","6009515859084"
"TCRIV002-02","17","73.6000","6009515859091"
"TCRIV002-03","28","73.6000","6009515859107"
"TCRIV002-04","14","73.6000","6009515859114"
"TCRIV002-05","21","112.5000","6009515859121"
"TCRIV002-06","30","112.5000","6009515859138"
"TCRIV002-07","978","112.5000","6009515859145"
"TCRIV002-08","26","112.5000","6009515859152"
"TCRIV002-09","16","29.6000","6009515859169"
"TCRIV003","498","2240.5000","6009515887742"
"TCRIV003-006","70","113.5000","6009515898311"
"TCRIV003-01","30","113.5000","6009515898328"
"TCRIV003-02","31","113.5000","6009515898335"
"TCRIV003-03","31","113.5000","6009515898342"
"TCRIV003-04","30","113.5000","6009515898359"
"TCRIV003-05","31","113.5000","6009515898366"
"TCRIV003-06","26","113.5000","6009515898373"
"TCRIV003-07","59","113.5000","6009515898304"
"TCRIV010","11","140.0000","6009515859176"
"TCRIV011","12","84.6000","6009515859183"
"TCRRS05","334","292.0000","6009515819644"
"TCS16548","0","452.5000","6009515912536"
"TCS16560","0","501.0000","6009515912482"
"TCS18532-20","58","644.0000","6009515820015"
"TCS18536","0","424.0000","6009515912574"
"TCS18548","0","518.5000","6009515912543"
"TCS18550","112","688.5000","6009675083534"
"TCS18556","0","528.0000","6009515912499"
"TCS18568","19","716.0000","6009675083541"
"TCS18570","0","463.0000","6009515912505"
"TCS30080","71","1940.5000","6009515820022"
"TCS30080-30","85","1940.5000","6009515833626"
"TCS30560","84","1669.5000","6009675083558"
"TCS30580","0","1886.5000","6009675083565"
"TCS35566","14","2458.0000","6009515881078"
"TCS35572","-3","1503.5000","6009515912567"
"TCS35590","0","1678.5000","6009515912529"
"TCSA40008","124","276.5000","6009515811648"
"TCSA40008B","0","244.0000","6009515887643"
"TCSA40010","94","273.0000","6009515811655"
"TCSA40010B","23","241.0000","6009515887650"
"TCSA40012","248","287.5000","6009515811662"
"TCSA40012B","3","253.5000","6009515887667"
"TCSA40013","342","301.0000","6009515811679"
"TCSA40013B","2","266.0000","6009515887735"
"TCSA40014","95","342.0000","6009515811686"
"TCSA40014B","81","302.5000","6009515887674"
"TCSA40016","2","340.5000","6009515811693"
"TCSA40016B","0","300.5000","6009515887681"
"TCSA40019","315","445.5000","6009515821609"
"TCSA40019B","4","393.5000","6009515887698"
"TCSA40020","68","493.5000","6009515821616"
"TCSA40020B","85","436.0000","6009515887704"
"TCSA40022","136","559.0000","6009515821623"
"TCSA40022B","22","494.5000","6009515887711"
"TCSA40025","155","627.0000","6009515821630"
"TCSA40025B","90","554.0000","6009515887728"
"TCSAW001","-201","169.0000","6009515863487"
"TCSAW002","142","196.0000","6009515863494"
"TCSAW005","323","205.5000","6009515863500"
"TCSAW010","619","134.5000","6009515863517"
"TCSAW011","88","287.0000","6009515863524"
"TCSAW012","257","113.5000","6009515863531"
"TCSAW020","555","448.5000","6009515863548"
"TCSAW021","407","463.5000","6009515863555"
"TCSB006","178","35.6000","6009675088447"
"TCSB008","952","35.6000","6009675088454"
"TCSB010","2288","37.8000","6009675088461"
"TCSB012","1441","38.4000","6009675088478"
"TCSB013","735","39.4000","6009675088485"
"TCSB014","764","41.0000","6009675088492"
"TCSB016","3181","39.6000","6009675088508"
"TCSB017","1039","44.4000","6009515820367"
"TCSB018","1837","45.4000","6009675088515"
"TCSB019","2886","47.2000","6009675088522"
"TCSB020","1416","47.6000","6009675088539"
"TCSB022","1441","50.6000","6009675088546"
"TCSB024","314","53.2000","6009675088553"
"TCSB025","1072","56.0000","6009675088560"
"TCSB028","343","58.8000","6009675088577"
"TCSB030","268","61.0000","6009675088584"
"TCSB032","960","63.0000","6009675088591"
"TCSB035","1051","75.2000","6009675088607"
"TCSB038","826","74.0000","6009675088614"
"TCSB040","971","74.0000","6009675088621"
"TCSB406","253","77.4000","6009675088638"
"TCSB408","1010","79.6000","6009675088645"
"TCSB410","1165","96.2000","6009675088652"
"TCSB412","790","96.2000","6009675088669"
"TCSB413","430","98.4000","6009675088676"
"TCSB414","828","104.0000","6009675088683"
"TCSB416","775","114.0000","6009675088690"
"TCSB418","302","120.5000","6009675088706"
"TCSB419","393","125.0000","6009675088713"
"TCSB420","323","116.5000","6009675088720"
"TCSB422","1013","125.0000","6009675088737"
"TCSB425","1071","142.5000","6009675088744"
"TCSBS06","1084","265.0000","6009515816759"
"TCSG0210","-106","311.5000","6009515841065"
"TCSG02108","-49","54.2000","6009515847005"
"TCSG02110","-95","57.6000","6009515847012"
"TCSG02112","-38","61.2000","6009515847029"
"TCSG0500","-61","113.0000","6009515841072"
"TCSG05006","-63","29.8000","6009515847036"
"TCSG05008","259","31.6000","6009515847043"
"TCSG0600","169","643.5000","6009515901035"
"TCSH001","183","1109.5000","6009515877026"
"TCSOCK100","0","249.0000","6009515900786"
"TCSOCK101","6","249.0000","6009515900793"
"TCSOCK102","15","249.0000","6009515900809"
"TCSOCK200","2","249.0000","6009515900816"
"TCSOCK201","0","249.0000","6009515900823"
"TCSOCK202","2","249.0000","6009515900830"
"TCSOCK300","1","249.0000","6009515900847"
"TCSOCK301","6","249.0000","6009515900854"
"TCSOCK302","20","249.0000","6009515900861"
"TCSS06514","361","204.5000","6009515819361"
"TCSS07514","-108","181.5000","6009515819330"
"TCSS08014","260","241.5000","6009515819378"
"TCSS10014","-11","267.5000","6009515819347"
"TCSS10014-2","-9","390.0000","6009515819385"
"TCSS10014-2B","222","359.0000","6009515866297"
"TCSS10014B","-7","260.0000","6009515867003"
"TCSS12514","248","453.5000","6009515819392"
"TCSS15014","205","437.0000","6009515819354"
"TCSS15014B","10","443.0000","6009515867034"
"TCTA10010BLA","9691","9.3000","6009515907303"
"TCTA10010BLU","7566","9.3000","6009515907358"
"TCTA10010GRE","7530","9.3000","6009515907334"
"TCTA10010RED","6987","9.3000","6009515907310"
"TCTA10010WHI","6948","9.3000","6009515907341"
"TCTA10010Y-G","4721","10.2000","6009515911348"
"TCTA10010YEL","7509","9.3000","6009515907327"
"TCTA10020BLA","6062","18.8000","6009515907365"
"TCTA10020BLU","5655","18.8000","6009515907419"
"TCTA10020GRE","7141","18.8000","6009515907396"
"TCTA10020RED","3802","18.8000","6009515907372"
"TCTA10020WHI","5323","18.8000","6009515907402"
"TCTA10020Y-G","4559","20.5000","6009515911355"
"TCTA10020YEL","7164","18.8000","6009515907389"
"TCTB001","228","833.0000","6009515869878"
"TCTB002","25","3474.0000","6009515888541"
"TCTB003","40","1875.5000","6009515900748"
"TCTB004","45","1280.5000","6009515903152"
"TCTB005","37","2867.0000","6009515903480"
"TCTB006","0","1417.5000","6009515911393"
"TCTB060","0","6254.0000","6009515903169"
"TCTB071","-2","3018.5000","6009515896003"
"TCTB088","17","5031.0000","6009515869854"
"TCTB101008","0","94.1900","6009515915698"
"TCTB101010","0","94.1900","6009515915704"
"TCTB101012","0","94.1900","6009515915711"
"TCTB101013","0","94.1900","6009515915728"
"TCTB101014","0","94.1900","6009515915735"
"TCTB101017","0","100.6300","6009515915742"
"TCTB127","32","10841.0000","6009515904562"
"TCTB154","23","8860.5000","6009515888534"
"TCTB154LTD","6","10373.0000","6009515906900"
"TCTB172","458","6254.0000","6009515869861"
"TCTB254","95","11988.0000","6009515903183"
"TCTB254LTD","15","13551.5000","6009515907426"
"TCTB300","-23","391.0000","6009515904692"
"TCTB305","0","516.5000","6009515904708"
"TCTB310","-59","652.0000","6009515904715"
"TCTB490607","0","56.3500","6009515915766"
"TCTB490809","0","61.1800","6009515915773"
"TCTB491011","0","73.2600","6009515915780"
"TCTB491213","0","85.3300","6009515915797"
"TCTB491415","0","97.4100","6009515915803"
"TCTB491617","0","115.1200","6009515915810"
"TCTB491819","0","134.4400","6009515915827"
"TCTB492022","0","160.2000","6009515915834"
"TCTB50006","0","41.0600","6009515915520"
"TCTB50007","0","44.2800","6009515915537"
"TCTB50008","0","45.0800","6009515915544"
"TCTB50009","0","48.3000","6009515915551"
"TCTB50010","0","50.7200","6009515915568"
"TCTB50011","0","55.5500","6009515915575"
"TCTB50012","0","58.7700","6009515915582"
"TCTB50013","0","64.4000","6009515915599"
"TCTB50014","0","69.2300","6009515915605"
"TCTB50015","0","75.6700","6009515915612"
"TCTB50016","0","82.1100","6009515915629"
"TCTB50017","0","90.9700","6009515915636"
"TCTB50018","0","98.2100","6009515915643"
"TCTB50019","0","107.8700","6009515915650"
"TCTB50020","0","107.8700","6009515915667"
"TCTB50021","0","118.3400","6009515915674"
"TCTB50022","0","128.8000","6009515915681"
"TCTB52008-1","0","178.7100","6009515914332"
"TCTB52010","0","257.6000","6009515914349"
"TCTB607900","0","136.0500","6009515915254"
"TCTB608018","0","356.6200","6009515915230"
"TCTB613900","0","190.7900","6009515915261"
"TCTB615300","0","123.9700","6009515915247"
"TCTB76250-1","0","131.2200","6009515915322"
"TCTB88001","0","280.1400","6009515915391"
"TCTB88002","0","317.9800","6009515915407"
"TCTB88003","0","170.6600","6009515915414"
"TCTB88004","0","78.0900","6009515915421"
"TCTB88005","0","9.6600","6009515915377"
"TCTB938001","0","54.7400","6009515915438"
"TCTBBW001","0","218.9600","6009515915155"
"TCTBCH120017","0","95.8000","6009515915186"
"TCTBDT001","-3","123.9700","6009515914325"
"TCTBFS150","0","43.4700","6009515915315"
"TCTBGA001","0","31.4000","6009515915346"
"TCTBHF1002","-1","115.1200","6009515914370"
"TCTBHF1003","-1","106.2600","6009515914363"
"TCTBHF1004","-1","117.5300","6009515914400"
"TCTBHF1005","-1","114.3100","6009515914394"
"TCTBHF1006","-1","110.2900","6009515914387"
"TCTBMG7031","0","68.4300","6009515915384"
"TCTBPC0042","0","236.6700","6009515915162"
"TCTBPU20305","0","239.8900","6009515915193"
"TCTBSL1230","0","96.6000","6009515915216"
"TCTBSL2300","0","135.2400","6009515915223"
"TCTBSW7001","0","346.9600","6009515914356"
"TCTK08524","115","78.0000","6009515877682"
"TCTK08536","49","123.5000","6009515877699"
"TCTK16524","371","172.5000","6009515877705"
"TCTK16540","167","182.5000","6009515877712"
"TCTK18440","113","207.5000","6009675081981"
"TCTK18460","162","367.0000","6009675081998"
"TCTK21640","50","325.5000","6009515877729"
"TCTK21660","171","339.0000","6009515877736"
"TCTK25060","112","496.5000","6009675084005"
"TCTL010","35","251.5000","6009515867669"
"TCTL010-10","38","75.2000","6009515869687"
"TCTL010P","29","274.5000","6009515884512"
"TCTL020","19","251.5000","6009515867676"
"TCTL020-10","11","77.6000","6009515869694"
"TCTL020P","24","274.5000","6009515884529"
"TCTL030","9","251.5000","6009515867683"
"TCTL030-10","65","77.6000","6009515869700"
"TCTL030P","32","274.5000","6009515884536"
"TCTL040","54","251.5000","6009515867690"
"TCTL040-10","72","77.6000","6009515869717"
"TCTL040P","35","274.5000","6009515884543"
"TCTL050","27","251.5000","6009515867706"
"TCTL050-10","137","77.6000","6009515869724"
"TCTL060","114","251.5000","6009515867713"
"TCTL060-10","83","77.6000","6009515869731"
"TCTL060P","91","274.5000","6009515884567"
"TCTL070P","28","399.0000","6009515884574"
"TCTQ12100M","27","2634.0000","6009515900601"
"TCTQ12110-01","0","1653.5000","6009515876227"
"TCTQ12135","20","6444.5000","6009515871581"
"TCTQ12200","7","6612.5000","6009515871598"
"TCTQ12210-01","81","1676.0000","6009515876234"
"TCTQ12340","28","6892.5000","6009515871604"
"TCTQ12350-01","13","2074.0000","6009515762414"
"TCTQ12400-01","21","2158.0000","6009515876258"
"TCTQ14030","15","5042.5000","6009515871550"
"TCTQ14030M","26","2438.0000","6009515900595"
"TCTQ1425-01","-1","1228.0000","6009515876197"
"TCTQ34500","12","15634.0000","6009515871611"
"TCTQ38060","3","5042.5000","6009515871567"
"TCTQ38135","7","7398.0000","6009515871574"
"TCTQ3830-01","-7","1261.0000","6009515876203"
"TCTQ3860-01","-6","1401.5000","6009515876210"
"TCTQ3860M","21","2185.5000","6009515900618"
"TCTQA12030","48","1400.5000","6009515900465"
"TCTQA12135","40","1400.5000","6009515900472"
"TCTQA12200","55","1400.5000","6009515900489"
"TCTQA12340","33","1400.5000","6009515900496"
"TCTQGM711","182","2084.0000","6009515904951"
"TCTQGM732","144","1468.0000","6009515906047"
"TCTS001","5","179.0000","6009515894832"
"TCTS002","128","179.0000","6009515894849"
"TCTS003","-6","179.0000","6009515894856"
"TCTSET2","407","148.5000","6009515839505"
"TCV04043-1","246","729.0000","6009515896669"
"TCV08075","539","291.0000","6009515804350"
"TCV09568","565","520.5000","6009515802967"
"TCV10100","42","1439.0000","6009515895365"
"TCV10100-SK01","12","458.5000","6009515895457"
"TCV10125","37","2033.0000","6009515895372"
"TCV10125-SK01","10","566.5000","6009515895464"
"TCV10150","47","2710.5000","6009515895389"
"TCV10150-SK01","6","631.0000","6009515895471"
"TCV11100","58","1590.0000","6009515895396"
"TCV11100-SK01","11","430.5000","6009515895488"
"TCV11125","40","2346.0000","6009515895402"
"TCV11125-SK01","12","523.5000","6009515895495"
"TCV11150","6","2971.5000","6009515895419"
"TCV11150-SK01","10","631.0000","6009515895501"
"TCV12175","37","3232.0000","6009515895426"
"TCV12175-SK01","20","816.5000","6009515895518"
"TCV13100","18","1459.5000","6009515895433"
"TCV13100-SK01","20","415.5000","6009515895525"
"TCV13125","5","1929.0000","6009515895440"
"TCV13125-SK01","19","448.0000","6009515895532"
"TCW CR10014","-124","176.5000","6009675088942"
"TCW CR10014-2","-25","150.0000","6009515818364"
"TCW CR10014-2B","940","142.5000","6009515866990"
"TCW CR10014B","873","168.5000","6009515824525"
"TCW CR12514","271","241.5000","6009675088959"
"TCW CR12514-2","337","235.0000","6009515818371"
"TCW CR12514-2B","283","221.5000","6009515866983"
"TCW CR12514B","268","228.0000","6009515824532"
"TCW CR15014","335","267.5000","6009675088966"
"TCW CR15014-2","398","280.5000","6009515818388"
"TCW CR15014-2B","694","267.5000","6009515866976"
"TCW CR15014B","244","246.5000","6009515824549"
"TCW CR6014","-489","94.6000","6009675088928"
"TCW CR6014-2","-31","98.0000","6009515818340"
"TCW CR6014-2B","-6","88.6000","6009515866969"
"TCW CR6014B","-18","90.2000","6009515824556"
"TCW CR7514","-577","107.5000","6009675088935"
"TCW CR7514-2","279","101.5000","6009515818357"
"TCW CR7514-2B","517","94.6000","6009515866952"
"TCW CR7514B","181","98.0000","6009515824563"
"TCW CRNS10014B","196","1565.5000","6009515856519"
"TCW CRNS6014B","257","488.5000","6009515856496"
"TCW HB01","117","40.0000","6009515813550"
"TCW HB02","-76","42.4000","6009515813567"
"TCW SP285590","574","63.8000","6009515828370"
"TCW SS10006","1","98.0000","6009515827397"
"TCW SS150","416","371.5000","6009515827410"
"TCW SS6306","308","90.2000","6009515827403"
"TCW TBB006","290","156.0000","6009515904852"
"TCW TBB008","494","22.6000","6009515904784"
"TCW TBB010","458","22.6000","6009515904791"
"TCW TBB012","471","22.6000","6009515904807"
"TCW TBB015","486","33.8000","6009515904814"
"TCW TBB017","517","33.8000","6009515904821"
"TCW TBB019","497","33.8000","6009515904838"
"TCW TBSS006","255","124.0000","6009515904845"
"TCW TBSS008","487","22.6000","6009515904722"
"TCW TBSS010","482","22.6000","6009515904739"
"TCW TBSS012","427","22.6000","6009515904746"
"TCW TBSS015","496","22.6000","6009515904753"
"TCW TBSS017","490","22.6000","6009515904760"
"TCW TBSS019","377","22.6000","6009515904777"
"TCW TW10014","-262","215.0000","6009675088997"
"TCW TW10014B","215","207.5000","6009515824570"
"TCW TW12014","304","266.5000","6009515800017"
"TCW TW12014B","224","254.5000","6009515824587"
"TCW TW12014HD","1","298.5000","6009515828530"
"TCW TW12014HD-B","0","280.5000","6009515867027"
"TCW TW12014HS","309","273.0000","6009515858018"
"TCW TW15014","240","350.5000","6009515826666"
"TCW TW15014B","223","337.5000","6009515861063"
"TCW TW15014HD","-27","390.0000","6009515828547"
"TCW TW6514","-578","129.0000","6009675088973"
"TCW TW6514B","297","120.0000","6009515824594"
"TCW TW8014","-650","137.5000","6009675088980"
"TCW TW8014B","-20","124.0000","6009515824600"
"TCW TWNS10014B","605","1625.5000","6009515856526"
"TCW TWNS6514B","1","520.0000","6009515856502"
"TCW TWNS8014B","100","585.0000","6009515856489"
"TCW003-1","463","107.0000","6009515809324"
"TCW003-2","45","77.0000","6009515809362"
"TCW003-3","9","298.5000","6009515819279"
"TCW003-4","80","273.0000","6009515819293"
"TCW004-1","431","137.5000","6009515809331"
"TCW004-2","250","150.0000","6009515809355"
"TCW005-1","1470","189.5000","6009515809348"
"TCW006-1","206","254.5000","6009515839178"
"TCW006-2","598","228.0000","6009515839185"
"TCW006-3","70","507.0000","6009515839192"
"TCW006-4","46","83.6000","6009515839208"
"TCW006-5","10","81.8000","6009515839215"
"TCW006-6","133","75.2000","6009515839222"
"TCW006-7","108","280.5000","6009515839239"
"TCW006-8","-42","338.0000","6009515839246"
"TCW006-9","80","440.0000","6009515839253"
"TCW010","157","501.5000","6009515819286"
"TCW125","164","92.2000","6009515884840"
"TCW150","437","228.0000","6009515800024"
"TCW150-2","166","220.5000","6009515828554"
"TCW150B","147","213.5000","6009515904401"
"TCW17230-1","3044","28.4000","6009515800048"
"TCW17230-2","702","66.8000","6009515867621"
"TCW17230-3","609","66.8000","6009515867638"
"TCW17230-4","353","48.6000","6009515867645"
"TCW200","74","306.5000","6009515810153"
"TCWB115-1","688","137.5000","6009515825331"
"TCWB115-2","1138","147.5000","6009515825348"
"TCWB115-2B","276","137.5000","6009515866945"
"TCWC5006","-139","47.2000","6009515805845"
"TCWC6306","17","55.0000","6009515805852"
"TCWC6506","-271","115.5000","6009515852764"
"TCWC7506","-78","60.0000","6009515805869"
"TCWC8006","120","68.0000","6009515805876"
"TCWE1206","671","39.2000","6009515805937"
"TCWE2406","-716","49.8000","6009515805944"
"TCWE2406HS","737","68.0000","6009515835743"
"TCWE3006","567","49.8000","6009515805951"
"TCWF115-1","602","47.0000","6009515911041"
"TCWF115-2","840","47.0000","6009515911072"
"TCWM001","22","193.0000","6009515844912"
"TCWM002","211","287.5000","6009515857356"
"TCWPC001","81","90.2000","6009515839260"
"TCWRA006","272","1165.5000","6009515867058"
"TCWS115-1","623","149.5000","6009515825355"
"TCWS115-2","1487","189.5000","6009515825362"
"TCWS175-1","454","347.5000","6009515825379"
"TCWS175-2","376","472.5000","6009515825386"
"TCWS300","71","210.0000","6009515869847"
"TCWS301","660","239.5000","6009515871048"
"TCWS302","1155","687.5000","6009515901004"
"TCWW10006","-194","69.4000","6009515805920"
"TCWW3806","87","34.0000","6009515805883"
"TCWW5006","1094","39.2000","6009515805890"
"TCWW6306","723","44.2000","6009515805906"
"TCWW7506","1011","58.8000","6009515805913"
"TCYC01401","-251","231.5000","6009515849153"
"TCYC1501","864","492.0000","6009515867744"
"TNS201","1501","56.2000","6009515842154"
"TNS202","585","65.2000","6009515842178"
"TNS203","833","70.8000","6009515842192"
"TNS204","784","70.8000","6009515842215"
"TNS205","160","73.0000","6009515842628"
"TNS206","676","55.2000","6009515842642"
"TNS206100C","665","60.8000","6009515842161"
"TNS207","935","61.8000","6009515842666"
"TNS208100C","742","70.8000","6009515842185"
"TNS210100C","472","77.4000","6009515842208"
"TNS212100C","719","77.4000","6009515842222"
"TNS213100C","684","81.0000","6009515842635"
"TNS238100C","828","61.8000","6009515842659"
"TNS2516100C","984","69.8000","6009515842673"
"TNS308065B","420","121.0000","6009515894917"
"TNS308065C","104","147.0000","6009515894900"
"TNS310065B","426","124.5000","6009515894931"
"TNS310065C","323","150.0000","6009515894924"
"TNS338065B","488","124.5000","6009515894894"
"TNS338065C","131","150.0000","6009515894887"
"TNS351665B","433","121.0000","6009515894870"
"TNS351665C","245","147.0000","6009515894863"
"TORKIT001","4","5564.5000","6009515886875"
"TORKIT002","10","3419.5000","6009515886899"
"TORKIT003","38","2465.0000","6009515884727"
"TORKIT004","4","2698.0000","6009515884734"
"TORKIT005","7","413.5000","6009515884741"
"TORKIT006","-2","249.5000","6009515884758"
"TORKIT007","18","330.5000","6009515884765"
"TORKIT008","5","206.0000","6009515884772"
"TORKIT009","6","808.0000","6009515884789"
"TORKIT010","7","476.0000","6009515884796"
"TORKIT011","-1","93.6000","6009515884802"
"TORKIT012","6","185.0000","6009515884819"
"TORKIT013","0","517.5000","6009515884826"
"TORKIT014","4","1542.5000","6009515884857"
"TORKIT015","10","2041.5000","6009515884864"
"TORKIT016","6","1110.0000","6009515883287"
"TORKIT017","2","2934.5000","6009515887605"
"TORKIT018","3","3161.0000","6009515887612"
"TORKIT019","17","3790.5000","6009515887629"
"TORKIT020","0","4017.5000","6009515887636"
"TORKIT021","9","1774.5000","6009515894825"
"TORKIT022","2","1613.0000","6009515901912"
"TORKIT023","2","2932.0000","6009515899219"
"TORKIT024","3","1682.0000","6009515895846"
"TORKIT025","4","2080.0000","6009515895853"
"TORKIT027","0","7156.0000","6009515895877"
"TORKIT028","1","6461.5000","6009515895884"
"TORKIT029","5","4902.5000","6009515895891"
"TORKIT031","-2","1993.5000","6009515896478"
"TORKIT032","2","1975.5000","6009515896485"
"TORKIT033","0","16207.0000","6009515896515"
"TORKIT034","0","20845.0000","6009515896522"
"TORKIT035","3","1817.0000","6009515896539"
"TORKIT036","37","3381.0000","6009515896591"
"TORKIT037","1","3985.0000","6009515896621"
"TORKIT038","4","3126.5000","6009515897741"
"TORKIT039","5","3288.5000","6009515897758"
"TORKIT040","5","3239.0000","6009515897765"
"TORKIT041","5","3312.0000","6009515897772"
"TORKIT042","2","2396.5000","6009515897789"
"TORKIT043","2","8596.5000",""
"TORKIT044","1","8886.5000",""
"TORKIT047","13","164.0000","6009515901080"
"TORKIT049","1","3279.0000","6009515901486"
"TORKIT050","2","4040.0000","6009515902117"
"TORKIT051","2","3708.5000","6009515902162"
"TORKIT052","3","6159.0000","6009515902186"
"TORKIT053","6","3275.0000","6009515903350"
"TORKIT055","18","4361.5000","6009515903404"
"TORKIT056","-1","20848.5000","6009515903985"
"TORKIT059","0","3979.5000","6009515910884"
"TORKIT060","0","3424.0000","6009515911294"
"TORKIT061","5","5211.5000","6009515911300"
"TORKIT062","1","7892.0000","6009515911317"
"TORKIT063","0","11913.0000","6009515911324"
"TORKIT230C","0","1981.0000","6009515889296"
"TORKIT230S","2","1981.0000","6009515889289"
"TP0001","0","0.0000",""
"TRI TRA001","76","8339.0000","5024763073939"
"TRIKIT001","8","8339.0000","6009515904555"
"TRIKIT002","0","8339.0000",""
"TRIKIT003","1","8339.0000",""
"TRIS116651","28","1183.5000","5024763166129"
"TRIS147442","0","293.5000","5024763166181"
"TRIS197022","3","34.2000","5024763269264"
"TRIS241880","2","57.2000","5024763166235"
"TRIS258626","1","29.4000","5024763166266"
"TRIS269275","2","7.9000","5024763221125"
"TRIS269323","2","31.6000","5024763166273"
"TRIS278621","1","3.6000","5024763166280"
"TRIS291600","9","53.0000","5024763166297"
"TRIS317061","45","248.0000","5024763097270"
"TRIS317801","15","1825.5000","5024763097287"
"TRIS320943","2","50.4000","5024763097416"
"TRIS320976","2","144.0000","5024763097423"
"TRIS321509","4","119.5000","5024763097447"
"TRIS321691","2","221.0000","5024763166303"
"TRIS323022","2","222.5000","5024763097485"
"TRIS323598","2","174.0000","5024763097522"
"TRIS324828","2","174.0000","5024763097577"
"TRIS327871","12","745.5000","5024763097737"
"TRIS331090","1","1991.5000","5024763166310"
"TRIS333115","1","60.4000","502473097942"
"TRIS333529","17","1916.0000","5024763273537"
"TRIS335206","2","60.4000","5024763097980"
"TRIS338056","72","277.0000","5024763098048"
"TRIS341974","1","667.5000","5024763098161"
"TRIS345458","0","196.5000","5024763098253"
"TRIS346899","2","174.0000","5024763098284"
"TRIS347294","1","174.0000","5024763098307"
"TRIS347296","2","174.0000","5024763098314"
"TRIS347694","2","82.8000","5024763098338"
"TRIS348836","-2","34.6000","5024763098376"
"TRIS349158","1","159.5000","5024763098383"
"TRIS350936","0","58.0000","5024763098499"
"TRIS353474","1","50.4000","5024763166327"
"TRIS355095","0","40.0000","5024763098611"
"TRIS355582","2","58.0000","5024763098635"
"TRIS357770","2","33.6000","5024763098727"
"TRIS359376","0","88.2000","5024763098796"
"TRIS361765","2","36.2000","5024763098871"
"TRIS361781","2","143.0000","5024763098888"
"TRIS362413","0","67.2000","5024763098925"
"TRIS362671","2","41.2000","5024763098932"
"TRIS363464","2","285.5000","5024763098970"
"TRIS365228","4","185.0000","5024763099014"
"TRIS366829","2","93.0000","5024763099090"
"TRIS369537","5","264.5000","5024763166365"
"TRIS370058","-1","373.5000","5024763099236"
"TRIS387372","5","97.0000",""
"TRIS415263","0","585.0000","5024763166389"
"TRIS429415","0","163.0000","5024763060991"
"TRIS451015","3","478.5000","5024763166396"
"TRIS464492","0","92.4000","5024763166402"
"TRIS516353","2","1031.5000","5024763128585"
"TRIS520575","5","1031.5000","502476363886"
"TRIS597658","11","863.5000","5024763107498"
"TRIS598361","-2","37.0000","5024763107559"
"TRIS600405","2","132.0000","5024763107719"
"TRIS601398","-4","3.6000","5024763107740"
"TRIS662419","3","369.5000","5024763280733"
"TRIS675409","-1","174.0000","5024763118814"
"TRIS704520","2","1031.5000",""
"TRIS721116","-2","1031.5000","5024763128561"
"TRIS729778","1","14.9000","5024763269240"
"TRIS761243","0","1031.5000","5024763128554"
"TRIS832259","2","92.4000","5024763166563"
"TRIS833322","2","228.0000","5024763269233"
"TRIS907716","3","2053.0000","524763110740"
"TRIS965128","45","164.0000","5024763166624"
"TS10115","347","68.0000","6009675086085"
"TS10230","1449","300.5000","6009515818883"
"TS20115","8450","66.4000","6009675086092"
"TS20230","-1904","178.5000","6009675086108"
"TS40115","1337","84.2000","6009515818876"
"TS40230","578","306.0000","6009515818890"
"TTP302510","1832","27.0000","6009515894696"
"TW10115","-1563","64.2000","6009515803865"
"TW10230","503","226.5000","6009515812638"
"TW20115","2540","61.8000","6009515802189"
"TW20115-5P","148","291.0000","6009515839864"
"TW20230","1620","216.5000","6009515802196"
"TW20230-115","357","258.0000","6009515824815"
"TW40115","1013","97.8000","6009515809270"
"TW40230","373","314.0000","6009515809287"
"TZ AC11A","150","395.5000","6009600409101"
"TZ AC23","1039","156.5000","6009600409156"
"TZ AC23-01","715","99.0000","6009515903343"
"TZ AC26","-8","540.5000","6009600409088"
"TZ AC26-02","37","5.7000","6009515907938"
"TZ AC26-10-12","231","190.0000","6009675082889"
"TZ AC26-6","924","155.5000","6009675082865"
"TZ AC26-8","395","159.0000","6009675082872"
"TZ AC27","393","74.8000","6009600409095"
"TZ AC27-B","8","50.8000",""
"TZ C2506","184","769.5000","6009515896171"
"TZ C2506-1","229","88.8000","6009515896188"
"TZ C2506-2","0","14.6000","6009515912727"
"TZ C2506-3","0","14.6000","6009515912734"
"TZ SQ250401C","809","72.2000","6009515840730"
"TZ SQ500401C","-28","81.8000","6009515840747"
"VSBUF001","867","115.0000","6009515870058"
"W60008","19","481.0000","6009515803056"
"W60010","15","514.0000","6009515803063"
"W60012","20","530.0000","6009515803070"
"W60016","36","578.0000","6009515803087"
"W60020","19","633.0000","6009515803094"
"W60022","45","658.5000","6009515803100"
"W60025","-2","732.0000","6009515803117"
"WATER500","1842","13.6000","6009515828295"
"X123ABP1-E2","252","154.0000","8888021300086"
"X1CR2BP1-E2","-18","178.5000","8888021300208"
"X223ABP1-E2","57","274.0000","8888021300079"
"XL91BP2-E2","100","209.5000","9312931540380"
"XL91BP4-E2","150","385.0000","8888021300611"
"XL92BP2-E2","117","209.5000","039800079305"
"XTC00137","26","178.1000","6009600408647"
